Entity,Code,Year,Annual CO₂ emissions from flaring
Afghanistan,AFG,1970,297436
Afghanistan,AFG,1971,304112
Afghanistan,AFG,1972,366400
Afghanistan,AFG,1973,223005
Afghanistan,AFG,1974,367102
Afghanistan,AFG,1975,303589
Afghanistan,AFG,1976,293120
Afghanistan,AFG,1977,381056
Afghanistan,AFG,1978,282608
Afghanistan,AFG,1979,267472
Afghanistan,AFG,1980,304747
Afghanistan,AFG,1981,293120
Afghanistan,AFG,1982,282128
Afghanistan,AFG,1983,293120
Afghanistan,AFG,1984,315513
Afghanistan,AFG,1985,330105
Afghanistan,AFG,1986,329760
Afghanistan,AFG,1987,223242
Afghanistan,AFG,1988,186864
Afghanistan,AFG,1989,40304
Afghanistan,AFG,1990,25648
Afghanistan,AFG,1991,25697
Afghanistan,AFG,1992,21984
Afghanistan,AFG,1993,21984
Afghanistan,AFG,1994,22039
Afghanistan,AFG,1995,21984
Afghanistan,AFG,1996,21984
Afghanistan,AFG,1997,21984
Afghanistan,AFG,1998,21984
Afghanistan,AFG,1999,21984
Afghanistan,AFG,2000,21984
Afghanistan,AFG,2001,21984
Afghanistan,AFG,2002,0
Afghanistan,AFG,2003,0
Afghanistan,AFG,2004,0
Afghanistan,AFG,2005,0
Afghanistan,AFG,2006,0
Afghanistan,AFG,2007,0
Afghanistan,AFG,2008,0
Afghanistan,AFG,2009,0
Afghanistan,AFG,2010,0
Afghanistan,AFG,2011,0
Afghanistan,AFG,2012,0
Afghanistan,AFG,2013,0
Afghanistan,AFG,2014,0
Afghanistan,AFG,2015,0
Afghanistan,AFG,2016,0
Afghanistan,AFG,2017,0
Afghanistan,AFG,2018,0
Afghanistan,AFG,2019,0
Afghanistan,AFG,2020,0
Afghanistan,AFG,2021,0
Afghanistan,AFG,2022,0
Afghanistan,AFG,2023,0
Afghanistan,AFG,2024,0
Africa,OWID_AFR,1949,0
Africa,OWID_AFR,1950,0
Africa,OWID_AFR,1951,0
Africa,OWID_AFR,1952,0
Africa,OWID_AFR,1953,0
Africa,OWID_AFR,1954,0
Africa,OWID_AFR,1955,0
Africa,OWID_AFR,1956,0
Africa,OWID_AFR,1957,0
Africa,OWID_AFR,1958,0
Africa,OWID_AFR,1959,0
Africa,OWID_AFR,1960,0
Africa,OWID_AFR,1961,0
Africa,OWID_AFR,1962,0
Africa,OWID_AFR,1963,1146832
Africa,OWID_AFR,1964,1876914
Africa,OWID_AFR,1965,4947942
Africa,OWID_AFR,1966,5193363
Africa,OWID_AFR,1967,20763402
Africa,OWID_AFR,1968,29667770
Africa,OWID_AFR,1969,38325700
Africa,OWID_AFR,1970,54935440
Africa,OWID_AFR,1971,55975990
Africa,OWID_AFR,1972,64649904
Africa,OWID_AFR,1973,80005650
Africa,OWID_AFR,1974,81362400
Africa,OWID_AFR,1975,64308812
Africa,OWID_AFR,1976,77799780
Africa,OWID_AFR,1977,71549440
Africa,OWID_AFR,1978,71705960
Africa,OWID_AFR,1979,87718560
Africa,OWID_AFR,1980,76248300
Africa,OWID_AFR,1981,52539028
Africa,OWID_AFR,1982,44949930
Africa,OWID_AFR,1983,41279210
Africa,OWID_AFR,1984,45563536
Africa,OWID_AFR,1985,51400376
Africa,OWID_AFR,1986,53018116
Africa,OWID_AFR,1987,44862016
Africa,OWID_AFR,1988,49233184
Africa,OWID_AFR,1989,22048068
Africa,OWID_AFR,1990,20864704
Africa,OWID_AFR,1991,20798772
Africa,OWID_AFR,1992,23233424
Africa,OWID_AFR,1993,21592254
Africa,OWID_AFR,1994,92812410
Africa,OWID_AFR,1995,104283200
Africa,OWID_AFR,1996,119662104
Africa,OWID_AFR,1997,107882020
Africa,OWID_AFR,1998,101273320
Africa,OWID_AFR,1999,96475736
Africa,OWID_AFR,2000,103379910
Africa,OWID_AFR,2001,98199900
Africa,OWID_AFR,2002,82497624
Africa,OWID_AFR,2003,91857390
Africa,OWID_AFR,2004,88023704
Africa,OWID_AFR,2005,85869160
Africa,OWID_AFR,2006,80200810
Africa,OWID_AFR,2007,70940600
Africa,OWID_AFR,2008,71028420
Africa,OWID_AFR,2009,66473836
Africa,OWID_AFR,2010,69367944
Africa,OWID_AFR,2011,67139820
Africa,OWID_AFR,2012,65086492
Africa,OWID_AFR,2013,62478416
Africa,OWID_AFR,2014,60937320
Africa,OWID_AFR,2015,61322944
Africa,OWID_AFR,2016,57903576
Africa,OWID_AFR,2017,60307976
Africa,OWID_AFR,2018,59538616
Africa,OWID_AFR,2019,60450890
Africa,OWID_AFR,2020,54768860
Africa,OWID_AFR,2021,56723430
Africa,OWID_AFR,2022,54754310
Africa,OWID_AFR,2023,55825988
Africa,OWID_AFR,2024,55162716
Albania,ALB,1994,0
Albania,ALB,1995,0
Albania,ALB,1996,0
Albania,ALB,1997,0
Albania,ALB,1998,0
Albania,ALB,1999,0
Albania,ALB,2000,0
Albania,ALB,2001,0
Albania,ALB,2002,0
Albania,ALB,2003,0
Albania,ALB,2004,0
Albania,ALB,2005,0
Albania,ALB,2006,0
Albania,ALB,2007,0
Albania,ALB,2008,0
Albania,ALB,2009,0
Albania,ALB,2010,0
Albania,ALB,2011,0
Albania,ALB,2012,0
Albania,ALB,2013,225
Albania,ALB,2014,11573
Albania,ALB,2015,35407
Albania,ALB,2016,39877
Albania,ALB,2017,30763
Albania,ALB,2018,13859
Albania,ALB,2019,4474
Albania,ALB,2020,192
Albania,ALB,2021,0
Albania,ALB,2022,15362
Albania,ALB,2023,549
Albania,ALB,2024,658
Algeria,DZA,1970,6657488
Algeria,DZA,1971,8980464
Algeria,DZA,1972,16821424
Algeria,DZA,1973,24435216
Algeria,DZA,1974,18653424
Algeria,DZA,1975,14991372
Algeria,DZA,1976,20758282
Algeria,DZA,1977,22892672
Algeria,DZA,1978,23541200
Algeria,DZA,1979,19283632
Algeria,DZA,1980,18686400
Algeria,DZA,1981,12945934
Algeria,DZA,1982,9258928
Algeria,DZA,1983,8405802
Algeria,DZA,1984,10981008
Algeria,DZA,1985,16407393
Algeria,DZA,1986,14425168
Algeria,DZA,1987,12116848
Algeria,DZA,1988,11061133
Algeria,DZA,1989,11772432
Algeria,DZA,1990,8694672
Algeria,DZA,1991,8654368
Algeria,DZA,1992,13897552
Algeria,DZA,1993,12941248
Algeria,DZA,1994,15665406
Algeria,DZA,1995,17374830
Algeria,DZA,1996,17652674
Algeria,DZA,1997,14690675
Algeria,DZA,1998,13248844
Algeria,DZA,1999,12732612
Algeria,DZA,2000,14286836
Algeria,DZA,2001,11489913
Algeria,DZA,2002,9877530
Algeria,DZA,2003,11790861
Algeria,DZA,2004,10866438
Algeria,DZA,2005,10704512
Algeria,DZA,2006,12116313
Algeria,DZA,2007,10478951
Algeria,DZA,2008,11582153
Algeria,DZA,2009,9256781
Algeria,DZA,2010,10151224
Algeria,DZA,2011,12219103
Algeria,DZA,2012,14286982
Algeria,DZA,2013,15393576
Algeria,DZA,2014,16352831
Algeria,DZA,2015,17164588
Algeria,DZA,2016,16072874
Algeria,DZA,2017,16549891
Algeria,DZA,2018,16391182
Algeria,DZA,2019,16973718
Algeria,DZA,2020,17529516
Algeria,DZA,2021,15332941
Algeria,DZA,2022,16194351
Algeria,DZA,2023,15377626
Algeria,DZA,2024,14818216
Andorra,AND,1994,0
Andorra,AND,1995,0
Andorra,AND,1996,0
Andorra,AND,1997,0
Andorra,AND,1998,0
Andorra,AND,1999,0
Andorra,AND,2000,0
Andorra,AND,2001,0
Andorra,AND,2002,0
Andorra,AND,2003,0
Andorra,AND,2004,0
Andorra,AND,2005,0
Andorra,AND,2006,0
Andorra,AND,2007,0
Andorra,AND,2008,0
Andorra,AND,2009,0
Andorra,AND,2010,0
Andorra,AND,2011,0
Andorra,AND,2012,0
Andorra,AND,2013,0
Andorra,AND,2014,0
Andorra,AND,2015,0
Andorra,AND,2016,0
Andorra,AND,2017,0
Andorra,AND,2018,0
Andorra,AND,2019,0
Andorra,AND,2020,0
Andorra,AND,2021,0
Andorra,AND,2022,0
Andorra,AND,2023,0
Andorra,AND,2024,0
Angola,AGO,1970,1482403
Angola,AGO,1971,1387164
Angola,AGO,1972,1599866
Angola,AGO,1973,1835664
Angola,AGO,1974,1911170
Angola,AGO,1975,1780704
Angola,AGO,1976,1088208
Angola,AGO,1977,2172752
Angola,AGO,1978,2396256
Angola,AGO,1979,2396256
Angola,AGO,1980,2416233
Angola,AGO,1981,2216720
Angola,AGO,1982,2193006
Angola,AGO,1983,2268016
Angola,AGO,1984,2317344
Angola,AGO,1985,2341296
Angola,AGO,1986,2366944
Angola,AGO,1987,2414576
Angola,AGO,1988,2421904
Angola,AGO,1989,2442012
Angola,AGO,1990,1497501
Angola,AGO,1991,1592691
Angola,AGO,1992,1685440
Angola,AGO,1993,1630480
Angola,AGO,1994,6819191
Angola,AGO,1995,8475456
Angola,AGO,1996,10822931
Angola,AGO,1997,11365193
Angola,AGO,1998,12524154
Angola,AGO,1999,12421587
Angola,AGO,2000,11161636
Angola,AGO,2001,10396163
Angola,AGO,2002,9663046
Angola,AGO,2003,9151314
Angola,AGO,2004,9167842
Angola,AGO,2005,8882396
Angola,AGO,2006,7544757
Angola,AGO,2007,6651114
Angola,AGO,2008,6575202
Angola,AGO,2009,6389022
Angola,AGO,2010,7664626
Angola,AGO,2011,6884233
Angola,AGO,2012,6103840
Angola,AGO,2013,5946358
Angola,AGO,2014,6559991
Angola,AGO,2015,7867302
Angola,AGO,2016,8298772
Angola,AGO,2017,7144706
Angola,AGO,2018,5251287
Angola,AGO,2019,4371177
Angola,AGO,2020,3508729
Angola,AGO,2021,3385980
Angola,AGO,2022,3151164
Angola,AGO,2023,3453200
Angola,AGO,2024,3874492
Anguilla,AIA,1994,0
Anguilla,AIA,1995,0
Anguilla,AIA,1996,0
Anguilla,AIA,1997,0
Anguilla,AIA,1998,0
Anguilla,AIA,1999,0
Anguilla,AIA,2000,0
Anguilla,AIA,2001,0
Anguilla,AIA,2002,0
Anguilla,AIA,2003,0
Anguilla,AIA,2004,0
Anguilla,AIA,2005,0
Anguilla,AIA,2006,0
Anguilla,AIA,2007,0
Anguilla,AIA,2008,0
Anguilla,AIA,2009,0
Anguilla,AIA,2010,0
Anguilla,AIA,2011,0
Anguilla,AIA,2012,0
Anguilla,AIA,2013,0
Anguilla,AIA,2014,0
Anguilla,AIA,2015,0
Anguilla,AIA,2016,0
Anguilla,AIA,2017,0
Anguilla,AIA,2018,0
Anguilla,AIA,2019,0
Anguilla,AIA,2020,0
Anguilla,AIA,2021,0
Anguilla,AIA,2022,0
Anguilla,AIA,2023,0
Anguilla,AIA,2024,0
Antarctica,ATA,1994,0
Antarctica,ATA,1995,0
Antarctica,ATA,1996,0
Antarctica,ATA,1997,0
Antarctica,ATA,1998,0
Antarctica,ATA,1999,0
Antarctica,ATA,2000,0
Antarctica,ATA,2001,0
Antarctica,ATA,2002,0
Antarctica,ATA,2003,0
Antarctica,ATA,2004,0
Antarctica,ATA,2005,0
Antarctica,ATA,2006,0
Antarctica,ATA,2007,0
Antarctica,ATA,2008,0
Antarctica,ATA,2009,0
Antarctica,ATA,2010,0
Antarctica,ATA,2011,0
Antarctica,ATA,2012,0
Antarctica,ATA,2013,0
Antarctica,ATA,2014,0
Antarctica,ATA,2015,0
Antarctica,ATA,2016,0
Antarctica,ATA,2017,0
Antarctica,ATA,2018,0
Antarctica,ATA,2019,0
Antarctica,ATA,2020,0
Antarctica,ATA,2021,0
Antarctica,ATA,2022,0
Antarctica,ATA,2023,0
Antarctica,ATA,2024,0
Antigua and Barbuda,ATG,1950,0
Antigua and Barbuda,ATG,1951,0
Antigua and Barbuda,ATG,1952,0
Antigua and Barbuda,ATG,1953,0
Antigua and Barbuda,ATG,1954,0
Antigua and Barbuda,ATG,1955,0
Antigua and Barbuda,ATG,1956,0
Antigua and Barbuda,ATG,1994,0
Antigua and Barbuda,ATG,1995,0
Antigua and Barbuda,ATG,1996,0
Antigua and Barbuda,ATG,1997,0
Antigua and Barbuda,ATG,1998,0
Antigua and Barbuda,ATG,1999,0
Antigua and Barbuda,ATG,2000,0
Antigua and Barbuda,ATG,2001,0
Antigua and Barbuda,ATG,2002,0
Antigua and Barbuda,ATG,2003,0
Antigua and Barbuda,ATG,2004,0
Antigua and Barbuda,ATG,2005,0
Antigua and Barbuda,ATG,2006,0
Antigua and Barbuda,ATG,2007,0
Antigua and Barbuda,ATG,2008,0
Antigua and Barbuda,ATG,2009,0
Antigua and Barbuda,ATG,2010,0
Antigua and Barbuda,ATG,2011,0
Antigua and Barbuda,ATG,2012,0
Antigua and Barbuda,ATG,2013,0
Antigua and Barbuda,ATG,2014,0
Antigua and Barbuda,ATG,2015,0
Antigua and Barbuda,ATG,2016,0
Antigua and Barbuda,ATG,2017,0
Antigua and Barbuda,ATG,2018,0
Antigua and Barbuda,ATG,2019,0
Antigua and Barbuda,ATG,2020,0
Antigua and Barbuda,ATG,2021,0
Antigua and Barbuda,ATG,2022,0
Antigua and Barbuda,ATG,2023,0
Antigua and Barbuda,ATG,2024,0
Argentina,ARG,1966,2344960
Argentina,ARG,1967,2795945
Argentina,ARG,1968,2876240
Argentina,ARG,1969,2832272
Argentina,ARG,1970,2810288
Argentina,ARG,1971,2843264
Argentina,ARG,1972,2744336
Argentina,ARG,1973,3129056
Argentina,ARG,1974,3063104
Argentina,ARG,1975,3902160
Argentina,ARG,1976,5283488
Argentina,ARG,1977,5407867
Argentina,ARG,1978,6250561
Argentina,ARG,1979,6598864
Argentina,ARG,1980,6155520
Argentina,ARG,1981,5144256
Argentina,ARG,1982,5595126
Argentina,ARG,1983,5195552
Argentina,ARG,1984,7148710
Argentina,ARG,1985,6188270
Argentina,ARG,1986,4803504
Argentina,ARG,1987,4777856
Argentina,ARG,1988,5869905
Argentina,ARG,1989,6261776
Argentina,ARG,1990,4785184
Argentina,ARG,1991,4103680.2
Argentina,ARG,1992,3997424
Argentina,ARG,1993,4752356
Argentina,ARG,1994,1978066
Argentina,ARG,1995,2886812
Argentina,ARG,1996,2150744
Argentina,ARG,1997,2205528
Argentina,ARG,1998,1692871
Argentina,ARG,1999,1883376
Argentina,ARG,2000,1465784
Argentina,ARG,2001,1506541
Argentina,ARG,2002,1509591
Argentina,ARG,2003,1297408
Argentina,ARG,2004,1090624
Argentina,ARG,2005,912796
Argentina,ARG,2006,799053
Argentina,ARG,2007,694586
Argentina,ARG,2008,599396
Argentina,ARG,2009,693311
Argentina,ARG,2010,612448
Argentina,ARG,2011,871624
Argentina,ARG,2012,1130801
Argentina,ARG,2013,1291296
Argentina,ARG,2014,1388263
Argentina,ARG,2015,1217512
Argentina,ARG,2016,841232
Argentina,ARG,2017,959820
Argentina,ARG,2018,1358780
Argentina,ARG,2019,1770641
Argentina,ARG,2020,1986565
Argentina,ARG,2021,2324761
Argentina,ARG,2022,2195047
Argentina,ARG,2023,2053813
Argentina,ARG,2024,2537511
Armenia,ARM,1830,0
Armenia,ARM,1831,0
Armenia,ARM,1832,0
Armenia,ARM,1833,0
Armenia,ARM,1850,0
Armenia,ARM,1855,0
Armenia,ARM,1858,0
Armenia,ARM,1859,0
Armenia,ARM,1860,0
Armenia,ARM,1861,0
Armenia,ARM,1862,0
Armenia,ARM,1863,0
Armenia,ARM,1864,0
Armenia,ARM,1865,0
Armenia,ARM,1866,0
Armenia,ARM,1867,0
Armenia,ARM,1868,0
Armenia,ARM,1869,0
Armenia,ARM,1870,0
Armenia,ARM,1871,0
Armenia,ARM,1872,0
Armenia,ARM,1873,0
Armenia,ARM,1874,0
Armenia,ARM,1875,0
Armenia,ARM,1876,0
Armenia,ARM,1877,0
Armenia,ARM,1878,0
Armenia,ARM,1879,0
Armenia,ARM,1880,0
Armenia,ARM,1881,0
Armenia,ARM,1882,0
Armenia,ARM,1883,0
Armenia,ARM,1884,0
Armenia,ARM,1885,0
Armenia,ARM,1886,0
Armenia,ARM,1887,0
Armenia,ARM,1888,0
Armenia,ARM,1889,0
Armenia,ARM,1890,0
Armenia,ARM,1891,0
Armenia,ARM,1892,0
Armenia,ARM,1893,0
Armenia,ARM,1894,0
Armenia,ARM,1895,0
Armenia,ARM,1896,0
Armenia,ARM,1897,0
Armenia,ARM,1898,0
Armenia,ARM,1899,0
Armenia,ARM,1900,0
Armenia,ARM,1901,0
Armenia,ARM,1902,0
Armenia,ARM,1903,0
Armenia,ARM,1904,0
Armenia,ARM,1905,0
Armenia,ARM,1906,0
Armenia,ARM,1907,0
Armenia,ARM,1908,0
Armenia,ARM,1909,0
Armenia,ARM,1910,0
Armenia,ARM,1911,0
Armenia,ARM,1912,0
Armenia,ARM,1913,0
Armenia,ARM,1914,0
Armenia,ARM,1915,0
Armenia,ARM,1916,0
Armenia,ARM,1917,0
Armenia,ARM,1918,0
Armenia,ARM,1919,0
Armenia,ARM,1920,0
Armenia,ARM,1921,0
Armenia,ARM,1922,0
Armenia,ARM,1923,0
Armenia,ARM,1924,0
Armenia,ARM,1925,0
Armenia,ARM,1926,0
Armenia,ARM,1927,0
Armenia,ARM,1928,0
Armenia,ARM,1929,0
Armenia,ARM,1930,0
Armenia,ARM,1931,0
Armenia,ARM,1932,0
Armenia,ARM,1933,0
Armenia,ARM,1934,0
Armenia,ARM,1935,0
Armenia,ARM,1936,0
Armenia,ARM,1937,0
Armenia,ARM,1938,0
Armenia,ARM,1939,0
Armenia,ARM,1940,0
Armenia,ARM,1941,0
Armenia,ARM,1942,0
Armenia,ARM,1943,0
Armenia,ARM,1944,0
Armenia,ARM,1945,0
Armenia,ARM,1946,0
Armenia,ARM,1947,0
Armenia,ARM,1948,0
Armenia,ARM,1949,0
Armenia,ARM,1950,0
Armenia,ARM,1951,0
Armenia,ARM,1952,0
Armenia,ARM,1953,0
Armenia,ARM,1954,0
Armenia,ARM,1955,0
Armenia,ARM,1956,0
Armenia,ARM,1957,0
Armenia,ARM,1958,0
Armenia,ARM,1959,0
Armenia,ARM,1960,0
Armenia,ARM,1961,0
Armenia,ARM,1962,0
Armenia,ARM,1963,0
Armenia,ARM,1964,0
Armenia,ARM,1965,0
Armenia,ARM,1966,0
Armenia,ARM,1967,0
Armenia,ARM,1968,0
Armenia,ARM,1969,0
Armenia,ARM,1970,0
Armenia,ARM,1971,94676
Armenia,ARM,1972,89393
Armenia,ARM,1973,104344
Armenia,ARM,1974,112286
Armenia,ARM,1975,123446
Armenia,ARM,1976,136479
Armenia,ARM,1977,146185
Armenia,ARM,1978,154116
Armenia,ARM,1979,83603
Armenia,ARM,1980,84475
Armenia,ARM,1981,81164
Armenia,ARM,1982,80745
Armenia,ARM,1983,78918
Armenia,ARM,1984,77548
Armenia,ARM,1985,84806
Armenia,ARM,1986,74209
Armenia,ARM,1987,68062
Armenia,ARM,1988,149687
Armenia,ARM,1989,145965
Armenia,ARM,1990,96559
Armenia,ARM,1991,89827
Armenia,ARM,1994,0
Armenia,ARM,1995,0
Armenia,ARM,1996,0
Armenia,ARM,1997,0
Armenia,ARM,1998,0
Armenia,ARM,1999,0
Armenia,ARM,2000,0
Armenia,ARM,2001,0
Armenia,ARM,2002,0
Armenia,ARM,2003,0
Armenia,ARM,2004,0
Armenia,ARM,2005,0
Armenia,ARM,2006,0
Armenia,ARM,2007,0
Armenia,ARM,2008,0
Armenia,ARM,2009,0
Armenia,ARM,2010,0
Armenia,ARM,2011,0
Armenia,ARM,2012,0
Armenia,ARM,2013,0
Armenia,ARM,2014,0
Armenia,ARM,2015,0
Armenia,ARM,2016,0
Armenia,ARM,2017,0
Armenia,ARM,2018,0
Armenia,ARM,2019,0
Armenia,ARM,2020,0
Armenia,ARM,2021,0
Armenia,ARM,2022,0
Armenia,ARM,2023,0
Armenia,ARM,2024,0
Aruba,ABW,1926,0
Aruba,ABW,1927,0
Aruba,ABW,1928,0
Aruba,ABW,1929,0
Aruba,ABW,1930,0
Aruba,ABW,1931,0
Aruba,ABW,1932,0
Aruba,ABW,1933,0
Aruba,ABW,1934,0
Aruba,ABW,1935,0
Aruba,ABW,1936,0
Aruba,ABW,1937,0
Aruba,ABW,1938,0
Aruba,ABW,1939,0
Aruba,ABW,1940,0
Aruba,ABW,1941,0
Aruba,ABW,1942,0
Aruba,ABW,1943,0
Aruba,ABW,1944,0
Aruba,ABW,1945,0
Aruba,ABW,1946,0
Aruba,ABW,1947,0
Aruba,ABW,1948,0
Aruba,ABW,1949,0
Aruba,ABW,1950,0
Aruba,ABW,1951,0
Aruba,ABW,1952,0
Aruba,ABW,1953,0
Aruba,ABW,1954,0
Aruba,ABW,1955,0
Aruba,ABW,1956,0
Aruba,ABW,1957,0
Aruba,ABW,1958,0
Aruba,ABW,1959,0
Aruba,ABW,1960,0
Aruba,ABW,1961,0
Aruba,ABW,1962,0
Aruba,ABW,1963,0
Aruba,ABW,1964,0
Aruba,ABW,1965,0
Aruba,ABW,1966,0
Aruba,ABW,1967,0
Aruba,ABW,1968,0
Aruba,ABW,1969,0
Aruba,ABW,1970,0
Aruba,ABW,1971,0
Aruba,ABW,1972,0
Aruba,ABW,1973,0
Aruba,ABW,1974,0
Aruba,ABW,1975,0
Aruba,ABW,1976,0
Aruba,ABW,1977,0
Aruba,ABW,1978,0
Aruba,ABW,1979,0
Aruba,ABW,1980,0
Aruba,ABW,1981,0
Aruba,ABW,1982,0
Aruba,ABW,1983,0
Aruba,ABW,1984,0
Aruba,ABW,1985,0
Aruba,ABW,1994,0
Aruba,ABW,1995,0
Aruba,ABW,1996,0
Aruba,ABW,1997,0
Aruba,ABW,1998,0
Aruba,ABW,1999,0
Aruba,ABW,2000,0
Aruba,ABW,2001,0
Aruba,ABW,2002,0
Aruba,ABW,2003,0
Aruba,ABW,2004,0
Aruba,ABW,2005,0
Aruba,ABW,2006,0
Aruba,ABW,2007,0
Aruba,ABW,2008,0
Aruba,ABW,2009,0
Aruba,ABW,2010,0
Aruba,ABW,2011,0
Aruba,ABW,2012,0
Aruba,ABW,2013,0
Aruba,ABW,2014,0
Aruba,ABW,2015,0
Aruba,ABW,2016,0
Aruba,ABW,2017,0
Aruba,ABW,2018,0
Aruba,ABW,2019,0
Aruba,ABW,2020,0
Aruba,ABW,2021,0
Aruba,ABW,2022,0
Aruba,ABW,2023,0
Aruba,ABW,2024,0
Asia,OWID_ASI,1750,0
Asia,OWID_ASI,1751,0
Asia,OWID_ASI,1752,0
Asia,OWID_ASI,1753,0
Asia,OWID_ASI,1754,0
Asia,OWID_ASI,1755,0
Asia,OWID_ASI,1756,0
Asia,OWID_ASI,1757,0
Asia,OWID_ASI,1758,0
Asia,OWID_ASI,1759,0
Asia,OWID_ASI,1760,0
Asia,OWID_ASI,1761,0
Asia,OWID_ASI,1762,0
Asia,OWID_ASI,1763,0
Asia,OWID_ASI,1764,0
Asia,OWID_ASI,1765,0
Asia,OWID_ASI,1766,0
Asia,OWID_ASI,1767,0
Asia,OWID_ASI,1768,0
Asia,OWID_ASI,1769,0
Asia,OWID_ASI,1770,0
Asia,OWID_ASI,1771,0
Asia,OWID_ASI,1772,0
Asia,OWID_ASI,1773,0
Asia,OWID_ASI,1774,0
Asia,OWID_ASI,1775,0
Asia,OWID_ASI,1776,0
Asia,OWID_ASI,1777,0
Asia,OWID_ASI,1778,0
Asia,OWID_ASI,1779,0
Asia,OWID_ASI,1780,0
Asia,OWID_ASI,1781,0
Asia,OWID_ASI,1782,0
Asia,OWID_ASI,1783,0
Asia,OWID_ASI,1784,0
Asia,OWID_ASI,1785,0
Asia,OWID_ASI,1786,0
Asia,OWID_ASI,1787,0
Asia,OWID_ASI,1788,0
Asia,OWID_ASI,1789,0
Asia,OWID_ASI,1790,0
Asia,OWID_ASI,1791,0
Asia,OWID_ASI,1792,0
Asia,OWID_ASI,1793,0
Asia,OWID_ASI,1794,0
Asia,OWID_ASI,1795,0
Asia,OWID_ASI,1796,0
Asia,OWID_ASI,1797,0
Asia,OWID_ASI,1798,0
Asia,OWID_ASI,1799,0
Asia,OWID_ASI,1800,0
Asia,OWID_ASI,1801,0
Asia,OWID_ASI,1802,0
Asia,OWID_ASI,1803,0
Asia,OWID_ASI,1804,0
Asia,OWID_ASI,1805,0
Asia,OWID_ASI,1806,0
Asia,OWID_ASI,1807,0
Asia,OWID_ASI,1808,0
Asia,OWID_ASI,1809,0
Asia,OWID_ASI,1810,0
Asia,OWID_ASI,1811,0
Asia,OWID_ASI,1812,0
Asia,OWID_ASI,1813,0
Asia,OWID_ASI,1814,0
Asia,OWID_ASI,1815,0
Asia,OWID_ASI,1816,0
Asia,OWID_ASI,1817,0
Asia,OWID_ASI,1818,0
Asia,OWID_ASI,1819,0
Asia,OWID_ASI,1820,0
Asia,OWID_ASI,1821,0
Asia,OWID_ASI,1822,0
Asia,OWID_ASI,1823,0
Asia,OWID_ASI,1824,0
Asia,OWID_ASI,1825,0
Asia,OWID_ASI,1826,0
Asia,OWID_ASI,1827,0
Asia,OWID_ASI,1828,0
Asia,OWID_ASI,1829,0
Asia,OWID_ASI,1830,0
Asia,OWID_ASI,1831,0
Asia,OWID_ASI,1832,0
Asia,OWID_ASI,1833,0
Asia,OWID_ASI,1834,0
Asia,OWID_ASI,1835,0
Asia,OWID_ASI,1836,0
Asia,OWID_ASI,1837,0
Asia,OWID_ASI,1838,0
Asia,OWID_ASI,1839,0
Asia,OWID_ASI,1840,0
Asia,OWID_ASI,1841,0
Asia,OWID_ASI,1842,0
Asia,OWID_ASI,1843,0
Asia,OWID_ASI,1844,0
Asia,OWID_ASI,1845,0
Asia,OWID_ASI,1846,0
Asia,OWID_ASI,1847,0
Asia,OWID_ASI,1848,0
Asia,OWID_ASI,1849,0
Asia,OWID_ASI,1850,0
Asia,OWID_ASI,1851,0
Asia,OWID_ASI,1852,0
Asia,OWID_ASI,1853,0
Asia,OWID_ASI,1854,0
Asia,OWID_ASI,1855,0
Asia,OWID_ASI,1856,0
Asia,OWID_ASI,1857,0
Asia,OWID_ASI,1858,0
Asia,OWID_ASI,1859,0
Asia,OWID_ASI,1860,0
Asia,OWID_ASI,1861,0
Asia,OWID_ASI,1862,0
Asia,OWID_ASI,1863,0
Asia,OWID_ASI,1864,0
Asia,OWID_ASI,1865,0
Asia,OWID_ASI,1866,0
Asia,OWID_ASI,1867,0
Asia,OWID_ASI,1868,0
Asia,OWID_ASI,1869,0
Asia,OWID_ASI,1870,0
Asia,OWID_ASI,1871,0
Asia,OWID_ASI,1872,0
Asia,OWID_ASI,1873,0
Asia,OWID_ASI,1874,0
Asia,OWID_ASI,1875,0
Asia,OWID_ASI,1876,0
Asia,OWID_ASI,1877,0
Asia,OWID_ASI,1878,0
Asia,OWID_ASI,1879,0
Asia,OWID_ASI,1880,0
Asia,OWID_ASI,1881,0
Asia,OWID_ASI,1882,0
Asia,OWID_ASI,1883,0
Asia,OWID_ASI,1884,0
Asia,OWID_ASI,1885,0
Asia,OWID_ASI,1886,0
Asia,OWID_ASI,1887,0
Asia,OWID_ASI,1888,0
Asia,OWID_ASI,1889,0
Asia,OWID_ASI,1890,0
Asia,OWID_ASI,1891,0
Asia,OWID_ASI,1892,0
Asia,OWID_ASI,1893,0
Asia,OWID_ASI,1894,0
Asia,OWID_ASI,1895,0
Asia,OWID_ASI,1896,0
Asia,OWID_ASI,1897,0
Asia,OWID_ASI,1898,0
Asia,OWID_ASI,1899,0
Asia,OWID_ASI,1900,0
Asia,OWID_ASI,1901,0
Asia,OWID_ASI,1902,0
Asia,OWID_ASI,1903,0
Asia,OWID_ASI,1904,0
Asia,OWID_ASI,1905,0
Asia,OWID_ASI,1906,0
Asia,OWID_ASI,1907,0
Asia,OWID_ASI,1908,0
Asia,OWID_ASI,1909,0
Asia,OWID_ASI,1910,0
Asia,OWID_ASI,1911,0
Asia,OWID_ASI,1912,0
Asia,OWID_ASI,1913,0
Asia,OWID_ASI,1914,0
Asia,OWID_ASI,1915,0
Asia,OWID_ASI,1916,0
Asia,OWID_ASI,1917,0
Asia,OWID_ASI,1918,0
Asia,OWID_ASI,1919,0
Asia,OWID_ASI,1920,0
Asia,OWID_ASI,1921,0
Asia,OWID_ASI,1922,0
Asia,OWID_ASI,1923,0
Asia,OWID_ASI,1924,0
Asia,OWID_ASI,1925,0
Asia,OWID_ASI,1926,0
Asia,OWID_ASI,1927,0
Asia,OWID_ASI,1928,0
Asia,OWID_ASI,1929,0
Asia,OWID_ASI,1930,0
Asia,OWID_ASI,1931,0
Asia,OWID_ASI,1932,0
Asia,OWID_ASI,1933,0
Asia,OWID_ASI,1934,0
Asia,OWID_ASI,1935,0
Asia,OWID_ASI,1936,0
Asia,OWID_ASI,1937,0
Asia,OWID_ASI,1938,0
Asia,OWID_ASI,1939,0
Asia,OWID_ASI,1940,0
Asia,OWID_ASI,1941,0
Asia,OWID_ASI,1942,0
Asia,OWID_ASI,1943,0
Asia,OWID_ASI,1944,0
Asia,OWID_ASI,1945,0
Asia,OWID_ASI,1946,0
Asia,OWID_ASI,1947,0
Asia,OWID_ASI,1948,0
Asia,OWID_ASI,1949,0
Asia,OWID_ASI,1950,0
Asia,OWID_ASI,1951,0
Asia,OWID_ASI,1952,0
Asia,OWID_ASI,1953,0
Asia,OWID_ASI,1954,0
Asia,OWID_ASI,1955,11640528
Asia,OWID_ASI,1956,12754384
Asia,OWID_ASI,1957,8663904
Asia,OWID_ASI,1958,9870816
Asia,OWID_ASI,1959,11208176
Asia,OWID_ASI,1960,12679861
Asia,OWID_ASI,1961,14389972
Asia,OWID_ASI,1962,15817488
Asia,OWID_ASI,1963,23763120
Asia,OWID_ASI,1964,44745684
Asia,OWID_ASI,1965,60724916
Asia,OWID_ASI,1966,70369040
Asia,OWID_ASI,1967,90564160
Asia,OWID_ASI,1968,93983440
Asia,OWID_ASI,1969,120633540
Asia,OWID_ASI,1970,129931060
Asia,OWID_ASI,1971,163694350
Asia,OWID_ASI,1972,187106190
Asia,OWID_ASI,1973,223099300
Asia,OWID_ASI,1974,220093730
Asia,OWID_ASI,1975,192855800
Asia,OWID_ASI,1976,230379540
Asia,OWID_ASI,1977,225914180
Asia,OWID_ASI,1978,227139310
Asia,OWID_ASI,1979,193687820
Asia,OWID_ASI,1980,167961760
Asia,OWID_ASI,1981,115855980
Asia,OWID_ASI,1982,116758480
Asia,OWID_ASI,1983,103349420
Asia,OWID_ASI,1984,73486350
Asia,OWID_ASI,1985,63793344
Asia,OWID_ASI,1986,56395410
Asia,OWID_ASI,1987,55392710
Asia,OWID_ASI,1988,59641310
Asia,OWID_ASI,1989,57263308
Asia,OWID_ASI,1990,70634620
Asia,OWID_ASI,1991,90135770
Asia,OWID_ASI,1992,60366496
Asia,OWID_ASI,1993,56293292
Asia,OWID_ASI,1994,81955144
Asia,OWID_ASI,1995,78795660
Asia,OWID_ASI,1996,87056360
Asia,OWID_ASI,1997,95237950
Asia,OWID_ASI,1998,86425400
Asia,OWID_ASI,1999,87025900
Asia,OWID_ASI,2000,95042696
Asia,OWID_ASI,2001,91048110
Asia,OWID_ASI,2002,87758824
Asia,OWID_ASI,2003,100046984
Asia,OWID_ASI,2004,98038480
Asia,OWID_ASI,2005,98964800
Asia,OWID_ASI,2006,102382300
Asia,OWID_ASI,2007,94701976
Asia,OWID_ASI,2008,96886880
Asia,OWID_ASI,2009,96627180
Asia,OWID_ASI,2010,95468424
Asia,OWID_ASI,2011,101538930
Asia,OWID_ASI,2012,108587660
Asia,OWID_ASI,2013,109994440
Asia,OWID_ASI,2014,113790830
Asia,OWID_ASI,2015,115596400
Asia,OWID_ASI,2016,118404880
Asia,OWID_ASI,2017,122158400
Asia,OWID_ASI,2018,117414390
Asia,OWID_ASI,2019,108828040
Asia,OWID_ASI,2020,108819144
Asia,OWID_ASI,2021,115309576
Asia,OWID_ASI,2022,111563130
Asia,OWID_ASI,2023,118444344
Asia,OWID_ASI,2024,122401976
Asia (excl. China and India),,1750,0
Asia (excl. China and India),,1751,0
Asia (excl. China and India),,1752,0
Asia (excl. China and India),,1753,0
Asia (excl. China and India),,1754,0
Asia (excl. China and India),,1755,0
Asia (excl. China and India),,1756,0
Asia (excl. China and India),,1757,0
Asia (excl. China and India),,1758,0
Asia (excl. China and India),,1759,0
Asia (excl. China and India),,1760,0
Asia (excl. China and India),,1761,0
Asia (excl. China and India),,1762,0
Asia (excl. China and India),,1763,0
Asia (excl. China and India),,1764,0
Asia (excl. China and India),,1765,0
Asia (excl. China and India),,1766,0
Asia (excl. China and India),,1767,0
Asia (excl. China and India),,1768,0
Asia (excl. China and India),,1769,0
Asia (excl. China and India),,1770,0
Asia (excl. China and India),,1771,0
Asia (excl. China and India),,1772,0
Asia (excl. China and India),,1773,0
Asia (excl. China and India),,1774,0
Asia (excl. China and India),,1775,0
Asia (excl. China and India),,1776,0
Asia (excl. China and India),,1777,0
Asia (excl. China and India),,1778,0
Asia (excl. China and India),,1779,0
Asia (excl. China and India),,1780,0
Asia (excl. China and India),,1781,0
Asia (excl. China and India),,1782,0
Asia (excl. China and India),,1783,0
Asia (excl. China and India),,1784,0
Asia (excl. China and India),,1785,0
Asia (excl. China and India),,1786,0
Asia (excl. China and India),,1787,0
Asia (excl. China and India),,1788,0
Asia (excl. China and India),,1789,0
Asia (excl. China and India),,1790,0
Asia (excl. China and India),,1791,0
Asia (excl. China and India),,1792,0
Asia (excl. China and India),,1793,0
Asia (excl. China and India),,1794,0
Asia (excl. China and India),,1795,0
Asia (excl. China and India),,1796,0
Asia (excl. China and India),,1797,0
Asia (excl. China and India),,1798,0
Asia (excl. China and India),,1799,0
Asia (excl. China and India),,1800,0
Asia (excl. China and India),,1801,0
Asia (excl. China and India),,1802,0
Asia (excl. China and India),,1803,0
Asia (excl. China and India),,1804,0
Asia (excl. China and India),,1805,0
Asia (excl. China and India),,1806,0
Asia (excl. China and India),,1807,0
Asia (excl. China and India),,1808,0
Asia (excl. China and India),,1809,0
Asia (excl. China and India),,1810,0
Asia (excl. China and India),,1811,0
Asia (excl. China and India),,1812,0
Asia (excl. China and India),,1813,0
Asia (excl. China and India),,1814,0
Asia (excl. China and India),,1815,0
Asia (excl. China and India),,1816,0
Asia (excl. China and India),,1817,0
Asia (excl. China and India),,1818,0
Asia (excl. China and India),,1819,0
Asia (excl. China and India),,1820,0
Asia (excl. China and India),,1821,0
Asia (excl. China and India),,1822,0
Asia (excl. China and India),,1823,0
Asia (excl. China and India),,1824,0
Asia (excl. China and India),,1825,0
Asia (excl. China and India),,1826,0
Asia (excl. China and India),,1827,0
Asia (excl. China and India),,1828,0
Asia (excl. China and India),,1829,0
Asia (excl. China and India),,1830,0
Asia (excl. China and India),,1831,0
Asia (excl. China and India),,1832,0
Asia (excl. China and India),,1833,0
Asia (excl. China and India),,1834,0
Asia (excl. China and India),,1835,0
Asia (excl. China and India),,1836,0
Asia (excl. China and India),,1837,0
Asia (excl. China and India),,1838,0
Asia (excl. China and India),,1839,0
Asia (excl. China and India),,1840,0
Asia (excl. China and India),,1841,0
Asia (excl. China and India),,1842,0
Asia (excl. China and India),,1843,0
Asia (excl. China and India),,1844,0
Asia (excl. China and India),,1845,0
Asia (excl. China and India),,1846,0
Asia (excl. China and India),,1847,0
Asia (excl. China and India),,1848,0
Asia (excl. China and India),,1849,0
Asia (excl. China and India),,1850,0
Asia (excl. China and India),,1851,0
Asia (excl. China and India),,1852,0
Asia (excl. China and India),,1853,0
Asia (excl. China and India),,1854,0
Asia (excl. China and India),,1855,0
Asia (excl. China and India),,1856,0
Asia (excl. China and India),,1857,0
Asia (excl. China and India),,1858,0
Asia (excl. China and India),,1859,0
Asia (excl. China and India),,1860,0
Asia (excl. China and India),,1861,0
Asia (excl. China and India),,1862,0
Asia (excl. China and India),,1863,0
Asia (excl. China and India),,1864,0
Asia (excl. China and India),,1865,0
Asia (excl. China and India),,1866,0
Asia (excl. China and India),,1867,0
Asia (excl. China and India),,1868,0
Asia (excl. China and India),,1869,0
Asia (excl. China and India),,1870,0
Asia (excl. China and India),,1871,0
Asia (excl. China and India),,1872,0
Asia (excl. China and India),,1873,0
Asia (excl. China and India),,1874,0
Asia (excl. China and India),,1875,0
Asia (excl. China and India),,1876,0
Asia (excl. China and India),,1877,0
Asia (excl. China and India),,1878,0
Asia (excl. China and India),,1879,0
Asia (excl. China and India),,1880,0
Asia (excl. China and India),,1881,0
Asia (excl. China and India),,1882,0
Asia (excl. China and India),,1883,0
Asia (excl. China and India),,1884,0
Asia (excl. China and India),,1885,0
Asia (excl. China and India),,1886,0
Asia (excl. China and India),,1887,0
Asia (excl. China and India),,1888,0
Asia (excl. China and India),,1889,0
Asia (excl. China and India),,1890,0
Asia (excl. China and India),,1891,0
Asia (excl. China and India),,1892,0
Asia (excl. China and India),,1893,0
Asia (excl. China and India),,1894,0
Asia (excl. China and India),,1895,0
Asia (excl. China and India),,1896,0
Asia (excl. China and India),,1897,0
Asia (excl. China and India),,1898,0
Asia (excl. China and India),,1899,0
Asia (excl. China and India),,1900,0
Asia (excl. China and India),,1901,0
Asia (excl. China and India),,1902,0
Asia (excl. China and India),,1903,0
Asia (excl. China and India),,1904,0
Asia (excl. China and India),,1905,0
Asia (excl. China and India),,1906,0
Asia (excl. China and India),,1907,0
Asia (excl. China and India),,1908,0
Asia (excl. China and India),,1909,0
Asia (excl. China and India),,1910,0
Asia (excl. China and India),,1911,0
Asia (excl. China and India),,1912,0
Asia (excl. China and India),,1913,0
Asia (excl. China and India),,1914,0
Asia (excl. China and India),,1915,0
Asia (excl. China and India),,1916,0
Asia (excl. China and India),,1917,0
Asia (excl. China and India),,1918,0
Asia (excl. China and India),,1919,0
Asia (excl. China and India),,1920,0
Asia (excl. China and India),,1921,0
Asia (excl. China and India),,1922,0
Asia (excl. China and India),,1923,0
Asia (excl. China and India),,1924,0
Asia (excl. China and India),,1925,0
Asia (excl. China and India),,1926,0
Asia (excl. China and India),,1927,0
Asia (excl. China and India),,1928,0
Asia (excl. China and India),,1929,0
Asia (excl. China and India),,1930,0
Asia (excl. China and India),,1931,0
Asia (excl. China and India),,1932,0
Asia (excl. China and India),,1933,0
Asia (excl. China and India),,1934,0
Asia (excl. China and India),,1935,0
Asia (excl. China and India),,1936,0
Asia (excl. China and India),,1937,0
Asia (excl. China and India),,1938,0
Asia (excl. China and India),,1939,0
Asia (excl. China and India),,1940,0
Asia (excl. China and India),,1941,0
Asia (excl. China and India),,1942,0
Asia (excl. China and India),,1943,0
Asia (excl. China and India),,1944,0
Asia (excl. China and India),,1945,0
Asia (excl. China and India),,1946,0
Asia (excl. China and India),,1947,0
Asia (excl. China and India),,1948,0
Asia (excl. China and India),,1949,0
Asia (excl. China and India),,1950,0
Asia (excl. China and India),,1951,0
Asia (excl. China and India),,1952,0
Asia (excl. China and India),,1953,0
Asia (excl. China and India),,1954,0
Asia (excl. China and India),,1955,11640528
Asia (excl. China and India),,1956,12754384
Asia (excl. China and India),,1957,8663904
Asia (excl. China and India),,1958,9870816
Asia (excl. China and India),,1959,11208176
Asia (excl. China and India),,1960,12679861
Asia (excl. China and India),,1961,14389972
Asia (excl. China and India),,1962,15773520
Asia (excl. China and India),,1963,23627552
Asia (excl. China and India),,1964,44269364
Asia (excl. China and India),,1965,59973796
Asia (excl. China and India),,1966,69537310
Asia (excl. China and India),,1967,89109520
Asia (excl. China and India),,1968,92613070
Asia (excl. China and India),,1969,119373120
Asia (excl. China and India),,1970,128509400
Asia (excl. China and India),,1971,161485000
Asia (excl. China and India),,1972,184871120
Asia (excl. China and India),,1973,220387940
Asia (excl. China and India),,1974,216733840
Asia (excl. China and India),,1975,188938940
Asia (excl. China and India),,1976,226656910
Asia (excl. China and India),,1977,221641980
Asia (excl. China and India),,1978,222420080
Asia (excl. China and India),,1979,188408000
Asia (excl. China and India),,1980,163784820
Asia (excl. China and India),,1981,109989910
Asia (excl. China and India),,1982,110419760
Asia (excl. China and India),,1983,96362180
Asia (excl. China and India),,1984,65073812
Asia (excl. China and India),,1985,57839396
Asia (excl. China and India),,1986,51430690
Asia (excl. China and India),,1987,48764584
Asia (excl. China and India),,1988,52170470
Asia (excl. China and India),,1989,46260388
Asia (excl. China and India),,1990,60763864
Asia (excl. China and India),,1991,82302136
Asia (excl. China and India),,1992,56801410
Asia (excl. China and India),,1993,52592670
Asia (excl. China and India),,1994,76366700
Asia (excl. China and India),,1995,72764056
Asia (excl. China and India),,1996,79336130
Asia (excl. China and India),,1997,87167510
Asia (excl. China and India),,1998,80160024
Asia (excl. China and India),,1999,80545240
Asia (excl. China and India),,2000,88332540
Asia (excl. China and India),,2001,84408520
Asia (excl. China and India),,2002,81671050
Asia (excl. China and India),,2003,93080570
Asia (excl. China and India),,2004,91081464
Asia (excl. China and India),,2005,91673410
Asia (excl. China and India),,2006,95106720
Asia (excl. China and India),,2007,87894860
Asia (excl. China and India),,2008,90333630
Asia (excl. China and India),,2009,90191850
Asia (excl. China and India),,2010,89790216
Asia (excl. China and India),,2011,95037430
Asia (excl. China and India),,2012,101262880
Asia (excl. China and India),,2013,103096330
Asia (excl. China and India),,2014,106330990
Asia (excl. China and India),,2015,107557650
Asia (excl. China and India),,2016,111558280
Asia (excl. China and India),,2017,116366050
Asia (excl. China and India),,2018,111516350
Asia (excl. China and India),,2019,102534616
Asia (excl. China and India),,2020,100843480
Asia (excl. China and India),,2021,107725610
Asia (excl. China and India),,2022,103961160
Asia (excl. China and India),,2023,111082984
Asia (excl. China and India),,2024,115598310
Australia,AUS,1750,0
Australia,AUS,1751,0
Australia,AUS,1752,0
Australia,AUS,1753,0
Australia,AUS,1754,0
Australia,AUS,1755,0
Australia,AUS,1756,0
Australia,AUS,1757,0
Australia,AUS,1758,0
Australia,AUS,1759,0
Australia,AUS,1760,0
Australia,AUS,1761,0
Australia,AUS,1762,0
Australia,AUS,1763,0
Australia,AUS,1764,0
Australia,AUS,1765,0
Australia,AUS,1766,0
Australia,AUS,1767,0
Australia,AUS,1768,0
Australia,AUS,1769,0
Australia,AUS,1770,0
Australia,AUS,1771,0
Australia,AUS,1772,0
Australia,AUS,1773,0
Australia,AUS,1774,0
Australia,AUS,1775,0
Australia,AUS,1776,0
Australia,AUS,1777,0
Australia,AUS,1778,0
Australia,AUS,1779,0
Australia,AUS,1780,0
Australia,AUS,1781,0
Australia,AUS,1782,0
Australia,AUS,1783,0
Australia,AUS,1784,0
Australia,AUS,1785,0
Australia,AUS,1786,0
Australia,AUS,1787,0
Australia,AUS,1788,0
Australia,AUS,1789,0
Australia,AUS,1790,0
Australia,AUS,1791,0
Australia,AUS,1792,0
Australia,AUS,1793,0
Australia,AUS,1794,0
Australia,AUS,1795,0
Australia,AUS,1796,0
Australia,AUS,1797,0
Australia,AUS,1798,0
Australia,AUS,1799,0
Australia,AUS,1800,0
Australia,AUS,1801,0
Australia,AUS,1802,0
Australia,AUS,1803,0
Australia,AUS,1804,0
Australia,AUS,1805,0
Australia,AUS,1806,0
Australia,AUS,1807,0
Australia,AUS,1808,0
Australia,AUS,1809,0
Australia,AUS,1810,0
Australia,AUS,1811,0
Australia,AUS,1812,0
Australia,AUS,1813,0
Australia,AUS,1814,0
Australia,AUS,1815,0
Australia,AUS,1816,0
Australia,AUS,1817,0
Australia,AUS,1818,0
Australia,AUS,1819,0
Australia,AUS,1820,0
Australia,AUS,1821,0
Australia,AUS,1822,0
Australia,AUS,1823,0
Australia,AUS,1824,0
Australia,AUS,1825,0
Australia,AUS,1826,0
Australia,AUS,1827,0
Australia,AUS,1828,0
Australia,AUS,1829,0
Australia,AUS,1830,0
Australia,AUS,1831,0
Australia,AUS,1832,0
Australia,AUS,1833,0
Australia,AUS,1834,0
Australia,AUS,1835,0
Australia,AUS,1836,0
Australia,AUS,1837,0
Australia,AUS,1838,0
Australia,AUS,1839,0
Australia,AUS,1840,0
Australia,AUS,1841,0
Australia,AUS,1842,0
Australia,AUS,1843,0
Australia,AUS,1844,0
Australia,AUS,1845,0
Australia,AUS,1846,0
Australia,AUS,1847,0
Australia,AUS,1848,0
Australia,AUS,1849,0
Australia,AUS,1850,0
Australia,AUS,1851,0
Australia,AUS,1852,0
Australia,AUS,1853,0
Australia,AUS,1854,0
Australia,AUS,1855,0
Australia,AUS,1856,0
Australia,AUS,1857,0
Australia,AUS,1858,0
Australia,AUS,1859,0
Australia,AUS,1983,439680
Australia,AUS,1984,274796
Australia,AUS,1985,351749
Australia,AUS,1986,318768
Australia,AUS,1987,256480.02
Australia,AUS,1988,348080
Australia,AUS,1989,534951
Australia,AUS,1990,7173244
Australia,AUS,1991,6904543
Australia,AUS,1992,7208384
Australia,AUS,1993,7043669
Australia,AUS,1994,6792522
Australia,AUS,1995,6967424
Australia,AUS,1996,6671445
Australia,AUS,1997,6597120
Australia,AUS,1998,6804179
Australia,AUS,1999,7082119
Australia,AUS,2000,7842818
Australia,AUS,2001,8056692
Australia,AUS,2002,7895894
Australia,AUS,2003,7056470
Australia,AUS,2004,6768985
Australia,AUS,2005,6834657
Australia,AUS,2006,6974037
Australia,AUS,2007,7423044
Australia,AUS,2008,7401555
Australia,AUS,2009,7894008
Australia,AUS,2010,8081653.5
Australia,AUS,2011,7804729
Australia,AUS,2012,8247554
Australia,AUS,2013,8804339
Australia,AUS,2014,9209335
Australia,AUS,2015,10730523
Australia,AUS,2016,12373363
Australia,AUS,2017,14841606
Australia,AUS,2018,16861402
Australia,AUS,2019,20131628
Australia,AUS,2020,17209028
Australia,AUS,2021,15339124
Australia,AUS,2022,17095646
Australia,AUS,2023,16258947
Australia,AUS,2024,16258947
Austria,AUT,1990,102195
Austria,AUT,1991,111197
Austria,AUT,1992,120237
Austria,AUT,1993,112239
Austria,AUT,1994,127739.99
Austria,AUT,1995,127253.99
Austria,AUT,1996,71251
Austria,AUT,1997,120732
Austria,AUT,1998,142052
Austria,AUT,1999,170749
Austria,AUT,2000,164751
Austria,AUT,2001,182953
Austria,AUT,2002,167250
Austria,AUT,2003,184047
Austria,AUT,2004,165117
Austria,AUT,2005,160119
Austria,AUT,2006,180463
Austria,AUT,2007,184729
Austria,AUT,2008,162323
Austria,AUT,2009,204966
Austria,AUT,2010,183627
Austria,AUT,2011,179635
Austria,AUT,2012,183640
Austria,AUT,2013,190988
Austria,AUT,2014,168755
Austria,AUT,2015,161754
Austria,AUT,2016,131292
Austria,AUT,2017,138296
Austria,AUT,2018,127292.01
Austria,AUT,2019,118284
Austria,AUT,2020,109283
Austria,AUT,2021,84286
Austria,AUT,2022,80283
Austria,AUT,2023,73842
Austria,AUT,2024,73842
Azerbaijan,AZE,1830,0
Azerbaijan,AZE,1831,0
Azerbaijan,AZE,1832,0
Azerbaijan,AZE,1833,0
Azerbaijan,AZE,1850,0
Azerbaijan,AZE,1855,0
Azerbaijan,AZE,1858,0
Azerbaijan,AZE,1859,0
Azerbaijan,AZE,1860,0
Azerbaijan,AZE,1861,0
Azerbaijan,AZE,1862,0
Azerbaijan,AZE,1863,0
Azerbaijan,AZE,1864,0
Azerbaijan,AZE,1865,0
Azerbaijan,AZE,1866,0
Azerbaijan,AZE,1867,0
Azerbaijan,AZE,1868,0
Azerbaijan,AZE,1869,0
Azerbaijan,AZE,1870,0
Azerbaijan,AZE,1871,0
Azerbaijan,AZE,1872,0
Azerbaijan,AZE,1873,0
Azerbaijan,AZE,1874,0
Azerbaijan,AZE,1875,0
Azerbaijan,AZE,1876,0
Azerbaijan,AZE,1877,0
Azerbaijan,AZE,1878,0
Azerbaijan,AZE,1879,0
Azerbaijan,AZE,1880,0
Azerbaijan,AZE,1881,0
Azerbaijan,AZE,1882,0
Azerbaijan,AZE,1883,0
Azerbaijan,AZE,1884,0
Azerbaijan,AZE,1885,0
Azerbaijan,AZE,1886,0
Azerbaijan,AZE,1887,0
Azerbaijan,AZE,1888,0
Azerbaijan,AZE,1889,0
Azerbaijan,AZE,1890,0
Azerbaijan,AZE,1891,0
Azerbaijan,AZE,1892,0
Azerbaijan,AZE,1893,0
Azerbaijan,AZE,1894,0
Azerbaijan,AZE,1895,0
Azerbaijan,AZE,1896,0
Azerbaijan,AZE,1897,0
Azerbaijan,AZE,1898,0
Azerbaijan,AZE,1899,0
Azerbaijan,AZE,1900,0
Azerbaijan,AZE,1901,0
Azerbaijan,AZE,1902,0
Azerbaijan,AZE,1903,0
Azerbaijan,AZE,1904,0
Azerbaijan,AZE,1905,0
Azerbaijan,AZE,1906,0
Azerbaijan,AZE,1907,0
Azerbaijan,AZE,1908,0
Azerbaijan,AZE,1909,0
Azerbaijan,AZE,1910,0
Azerbaijan,AZE,1911,0
Azerbaijan,AZE,1912,0
Azerbaijan,AZE,1913,0
Azerbaijan,AZE,1914,0
Azerbaijan,AZE,1915,0
Azerbaijan,AZE,1916,0
Azerbaijan,AZE,1917,0
Azerbaijan,AZE,1918,0
Azerbaijan,AZE,1919,0
Azerbaijan,AZE,1920,0
Azerbaijan,AZE,1921,0
Azerbaijan,AZE,1922,0
Azerbaijan,AZE,1923,0
Azerbaijan,AZE,1924,0
Azerbaijan,AZE,1925,0
Azerbaijan,AZE,1926,0
Azerbaijan,AZE,1927,0
Azerbaijan,AZE,1928,0
Azerbaijan,AZE,1929,0
Azerbaijan,AZE,1930,0
Azerbaijan,AZE,1931,0
Azerbaijan,AZE,1932,0
Azerbaijan,AZE,1933,0
Azerbaijan,AZE,1934,0
Azerbaijan,AZE,1935,0
Azerbaijan,AZE,1936,0
Azerbaijan,AZE,1937,0
Azerbaijan,AZE,1938,0
Azerbaijan,AZE,1939,0
Azerbaijan,AZE,1940,0
Azerbaijan,AZE,1941,0
Azerbaijan,AZE,1942,0
Azerbaijan,AZE,1943,0
Azerbaijan,AZE,1944,0
Azerbaijan,AZE,1945,0
Azerbaijan,AZE,1946,0
Azerbaijan,AZE,1947,0
Azerbaijan,AZE,1948,0
Azerbaijan,AZE,1949,0
Azerbaijan,AZE,1950,0
Azerbaijan,AZE,1951,0
Azerbaijan,AZE,1952,0
Azerbaijan,AZE,1953,0
Azerbaijan,AZE,1954,0
Azerbaijan,AZE,1955,0
Azerbaijan,AZE,1956,0
Azerbaijan,AZE,1957,0
Azerbaijan,AZE,1958,0
Azerbaijan,AZE,1959,0
Azerbaijan,AZE,1960,0
Azerbaijan,AZE,1961,0
Azerbaijan,AZE,1962,0
Azerbaijan,AZE,1963,0
Azerbaijan,AZE,1964,0
Azerbaijan,AZE,1965,0
Azerbaijan,AZE,1966,0
Azerbaijan,AZE,1967,0
Azerbaijan,AZE,1968,0
Azerbaijan,AZE,1969,0
Azerbaijan,AZE,1970,0
Azerbaijan,AZE,1971,206370
Azerbaijan,AZE,1972,193688
Azerbaijan,AZE,1973,224774
Azerbaijan,AZE,1974,240103
Azerbaijan,AZE,1975,262440
Azerbaijan,AZE,1976,288261
Azerbaijan,AZE,1977,306982
Azerbaijan,AZE,1978,321219
Azerbaijan,AZE,1979,171881
Azerbaijan,AZE,1980,173794
Azerbaijan,AZE,1981,164056
Azerbaijan,AZE,1982,162291
Azerbaijan,AZE,1983,157346
Azerbaijan,AZE,1984,153170
Azerbaijan,AZE,1985,167808
Azerbaijan,AZE,1986,146839
Azerbaijan,AZE,1987,134675
Azerbaijan,AZE,1988,296190
Azerbaijan,AZE,1989,288824
Azerbaijan,AZE,1990,191063
Azerbaijan,AZE,1991,177742
Azerbaijan,AZE,1992,1905280
Azerbaijan,AZE,1994,950
Azerbaijan,AZE,1995,0
Azerbaijan,AZE,1996,0
Azerbaijan,AZE,1997,40682
Azerbaijan,AZE,1998,119119
Azerbaijan,AZE,1999,251765.02
Azerbaijan,AZE,2000,258991
Azerbaijan,AZE,2001,258015.98
Azerbaijan,AZE,2002,190155
Azerbaijan,AZE,2003,197482
Azerbaijan,AZE,2004,175978
Azerbaijan,AZE,2005,280870
Azerbaijan,AZE,2006,296897
Azerbaijan,AZE,2007,163876
Azerbaijan,AZE,2008,906345
Azerbaijan,AZE,2009,437520
Azerbaijan,AZE,2010,246739
Azerbaijan,AZE,2011,436803
Azerbaijan,AZE,2012,626866
Azerbaijan,AZE,2013,821096
Azerbaijan,AZE,2014,583474
Azerbaijan,AZE,2015,361942
Azerbaijan,AZE,2016,350992
Azerbaijan,AZE,2017,284427
Azerbaijan,AZE,2018,370312
Azerbaijan,AZE,2019,418736
Azerbaijan,AZE,2020,254044
Azerbaijan,AZE,2021,252826.98
Azerbaijan,AZE,2022,371314
Azerbaijan,AZE,2023,654606
Azerbaijan,AZE,2024,372014
Bahamas,BHS,1994,0
Bahamas,BHS,1995,0
Bahamas,BHS,1996,0
Bahamas,BHS,1997,0
Bahamas,BHS,1998,0
Bahamas,BHS,1999,0
Bahamas,BHS,2000,0
Bahamas,BHS,2001,0
Bahamas,BHS,2002,0
Bahamas,BHS,2003,0
Bahamas,BHS,2004,0
Bahamas,BHS,2005,0
Bahamas,BHS,2006,0
Bahamas,BHS,2007,0
Bahamas,BHS,2008,0
Bahamas,BHS,2009,0
Bahamas,BHS,2010,0
Bahamas,BHS,2011,0
Bahamas,BHS,2012,0
Bahamas,BHS,2013,0
Bahamas,BHS,2014,0
Bahamas,BHS,2015,0
Bahamas,BHS,2016,0
Bahamas,BHS,2017,0
Bahamas,BHS,2018,0
Bahamas,BHS,2019,0
Bahamas,BHS,2020,0
Bahamas,BHS,2021,0
Bahamas,BHS,2022,0
Bahamas,BHS,2023,0
Bahamas,BHS,2024,0
Bahrain,BHR,1994,0
Bahrain,BHR,1995,0
Bahrain,BHR,1996,0
Bahrain,BHR,1997,0
Bahrain,BHR,1998,0
Bahrain,BHR,1999,0
Bahrain,BHR,2000,0
Bahrain,BHR,2001,0
Bahrain,BHR,2002,0
Bahrain,BHR,2003,0
Bahrain,BHR,2004,0
Bahrain,BHR,2005,0
Bahrain,BHR,2006,0
Bahrain,BHR,2007,0
Bahrain,BHR,2008,0
Bahrain,BHR,2009,0
Bahrain,BHR,2010,0
Bahrain,BHR,2011,0
Bahrain,BHR,2012,100112
Bahrain,BHR,2013,158132
Bahrain,BHR,2014,82122
Bahrain,BHR,2015,76895
Bahrain,BHR,2016,190174
Bahrain,BHR,2017,247456
Bahrain,BHR,2018,142665
Bahrain,BHR,2019,320817
Bahrain,BHR,2020,443973
Bahrain,BHR,2021,255176.98
Bahrain,BHR,2022,176562
Bahrain,BHR,2023,179003
Bahrain,BHR,2024,122651
Bangladesh,BGD,1994,0
Bangladesh,BGD,1995,0
Bangladesh,BGD,1996,0
Bangladesh,BGD,1997,0
Bangladesh,BGD,1998,0
Bangladesh,BGD,1999,0
Bangladesh,BGD,2000,0
Bangladesh,BGD,2001,0
Bangladesh,BGD,2002,0
Bangladesh,BGD,2003,0
Bangladesh,BGD,2004,0
Bangladesh,BGD,2005,0
Bangladesh,BGD,2006,0
Bangladesh,BGD,2007,0
Bangladesh,BGD,2008,0
Bangladesh,BGD,2009,0
Bangladesh,BGD,2010,0
Bangladesh,BGD,2011,0
Bangladesh,BGD,2012,16479
Bangladesh,BGD,2013,17320
Bangladesh,BGD,2014,30360
Bangladesh,BGD,2015,57355
Bangladesh,BGD,2016,26279
Bangladesh,BGD,2017,12180
Bangladesh,BGD,2018,18953
Bangladesh,BGD,2019,26632
Bangladesh,BGD,2020,27893
Bangladesh,BGD,2021,48747
Bangladesh,BGD,2022,38756
Bangladesh,BGD,2023,30789
Bangladesh,BGD,2024,22692
Barbados,BRB,1990,3664
Barbados,BRB,1991,3664
Barbados,BRB,1992,3652
Barbados,BRB,1993,3678
Barbados,BRB,1994,3664
Barbados,BRB,1995,3664
Barbados,BRB,1996,3664
Barbados,BRB,1997,3664
Barbados,BRB,1998,3664
Barbados,BRB,1999,3664
Barbados,BRB,2000,3664
Barbados,BRB,2001,3664
Barbados,BRB,2002,3664
Barbados,BRB,2003,3664
Barbados,BRB,2004,3664
Barbados,BRB,2005,3664
Barbados,BRB,2006,3664
Barbados,BRB,2007,0
Barbados,BRB,2008,3656
Barbados,BRB,2009,3656
Barbados,BRB,2010,3664
Barbados,BRB,2011,3664
Barbados,BRB,2012,3664
Barbados,BRB,2013,3664
Barbados,BRB,2014,3664
Barbados,BRB,2015,3664
Barbados,BRB,2016,3654
Barbados,BRB,2017,3664
Barbados,BRB,2018,3664
Barbados,BRB,2019,3664
Barbados,BRB,2020,3664
Barbados,BRB,2021,0
Barbados,BRB,2022,0
Barbados,BRB,2023,0
Barbados,BRB,2024,0
Belarus,BLR,1830,0
Belarus,BLR,1831,0
Belarus,BLR,1832,0
Belarus,BLR,1833,0
Belarus,BLR,1850,0
Belarus,BLR,1855,0
Belarus,BLR,1858,0
Belarus,BLR,1859,0
Belarus,BLR,1860,0
Belarus,BLR,1861,0
Belarus,BLR,1862,0
Belarus,BLR,1863,0
Belarus,BLR,1864,0
Belarus,BLR,1865,0
Belarus,BLR,1866,0
Belarus,BLR,1867,0
Belarus,BLR,1868,0
Belarus,BLR,1869,0
Belarus,BLR,1870,0
Belarus,BLR,1871,0
Belarus,BLR,1872,0
Belarus,BLR,1873,0
Belarus,BLR,1874,0
Belarus,BLR,1875,0
Belarus,BLR,1876,0
Belarus,BLR,1877,0
Belarus,BLR,1878,0
Belarus,BLR,1879,0
Belarus,BLR,1880,0
Belarus,BLR,1881,0
Belarus,BLR,1882,0
Belarus,BLR,1883,0
Belarus,BLR,1884,0
Belarus,BLR,1885,0
Belarus,BLR,1886,0
Belarus,BLR,1887,0
Belarus,BLR,1888,0
Belarus,BLR,1889,0
Belarus,BLR,1890,0
Belarus,BLR,1891,0
Belarus,BLR,1892,0
Belarus,BLR,1893,0
Belarus,BLR,1894,0
Belarus,BLR,1895,0
Belarus,BLR,1896,0
Belarus,BLR,1897,0
Belarus,BLR,1898,0
Belarus,BLR,1899,0
Belarus,BLR,1900,0
Belarus,BLR,1901,0
Belarus,BLR,1902,0
Belarus,BLR,1903,0
Belarus,BLR,1904,0
Belarus,BLR,1905,0
Belarus,BLR,1906,0
Belarus,BLR,1907,0
Belarus,BLR,1908,0
Belarus,BLR,1909,0
Belarus,BLR,1910,0
Belarus,BLR,1911,0
Belarus,BLR,1912,0
Belarus,BLR,1913,0
Belarus,BLR,1914,0
Belarus,BLR,1915,0
Belarus,BLR,1916,0
Belarus,BLR,1917,0
Belarus,BLR,1918,0
Belarus,BLR,1919,0
Belarus,BLR,1920,0
Belarus,BLR,1921,0
Belarus,BLR,1922,0
Belarus,BLR,1923,0
Belarus,BLR,1924,0
Belarus,BLR,1925,0
Belarus,BLR,1926,0
Belarus,BLR,1927,0
Belarus,BLR,1928,0
Belarus,BLR,1929,0
Belarus,BLR,1930,0
Belarus,BLR,1931,0
Belarus,BLR,1932,0
Belarus,BLR,1933,0
Belarus,BLR,1934,0
Belarus,BLR,1935,0
Belarus,BLR,1936,0
Belarus,BLR,1937,0
Belarus,BLR,1938,0
Belarus,BLR,1939,0
Belarus,BLR,1940,0
Belarus,BLR,1941,0
Belarus,BLR,1942,0
Belarus,BLR,1943,0
Belarus,BLR,1944,0
Belarus,BLR,1945,0
Belarus,BLR,1946,0
Belarus,BLR,1947,0
Belarus,BLR,1948,0
Belarus,BLR,1949,0
Belarus,BLR,1950,0
Belarus,BLR,1951,0
Belarus,BLR,1952,0
Belarus,BLR,1953,0
Belarus,BLR,1954,0
Belarus,BLR,1955,0
Belarus,BLR,1956,0
Belarus,BLR,1957,0
Belarus,BLR,1958,0
Belarus,BLR,1959,0
Belarus,BLR,1960,0
Belarus,BLR,1961,0
Belarus,BLR,1962,0
Belarus,BLR,1963,0
Belarus,BLR,1964,0
Belarus,BLR,1965,0
Belarus,BLR,1966,0
Belarus,BLR,1967,0
Belarus,BLR,1968,0
Belarus,BLR,1969,0
Belarus,BLR,1970,0
Belarus,BLR,1971,467893
Belarus,BLR,1972,438011
Belarus,BLR,1973,509253.03
Belarus,BLR,1974,545861
Belarus,BLR,1975,602610
Belarus,BLR,1976,673622
Belarus,BLR,1977,725035
Belarus,BLR,1978,759056
Belarus,BLR,1979,412656
Belarus,BLR,1980,418464
Belarus,BLR,1981,404799
Belarus,BLR,1982,406125
Belarus,BLR,1983,402134
Belarus,BLR,1984,403169
Belarus,BLR,1985,449292
Belarus,BLR,1986,393149
Belarus,BLR,1987,360582
Belarus,BLR,1988,793024
Belarus,BLR,1989,773302
Belarus,BLR,1990,7176
Belarus,BLR,1991,6866
Belarus,BLR,1992,6911
Belarus,BLR,1993,6732
Belarus,BLR,1994,6537
Belarus,BLR,1995,6297
Belarus,BLR,1996,6157
Belarus,BLR,1997,6232
Belarus,BLR,1998,6242
Belarus,BLR,1999,6342
Belarus,BLR,2000,6397
Belarus,BLR,2001,6417
Belarus,BLR,2002,6442
Belarus,BLR,2003,6481
Belarus,BLR,2004,6577
Belarus,BLR,2005,6597
Belarus,BLR,2006,6631
Belarus,BLR,2007,6556
Belarus,BLR,2008,6546
Belarus,BLR,2009,6156
Belarus,BLR,2010,6485
Belarus,BLR,2011,6298
Belarus,BLR,2012,6245
Belarus,BLR,2013,6236
Belarus,BLR,2014,6190
Belarus,BLR,2015,6101
Belarus,BLR,2016,6068
Belarus,BLR,2017,6119
Belarus,BLR,2018,6286
Belarus,BLR,2019,6348
Belarus,BLR,2020,6227
Belarus,BLR,2021,6381
Belarus,BLR,2022,6411
Belarus,BLR,2023,6362
Belarus,BLR,2024,6362
Belgium,BEL,1990,84902
Belgium,BEL,1991,83547
Belgium,BEL,1992,83740
Belgium,BEL,1993,83945
Belgium,BEL,1994,84185
Belgium,BEL,1995,84420
Belgium,BEL,1996,92729
Belgium,BEL,1997,93466
Belgium,BEL,1998,100212
Belgium,BEL,1999,110134
Belgium,BEL,2000,165421
Belgium,BEL,2001,147743
Belgium,BEL,2002,153042
Belgium,BEL,2003,111442
Belgium,BEL,2004,102443
Belgium,BEL,2005,104416
Belgium,BEL,2006,130725.99
Belgium,BEL,2007,114939
Belgium,BEL,2008,116679
Belgium,BEL,2009,117291
Belgium,BEL,2010,103195
Belgium,BEL,2011,93230
Belgium,BEL,2012,92579
Belgium,BEL,2013,93728
Belgium,BEL,2014,75676
Belgium,BEL,2015,88261
Belgium,BEL,2016,78277
Belgium,BEL,2017,98940
Belgium,BEL,2018,121246
Belgium,BEL,2019,116104
Belgium,BEL,2020,101449
Belgium,BEL,2021,98545
Belgium,BEL,2022,111066
Belgium,BEL,2023,74122
Belgium,BEL,2024,74122
Belize,BLZ,1994,0
Belize,BLZ,1995,0
Belize,BLZ,1996,0
Belize,BLZ,1997,0
Belize,BLZ,1998,0
Belize,BLZ,1999,0
Belize,BLZ,2000,0
Belize,BLZ,2001,0
Belize,BLZ,2002,0
Belize,BLZ,2003,0
Belize,BLZ,2004,0
Belize,BLZ,2005,0
Belize,BLZ,2006,0
Belize,BLZ,2007,0
Belize,BLZ,2008,0
Belize,BLZ,2009,0
Belize,BLZ,2010,0
Belize,BLZ,2011,0
Belize,BLZ,2012,0
Belize,BLZ,2013,0
Belize,BLZ,2014,0
Belize,BLZ,2015,0
Belize,BLZ,2016,0
Belize,BLZ,2017,0
Belize,BLZ,2018,0
Belize,BLZ,2019,0
Belize,BLZ,2020,1444
Belize,BLZ,2021,4798
Belize,BLZ,2022,5617
Belize,BLZ,2023,5141
Belize,BLZ,2024,5358
Benin,BEN,1950,0
Benin,BEN,1951,0
Benin,BEN,1952,0
Benin,BEN,1953,0
Benin,BEN,1954,0
Benin,BEN,1955,0
Benin,BEN,1956,0
Benin,BEN,1957,0
Benin,BEN,1994,0
Benin,BEN,1995,0
Benin,BEN,1996,0
Benin,BEN,1997,0
Benin,BEN,1998,0
Benin,BEN,1999,0
Benin,BEN,2000,0
Benin,BEN,2001,0
Benin,BEN,2002,0
Benin,BEN,2003,0
Benin,BEN,2004,0
Benin,BEN,2005,0
Benin,BEN,2006,0
Benin,BEN,2007,0
Benin,BEN,2008,0
Benin,BEN,2009,0
Benin,BEN,2010,0
Benin,BEN,2011,0
Benin,BEN,2012,0
Benin,BEN,2013,0
Benin,BEN,2014,0
Benin,BEN,2015,0
Benin,BEN,2016,0
Benin,BEN,2017,0
Benin,BEN,2018,0
Benin,BEN,2019,0
Benin,BEN,2020,0
Benin,BEN,2021,0
Benin,BEN,2022,0
Benin,BEN,2023,0
Benin,BEN,2024,0
Bermuda,BMU,1994,0
Bermuda,BMU,1995,0
Bermuda,BMU,1996,0
Bermuda,BMU,1997,0
Bermuda,BMU,1998,0
Bermuda,BMU,1999,0
Bermuda,BMU,2000,0
Bermuda,BMU,2001,0
Bermuda,BMU,2002,0
Bermuda,BMU,2003,0
Bermuda,BMU,2004,0
Bermuda,BMU,2005,0
Bermuda,BMU,2006,0
Bermuda,BMU,2007,0
Bermuda,BMU,2008,0
Bermuda,BMU,2009,0
Bermuda,BMU,2010,0
Bermuda,BMU,2011,0
Bermuda,BMU,2012,0
Bermuda,BMU,2013,0
Bermuda,BMU,2014,0
Bermuda,BMU,2015,0
Bermuda,BMU,2016,0
Bermuda,BMU,2017,0
Bermuda,BMU,2018,0
Bermuda,BMU,2019,0
Bermuda,BMU,2020,0
Bermuda,BMU,2021,0
Bermuda,BMU,2022,0
Bermuda,BMU,2023,0
Bermuda,BMU,2024,0
Bhutan,BTN,1994,0
Bhutan,BTN,1995,0
Bhutan,BTN,1996,0
Bhutan,BTN,1997,0
Bhutan,BTN,1998,0
Bhutan,BTN,1999,0
Bhutan,BTN,2000,0
Bhutan,BTN,2001,0
Bhutan,BTN,2002,0
Bhutan,BTN,2003,0
Bhutan,BTN,2004,0
Bhutan,BTN,2005,0
Bhutan,BTN,2006,0
Bhutan,BTN,2007,0
Bhutan,BTN,2008,0
Bhutan,BTN,2009,0
Bhutan,BTN,2010,0
Bhutan,BTN,2011,0
Bhutan,BTN,2012,0
Bhutan,BTN,2013,0
Bhutan,BTN,2014,0
Bhutan,BTN,2015,0
Bhutan,BTN,2016,0
Bhutan,BTN,2017,0
Bhutan,BTN,2018,0
Bhutan,BTN,2019,0
Bhutan,BTN,2020,0
Bhutan,BTN,2021,0
Bhutan,BTN,2022,0
Bhutan,BTN,2023,0
Bhutan,BTN,2024,0
Bolivia,BOL,1950,0
Bolivia,BOL,1951,0
Bolivia,BOL,1952,0
Bolivia,BOL,1953,0
Bolivia,BOL,1954,0
Bolivia,BOL,1964,157163
Bolivia,BOL,1965,65952
Bolivia,BOL,1966,76944
Bolivia,BOL,1967,153888
Bolivia,BOL,1968,278934
Bolivia,BOL,1969,570763
Bolivia,BOL,1970,549600
Bolivia,BOL,1971,1057629
Bolivia,BOL,1972,1348352
Bolivia,BOL,1973,1073552
Bolivia,BOL,1974,758448
Bolivia,BOL,1975,805352
Bolivia,BOL,1976,1006794
Bolivia,BOL,1977,696160
Bolivia,BOL,1978,945312
Bolivia,BOL,1979,550026
Bolivia,BOL,1980,373435
Bolivia,BOL,1981,359072
Bolivia,BOL,1982,303856
Bolivia,BOL,1983,348080
Bolivia,BOL,1984,344729
Bolivia,BOL,1985,384720
Bolivia,BOL,1986,289456
Bolivia,BOL,1987,285792
Bolivia,BOL,1988,534944
Bolivia,BOL,1989,817072
Bolivia,BOL,1990,5052656
Bolivia,BOL,1991,5441040
Bolivia,BOL,1992,5492336
Bolivia,BOL,1993,5649888
Bolivia,BOL,1994,2909215
Bolivia,BOL,1995,1139932
Bolivia,BOL,1996,1036816
Bolivia,BOL,1997,1722976
Bolivia,BOL,1998,934124
Bolivia,BOL,1999,914271
Bolivia,BOL,2000,705488
Bolivia,BOL,2001,491179
Bolivia,BOL,2002,509957
Bolivia,BOL,2003,525409
Bolivia,BOL,2004,392263
Bolivia,BOL,2005,308574
Bolivia,BOL,2006,198182
Bolivia,BOL,2007,146423
Bolivia,BOL,2008,155325
Bolivia,BOL,2009,177228
Bolivia,BOL,2010,146373
Bolivia,BOL,2011,132751
Bolivia,BOL,2012,119128
Bolivia,BOL,2013,85723
Bolivia,BOL,2014,94526
Bolivia,BOL,2015,100023
Bolivia,BOL,2016,59535
Bolivia,BOL,2017,49689
Bolivia,BOL,2018,51221
Bolivia,BOL,2019,54386
Bolivia,BOL,2020,90147
Bolivia,BOL,2021,61339
Bolivia,BOL,2022,76854
Bolivia,BOL,2023,76446
Bolivia,BOL,2024,122031
Bonaire Sint Eustatius and Saba,BES,1926,0
Bonaire Sint Eustatius and Saba,BES,1927,0
Bonaire Sint Eustatius and Saba,BES,1928,0
Bonaire Sint Eustatius and Saba,BES,1929,0
Bonaire Sint Eustatius and Saba,BES,1930,0
Bonaire Sint Eustatius and Saba,BES,1931,0
Bonaire Sint Eustatius and Saba,BES,1932,0
Bonaire Sint Eustatius and Saba,BES,1933,0
Bonaire Sint Eustatius and Saba,BES,1934,0
Bonaire Sint Eustatius and Saba,BES,1935,0
Bonaire Sint Eustatius and Saba,BES,1936,0
Bonaire Sint Eustatius and Saba,BES,1937,0
Bonaire Sint Eustatius and Saba,BES,1938,0
Bonaire Sint Eustatius and Saba,BES,1939,0
Bonaire Sint Eustatius and Saba,BES,1940,0
Bonaire Sint Eustatius and Saba,BES,1941,0
Bonaire Sint Eustatius and Saba,BES,1942,0
Bonaire Sint Eustatius and Saba,BES,1943,0
Bonaire Sint Eustatius and Saba,BES,1944,0
Bonaire Sint Eustatius and Saba,BES,1945,0
Bonaire Sint Eustatius and Saba,BES,1946,0
Bonaire Sint Eustatius and Saba,BES,1947,0
Bonaire Sint Eustatius and Saba,BES,1948,0
Bonaire Sint Eustatius and Saba,BES,1949,0
Bonaire Sint Eustatius and Saba,BES,1950,0
Bonaire Sint Eustatius and Saba,BES,1951,0
Bonaire Sint Eustatius and Saba,BES,1952,0
Bonaire Sint Eustatius and Saba,BES,1953,0
Bonaire Sint Eustatius and Saba,BES,1954,0
Bonaire Sint Eustatius and Saba,BES,1955,0
Bonaire Sint Eustatius and Saba,BES,1956,0
Bonaire Sint Eustatius and Saba,BES,1957,0
Bonaire Sint Eustatius and Saba,BES,1958,0
Bonaire Sint Eustatius and Saba,BES,1959,0
Bonaire Sint Eustatius and Saba,BES,1960,0
Bonaire Sint Eustatius and Saba,BES,1961,0
Bonaire Sint Eustatius and Saba,BES,1962,0
Bonaire Sint Eustatius and Saba,BES,1963,0
Bonaire Sint Eustatius and Saba,BES,1964,0
Bonaire Sint Eustatius and Saba,BES,1965,0
Bonaire Sint Eustatius and Saba,BES,1966,0
Bonaire Sint Eustatius and Saba,BES,1967,0
Bonaire Sint Eustatius and Saba,BES,1968,0
Bonaire Sint Eustatius and Saba,BES,1969,0
Bonaire Sint Eustatius and Saba,BES,1970,0
Bonaire Sint Eustatius and Saba,BES,1971,0
Bonaire Sint Eustatius and Saba,BES,1972,0
Bonaire Sint Eustatius and Saba,BES,1973,0
Bonaire Sint Eustatius and Saba,BES,1974,0
Bonaire Sint Eustatius and Saba,BES,1975,0
Bonaire Sint Eustatius and Saba,BES,1976,0
Bonaire Sint Eustatius and Saba,BES,1977,0
Bonaire Sint Eustatius and Saba,BES,1978,0
Bonaire Sint Eustatius and Saba,BES,1979,0
Bonaire Sint Eustatius and Saba,BES,1980,0
Bonaire Sint Eustatius and Saba,BES,1981,0
Bonaire Sint Eustatius and Saba,BES,1982,0
Bonaire Sint Eustatius and Saba,BES,1983,0
Bonaire Sint Eustatius and Saba,BES,1984,0
Bonaire Sint Eustatius and Saba,BES,1985,0
Bonaire Sint Eustatius and Saba,BES,1986,0
Bonaire Sint Eustatius and Saba,BES,1987,0
Bonaire Sint Eustatius and Saba,BES,1988,0
Bonaire Sint Eustatius and Saba,BES,1989,0
Bonaire Sint Eustatius and Saba,BES,1990,0
Bonaire Sint Eustatius and Saba,BES,1991,0
Bonaire Sint Eustatius and Saba,BES,1992,0
Bonaire Sint Eustatius and Saba,BES,1993,0
Bonaire Sint Eustatius and Saba,BES,1994,0
Bonaire Sint Eustatius and Saba,BES,1995,0
Bonaire Sint Eustatius and Saba,BES,1996,0
Bonaire Sint Eustatius and Saba,BES,1997,0
Bonaire Sint Eustatius and Saba,BES,1998,0
Bonaire Sint Eustatius and Saba,BES,1999,0
Bonaire Sint Eustatius and Saba,BES,2000,0
Bonaire Sint Eustatius and Saba,BES,2001,0
Bonaire Sint Eustatius and Saba,BES,2002,0
Bonaire Sint Eustatius and Saba,BES,2003,0
Bonaire Sint Eustatius and Saba,BES,2004,0
Bonaire Sint Eustatius and Saba,BES,2005,0
Bonaire Sint Eustatius and Saba,BES,2006,0
Bonaire Sint Eustatius and Saba,BES,2007,0
Bonaire Sint Eustatius and Saba,BES,2008,0
Bonaire Sint Eustatius and Saba,BES,2009,0
Bonaire Sint Eustatius and Saba,BES,2010,0
Bonaire Sint Eustatius and Saba,BES,2011,0
Bonaire Sint Eustatius and Saba,BES,2012,0
Bonaire Sint Eustatius and Saba,BES,2013,0
Bonaire Sint Eustatius and Saba,BES,2014,0
Bonaire Sint Eustatius and Saba,BES,2015,0
Bonaire Sint Eustatius and Saba,BES,2016,0
Bonaire Sint Eustatius and Saba,BES,2017,0
Bonaire Sint Eustatius and Saba,BES,2018,0
Bonaire Sint Eustatius and Saba,BES,2019,0
Bonaire Sint Eustatius and Saba,BES,2020,0
Bonaire Sint Eustatius and Saba,BES,2021,0
Bonaire Sint Eustatius and Saba,BES,2022,0
Bonaire Sint Eustatius and Saba,BES,2023,0
Bonaire Sint Eustatius and Saba,BES,2024,0
Bosnia and Herzegovina,BIH,1885,0
Bosnia and Herzegovina,BIH,1890,0
Bosnia and Herzegovina,BIH,1891,0
Bosnia and Herzegovina,BIH,1892,0
Bosnia and Herzegovina,BIH,1893,0
Bosnia and Herzegovina,BIH,1894,0
Bosnia and Herzegovina,BIH,1895,0
Bosnia and Herzegovina,BIH,1896,0
Bosnia and Herzegovina,BIH,1897,0
Bosnia and Herzegovina,BIH,1898,0
Bosnia and Herzegovina,BIH,1899,0
Bosnia and Herzegovina,BIH,1900,0
Bosnia and Herzegovina,BIH,1901,0
Bosnia and Herzegovina,BIH,1902,0
Bosnia and Herzegovina,BIH,1903,0
Bosnia and Herzegovina,BIH,1904,0
Bosnia and Herzegovina,BIH,1905,0
Bosnia and Herzegovina,BIH,1906,0
Bosnia and Herzegovina,BIH,1907,0
Bosnia and Herzegovina,BIH,1908,0
Bosnia and Herzegovina,BIH,1909,0
Bosnia and Herzegovina,BIH,1910,0
Bosnia and Herzegovina,BIH,1911,0
Bosnia and Herzegovina,BIH,1912,0
Bosnia and Herzegovina,BIH,1913,0
Bosnia and Herzegovina,BIH,1919,0
Bosnia and Herzegovina,BIH,1920,0
Bosnia and Herzegovina,BIH,1921,0
Bosnia and Herzegovina,BIH,1922,0
Bosnia and Herzegovina,BIH,1923,0
Bosnia and Herzegovina,BIH,1924,0
Bosnia and Herzegovina,BIH,1925,0
Bosnia and Herzegovina,BIH,1926,0
Bosnia and Herzegovina,BIH,1927,0
Bosnia and Herzegovina,BIH,1928,0
Bosnia and Herzegovina,BIH,1929,0
Bosnia and Herzegovina,BIH,1930,0
Bosnia and Herzegovina,BIH,1931,0
Bosnia and Herzegovina,BIH,1932,0
Bosnia and Herzegovina,BIH,1933,0
Bosnia and Herzegovina,BIH,1934,0
Bosnia and Herzegovina,BIH,1935,0
Bosnia and Herzegovina,BIH,1936,0
Bosnia and Herzegovina,BIH,1937,0
Bosnia and Herzegovina,BIH,1938,0
Bosnia and Herzegovina,BIH,1939,0
Bosnia and Herzegovina,BIH,1940,0
Bosnia and Herzegovina,BIH,1943,0
Bosnia and Herzegovina,BIH,1944,0
Bosnia and Herzegovina,BIH,1945,0
Bosnia and Herzegovina,BIH,1946,0
Bosnia and Herzegovina,BIH,1947,0
Bosnia and Herzegovina,BIH,1948,0
Bosnia and Herzegovina,BIH,1949,0
Bosnia and Herzegovina,BIH,1950,0
Bosnia and Herzegovina,BIH,1951,0
Bosnia and Herzegovina,BIH,1952,0
Bosnia and Herzegovina,BIH,1953,0
Bosnia and Herzegovina,BIH,1954,0
Bosnia and Herzegovina,BIH,1955,0
Bosnia and Herzegovina,BIH,1956,0
Bosnia and Herzegovina,BIH,1957,0
Bosnia and Herzegovina,BIH,1958,0
Bosnia and Herzegovina,BIH,1959,0
Bosnia and Herzegovina,BIH,1960,0
Bosnia and Herzegovina,BIH,1961,0
Bosnia and Herzegovina,BIH,1962,0
Bosnia and Herzegovina,BIH,1963,0
Bosnia and Herzegovina,BIH,1964,0
Bosnia and Herzegovina,BIH,1965,0
Bosnia and Herzegovina,BIH,1966,0
Bosnia and Herzegovina,BIH,1967,0
Bosnia and Herzegovina,BIH,1968,0
Bosnia and Herzegovina,BIH,1969,0
Bosnia and Herzegovina,BIH,1970,0
Bosnia and Herzegovina,BIH,1971,0
Bosnia and Herzegovina,BIH,1972,0
Bosnia and Herzegovina,BIH,1973,0
Bosnia and Herzegovina,BIH,1974,0
Bosnia and Herzegovina,BIH,1975,0
Bosnia and Herzegovina,BIH,1976,0
Bosnia and Herzegovina,BIH,1977,0
Bosnia and Herzegovina,BIH,1978,0
Bosnia and Herzegovina,BIH,1979,0
Bosnia and Herzegovina,BIH,1980,29473
Bosnia and Herzegovina,BIH,1981,26598
Bosnia and Herzegovina,BIH,1982,27123
Bosnia and Herzegovina,BIH,1983,23295
Bosnia and Herzegovina,BIH,1984,22195
Bosnia and Herzegovina,BIH,1985,25535
Bosnia and Herzegovina,BIH,1986,25892
Bosnia and Herzegovina,BIH,1987,30666
Bosnia and Herzegovina,BIH,1988,31590
Bosnia and Herzegovina,BIH,1989,33084
Bosnia and Herzegovina,BIH,1990,32688
Bosnia and Herzegovina,BIH,1991,22240
Bosnia and Herzegovina,BIH,1994,0
Bosnia and Herzegovina,BIH,1995,0
Bosnia and Herzegovina,BIH,1996,0
Bosnia and Herzegovina,BIH,1997,0
Bosnia and Herzegovina,BIH,1998,0
Bosnia and Herzegovina,BIH,1999,0
Bosnia and Herzegovina,BIH,2000,0
Bosnia and Herzegovina,BIH,2001,0
Bosnia and Herzegovina,BIH,2002,0
Bosnia and Herzegovina,BIH,2003,0
Bosnia and Herzegovina,BIH,2004,0
Bosnia and Herzegovina,BIH,2005,0
Bosnia and Herzegovina,BIH,2006,0
Bosnia and Herzegovina,BIH,2007,0
Bosnia and Herzegovina,BIH,2008,0
Bosnia and Herzegovina,BIH,2009,0
Bosnia and Herzegovina,BIH,2010,0
Bosnia and Herzegovina,BIH,2011,0
Bosnia and Herzegovina,BIH,2012,0
Bosnia and Herzegovina,BIH,2013,0
Bosnia and Herzegovina,BIH,2014,0
Bosnia and Herzegovina,BIH,2015,0
Bosnia and Herzegovina,BIH,2016,0
Bosnia and Herzegovina,BIH,2017,0
Bosnia and Herzegovina,BIH,2018,0
Bosnia and Herzegovina,BIH,2019,0
Bosnia and Herzegovina,BIH,2020,0
Bosnia and Herzegovina,BIH,2021,0
Bosnia and Herzegovina,BIH,2022,0
Bosnia and Herzegovina,BIH,2023,0
Bosnia and Herzegovina,BIH,2024,0
Botswana,BWA,1994,0
Botswana,BWA,1995,0
Botswana,BWA,1996,0
Botswana,BWA,1997,0
Botswana,BWA,1998,0
Botswana,BWA,1999,0
Botswana,BWA,2000,0
Botswana,BWA,2001,0
Botswana,BWA,2002,0
Botswana,BWA,2003,0
Botswana,BWA,2004,0
Botswana,BWA,2005,0
Botswana,BWA,2006,0
Botswana,BWA,2007,0
Botswana,BWA,2008,0
Botswana,BWA,2009,0
Botswana,BWA,2010,0
Botswana,BWA,2011,0
Botswana,BWA,2012,0
Botswana,BWA,2013,0
Botswana,BWA,2014,0
Botswana,BWA,2015,0
Botswana,BWA,2016,0
Botswana,BWA,2017,0
Botswana,BWA,2018,0
Botswana,BWA,2019,0
Botswana,BWA,2020,0
Botswana,BWA,2021,0
Botswana,BWA,2022,0
Botswana,BWA,2023,0
Botswana,BWA,2024,0
Brazil,BRA,1950,7328
Brazil,BRA,1951,14656
Brazil,BRA,1952,14654
Brazil,BRA,1953,51289
Brazil,BRA,1954,124561
Brazil,BRA,1955,120899
Brazil,BRA,1956,164880
Brazil,BRA,1957,175908
Brazil,BRA,1958,311440
Brazil,BRA,1959,447008
Brazil,BRA,1960,545936
Brazil,BRA,1961,549641
Brazil,BRA,1962,520252
Brazil,BRA,1963,494640
Brazil,BRA,1964,556892
Brazil,BRA,1965,648570
Brazil,BRA,1966,773104
Brazil,BRA,1967,842720
Brazil,BRA,1968,989233
Brazil,BRA,1969,1275072
Brazil,BRA,1970,1887034
Brazil,BRA,1971,1381328
Brazil,BRA,1972,1223776
Brazil,BRA,1973,926992
Brazil,BRA,1974,839056
Brazil,BRA,1975,806080
Brazil,BRA,1976,842720
Brazil,BRA,1977,820736
Brazil,BRA,1978,1018571
Brazil,BRA,1979,1154138
Brazil,BRA,1980,1308022
Brazil,BRA,1981,1747728
Brazil,BRA,1982,2128784
Brazil,BRA,1983,3052179
Brazil,BRA,1984,3601712
Brazil,BRA,1985,3447894
Brazil,BRA,1986,2630752
Brazil,BRA,1987,2253360
Brazil,BRA,1988,2300992
Brazil,BRA,1989,2114128
Brazil,BRA,1990,7554000
Brazil,BRA,1991,7361000
Brazil,BRA,1992,7445000
Brazil,BRA,1993,7576000
Brazil,BRA,1994,8003999.5
Brazil,BRA,1995,7514000
Brazil,BRA,1996,7821000
Brazil,BRA,1997,8604000
Brazil,BRA,1998,9463000
Brazil,BRA,1999,10123000
Brazil,BRA,2000,10737000
Brazil,BRA,2001,11721000
Brazil,BRA,2002,11218000
Brazil,BRA,2003,11199000
Brazil,BRA,2004,10840000
Brazil,BRA,2005,13877000
Brazil,BRA,2006,12882000
Brazil,BRA,2007,13469000
Brazil,BRA,2008,14207000
Brazil,BRA,2009,18434000
Brazil,BRA,2010,15214000
Brazil,BRA,2011,14120000
Brazil,BRA,2012,14761000
Brazil,BRA,2013,16634001
Brazil,BRA,2014,17642000
Brazil,BRA,2015,17604000
Brazil,BRA,2016,17505000
Brazil,BRA,2017,17505000
Brazil,BRA,2018,17505000
Brazil,BRA,2019,17505000
Brazil,BRA,2020,17505000
Brazil,BRA,2021,17505000
Brazil,BRA,2022,17505000
Brazil,BRA,2023,17505000
Brazil,BRA,2024,17505000
British Virgin Islands,VGB,1994,0
British Virgin Islands,VGB,1995,0
British Virgin Islands,VGB,1996,0
British Virgin Islands,VGB,1997,0
British Virgin Islands,VGB,1998,0
British Virgin Islands,VGB,1999,0
British Virgin Islands,VGB,2000,0
British Virgin Islands,VGB,2001,0
British Virgin Islands,VGB,2002,0
British Virgin Islands,VGB,2003,0
British Virgin Islands,VGB,2004,0
British Virgin Islands,VGB,2005,0
British Virgin Islands,VGB,2006,0
British Virgin Islands,VGB,2007,0
British Virgin Islands,VGB,2008,0
British Virgin Islands,VGB,2009,0
British Virgin Islands,VGB,2010,0
British Virgin Islands,VGB,2011,0
British Virgin Islands,VGB,2012,0
British Virgin Islands,VGB,2013,0
British Virgin Islands,VGB,2014,0
British Virgin Islands,VGB,2015,0
British Virgin Islands,VGB,2016,0
British Virgin Islands,VGB,2017,0
British Virgin Islands,VGB,2018,0
British Virgin Islands,VGB,2019,0
British Virgin Islands,VGB,2020,0
British Virgin Islands,VGB,2021,0
British Virgin Islands,VGB,2022,0
British Virgin Islands,VGB,2023,0
British Virgin Islands,VGB,2024,0
Brunei,BRN,1970,7624784
Brunei,BRN,1971,6888320
Brunei,BRN,1972,8496816
Brunei,BRN,1973,8863624
Brunei,BRN,1974,6518999
Brunei,BRN,1975,5257840
Brunei,BRN,1976,4659780
Brunei,BRN,1977,4157360
Brunei,BRN,1978,5389744
Brunei,BRN,1979,3323248
Brunei,BRN,1980,3297600
Brunei,BRN,1981,875696
Brunei,BRN,1982,1486523
Brunei,BRN,1983,1421632
Brunei,BRN,1984,161525
Brunei,BRN,1985,135568
Brunei,BRN,1986,33029
Brunei,BRN,1987,47632
Brunei,BRN,1988,47632
Brunei,BRN,1989,47632
Brunei,BRN,1990,58624
Brunei,BRN,1991,1201792
Brunei,BRN,1992,1143168
Brunei,BRN,1993,589904
Brunei,BRN,1994,122920
Brunei,BRN,1995,95365
Brunei,BRN,1996,111118
Brunei,BRN,1997,133246
Brunei,BRN,1998,198207
Brunei,BRN,1999,236563
Brunei,BRN,2000,283920
Brunei,BRN,2001,386112
Brunei,BRN,2002,251089.98
Brunei,BRN,2003,258915.98
Brunei,BRN,2004,177553
Brunei,BRN,2005,163351
Brunei,BRN,2006,295672
Brunei,BRN,2007,290697
Brunei,BRN,2008,617449
Brunei,BRN,2009,394713
Brunei,BRN,2010,300998
Brunei,BRN,2011,311167
Brunei,BRN,2012,321337
Brunei,BRN,2013,345687
Brunei,BRN,2014,370816
Brunei,BRN,2015,396714
Brunei,BRN,2016,488559
Brunei,BRN,2017,559752
Brunei,BRN,2018,411922
Brunei,BRN,2019,576397
Brunei,BRN,2020,285802
Brunei,BRN,2021,405401
Brunei,BRN,2022,171058
Brunei,BRN,2023,213540
Brunei,BRN,2024,190331
Bulgaria,BGR,1990,124580
Bulgaria,BGR,1991,89678
Bulgaria,BGR,1992,138439
Bulgaria,BGR,1993,161285
Bulgaria,BGR,1994,154584
Bulgaria,BGR,1995,166910
Bulgaria,BGR,1996,160083
Bulgaria,BGR,1997,145296
Bulgaria,BGR,1998,129149.01
Bulgaria,BGR,1999,127103
Bulgaria,BGR,2000,124441
Bulgaria,BGR,2001,124923
Bulgaria,BGR,2002,120972
Bulgaria,BGR,2003,116259
Bulgaria,BGR,2004,118646
Bulgaria,BGR,2005,124128
Bulgaria,BGR,2006,128637
Bulgaria,BGR,2007,139782
Bulgaria,BGR,2008,151939
Bulgaria,BGR,2009,327154
Bulgaria,BGR,2010,374364
Bulgaria,BGR,2011,394480
Bulgaria,BGR,2012,383022
Bulgaria,BGR,2013,412008
Bulgaria,BGR,2014,383970
Bulgaria,BGR,2015,600375
Bulgaria,BGR,2016,812910
Bulgaria,BGR,2017,877462
Bulgaria,BGR,2018,711454
Bulgaria,BGR,2019,827004
Bulgaria,BGR,2020,684380
Bulgaria,BGR,2021,562522
Bulgaria,BGR,2022,780786
Bulgaria,BGR,2023,692923
Bulgaria,BGR,2024,692923
Burkina Faso,BFA,1950,0
Burkina Faso,BFA,1951,0
Burkina Faso,BFA,1952,0
Burkina Faso,BFA,1953,0
Burkina Faso,BFA,1954,0
Burkina Faso,BFA,1955,0
Burkina Faso,BFA,1956,0
Burkina Faso,BFA,1957,0
Burkina Faso,BFA,1994,0
Burkina Faso,BFA,1995,0
Burkina Faso,BFA,1996,0
Burkina Faso,BFA,1997,0
Burkina Faso,BFA,1998,0
Burkina Faso,BFA,1999,0
Burkina Faso,BFA,2000,0
Burkina Faso,BFA,2001,0
Burkina Faso,BFA,2002,0
Burkina Faso,BFA,2003,0
Burkina Faso,BFA,2004,0
Burkina Faso,BFA,2005,0
Burkina Faso,BFA,2006,0
Burkina Faso,BFA,2007,0
Burkina Faso,BFA,2008,0
Burkina Faso,BFA,2009,0
Burkina Faso,BFA,2010,0
Burkina Faso,BFA,2011,0
Burkina Faso,BFA,2012,0
Burkina Faso,BFA,2013,0
Burkina Faso,BFA,2014,0
Burkina Faso,BFA,2015,0
Burkina Faso,BFA,2016,0
Burkina Faso,BFA,2017,0
Burkina Faso,BFA,2018,0
Burkina Faso,BFA,2019,0
Burkina Faso,BFA,2020,0
Burkina Faso,BFA,2021,0
Burkina Faso,BFA,2022,0
Burkina Faso,BFA,2023,0
Burkina Faso,BFA,2024,0
Burundi,BDI,1950,0
Burundi,BDI,1951,0
Burundi,BDI,1952,0
Burundi,BDI,1953,0
Burundi,BDI,1954,0
Burundi,BDI,1955,0
Burundi,BDI,1956,0
Burundi,BDI,1957,0
Burundi,BDI,1958,0
Burundi,BDI,1959,0
Burundi,BDI,1960,0
Burundi,BDI,1961,0
Burundi,BDI,1994,0
Burundi,BDI,1995,0
Burundi,BDI,1996,0
Burundi,BDI,1997,0
Burundi,BDI,1998,0
Burundi,BDI,1999,0
Burundi,BDI,2000,0
Burundi,BDI,2001,0
Burundi,BDI,2002,0
Burundi,BDI,2003,0
Burundi,BDI,2004,0
Burundi,BDI,2005,0
Burundi,BDI,2006,0
Burundi,BDI,2007,0
Burundi,BDI,2008,0
Burundi,BDI,2009,0
Burundi,BDI,2010,0
Burundi,BDI,2011,0
Burundi,BDI,2012,0
Burundi,BDI,2013,0
Burundi,BDI,2014,0
Burundi,BDI,2015,0
Burundi,BDI,2016,0
Burundi,BDI,2017,0
Burundi,BDI,2018,0
Burundi,BDI,2019,0
Burundi,BDI,2020,0
Burundi,BDI,2021,0
Burundi,BDI,2022,0
Burundi,BDI,2023,0
Burundi,BDI,2024,0
Cambodia,KHM,1994,0
Cambodia,KHM,1995,0
Cambodia,KHM,1996,0
Cambodia,KHM,1997,0
Cambodia,KHM,1998,0
Cambodia,KHM,1999,0
Cambodia,KHM,2000,0
Cambodia,KHM,2001,0
Cambodia,KHM,2002,0
Cambodia,KHM,2003,0
Cambodia,KHM,2004,0
Cambodia,KHM,2005,0
Cambodia,KHM,2006,0
Cambodia,KHM,2007,0
Cambodia,KHM,2008,0
Cambodia,KHM,2009,0
Cambodia,KHM,2010,0
Cambodia,KHM,2011,0
Cambodia,KHM,2012,0
Cambodia,KHM,2013,0
Cambodia,KHM,2014,0
Cambodia,KHM,2015,0
Cambodia,KHM,2016,0
Cambodia,KHM,2017,0
Cambodia,KHM,2018,0
Cambodia,KHM,2019,0
Cambodia,KHM,2020,0
Cambodia,KHM,2021,23701
Cambodia,KHM,2022,0
Cambodia,KHM,2023,0
Cambodia,KHM,2024,0
Cameroon,CMR,1994,2038626
Cameroon,CMR,1995,2170947
Cameroon,CMR,1996,2380781
Cameroon,CMR,1997,2221405
Cameroon,CMR,1998,2237133
Cameroon,CMR,1999,2222531
Cameroon,CMR,2000,2242584
Cameroon,CMR,2001,2236583
Cameroon,CMR,2002,2025299.1
Cameroon,CMR,2003,2005945.9
Cameroon,CMR,2004,1847170
Cameroon,CMR,2005,1832568
Cameroon,CMR,2006,1733452
Cameroon,CMR,2007,1706273
Cameroon,CMR,2008,1894603
Cameroon,CMR,2009,1960914
Cameroon,CMR,2010,1721275
Cameroon,CMR,2011,1584471
Cameroon,CMR,2012,1447667
Cameroon,CMR,2013,1563091
Cameroon,CMR,2014,1687225
Cameroon,CMR,2015,2036447
Cameroon,CMR,2016,2012317.9
Cameroon,CMR,2017,1961570
Cameroon,CMR,2018,2009162
Cameroon,CMR,2019,1963364
Cameroon,CMR,2020,1692827
Cameroon,CMR,2021,1467883
Cameroon,CMR,2022,1402454
Cameroon,CMR,2023,1252980
Cameroon,CMR,2024,1097694
Canada,CAN,1950,0
Canada,CAN,1951,0
Canada,CAN,1952,0
Canada,CAN,1953,1271408
Canada,CAN,1954,0
Canada,CAN,1955,2092189.1
Canada,CAN,1956,3319584
Canada,CAN,1957,4191616
Canada,CAN,1958,4136655.8
Canada,CAN,1959,3154704
Canada,CAN,1960,3205939
Canada,CAN,1961,3993760
Canada,CAN,1962,4609312
Canada,CAN,1963,4532368
Canada,CAN,1964,4231920
Canada,CAN,1965,4209875
Canada,CAN,1966,4242912
Canada,CAN,1967,4184288
Canada,CAN,1968,4294260
Canada,CAN,1969,4473691
Canada,CAN,1970,4803504
Canada,CAN,1971,4547024
Canada,CAN,1972,4356454
Canada,CAN,1973,4220928
Canada,CAN,1974,3535727
Canada,CAN,1975,2667417
Canada,CAN,1976,2432896
Canada,CAN,1977,2326619
Canada,CAN,1978,2531802
Canada,CAN,1979,2949544
Canada,CAN,1980,3132694
Canada,CAN,1981,2971504
Canada,CAN,1982,2861584
Canada,CAN,1983,3066768
Canada,CAN,1984,4305200
Canada,CAN,1985,5008688
Canada,CAN,1986,4741259
Canada,CAN,1987,4708240
Canada,CAN,1988,5191846
Canada,CAN,1989,4660608
Canada,CAN,1990,11835022
Canada,CAN,1991,12145337
Canada,CAN,1992,13051779
Canada,CAN,1993,13190127
Canada,CAN,1994,14459082
Canada,CAN,1995,14716269
Canada,CAN,1996,15911335
Canada,CAN,1997,16052336
Canada,CAN,1998,17755800
Canada,CAN,1999,16058449
Canada,CAN,2000,16040207
Canada,CAN,2001,15461570
Canada,CAN,2002,15822265
Canada,CAN,2003,15321565
Canada,CAN,2004,15795856
Canada,CAN,2005,15466752
Canada,CAN,2006,15822559
Canada,CAN,2007,15870105
Canada,CAN,2008,15121486
Canada,CAN,2009,14196731
Canada,CAN,2010,14490858
Canada,CAN,2011,14648575
Canada,CAN,2012,15536313
Canada,CAN,2013,16638741
Canada,CAN,2014,16523340
Canada,CAN,2015,15322415
Canada,CAN,2016,13295697
Canada,CAN,2017,14047484
Canada,CAN,2018,14538508
Canada,CAN,2019,14837900
Canada,CAN,2020,15155778
Canada,CAN,2021,15922781
Canada,CAN,2022,16306223
Canada,CAN,2023,17121362
Canada,CAN,2024,17121362
Cape Verde,CPV,1994,0
Cape Verde,CPV,1995,0
Cape Verde,CPV,1996,0
Cape Verde,CPV,1997,0
Cape Verde,CPV,1998,0
Cape Verde,CPV,1999,0
Cape Verde,CPV,2000,0
Cape Verde,CPV,2001,0
Cape Verde,CPV,2002,0
Cape Verde,CPV,2003,0
Cape Verde,CPV,2004,0
Cape Verde,CPV,2005,0
Cape Verde,CPV,2006,0
Cape Verde,CPV,2007,0
Cape Verde,CPV,2008,0
Cape Verde,CPV,2009,0
Cape Verde,CPV,2010,0
Cape Verde,CPV,2011,0
Cape Verde,CPV,2012,0
Cape Verde,CPV,2013,0
Cape Verde,CPV,2014,0
Cape Verde,CPV,2015,0
Cape Verde,CPV,2016,0
Cape Verde,CPV,2017,0
Cape Verde,CPV,2018,0
Cape Verde,CPV,2019,0
Cape Verde,CPV,2020,0
Cape Verde,CPV,2021,0
Cape Verde,CPV,2022,0
Cape Verde,CPV,2023,0
Cape Verde,CPV,2024,0
Central African Republic,CAF,1950,0
Central African Republic,CAF,1951,0
Central African Republic,CAF,1952,0
Central African Republic,CAF,1953,0
Central African Republic,CAF,1954,0
Central African Republic,CAF,1955,0
Central African Republic,CAF,1956,0
Central African Republic,CAF,1957,0
Central African Republic,CAF,1958,0
Central African Republic,CAF,1994,0
Central African Republic,CAF,1995,0
Central African Republic,CAF,1996,0
Central African Republic,CAF,1997,0
Central African Republic,CAF,1998,0
Central African Republic,CAF,1999,0
Central African Republic,CAF,2000,0
Central African Republic,CAF,2001,0
Central African Republic,CAF,2002,0
Central African Republic,CAF,2003,0
Central African Republic,CAF,2004,0
Central African Republic,CAF,2005,0
Central African Republic,CAF,2006,0
Central African Republic,CAF,2007,0
Central African Republic,CAF,2008,0
Central African Republic,CAF,2009,0
Central African Republic,CAF,2010,0
Central African Republic,CAF,2011,0
Central African Republic,CAF,2012,0
Central African Republic,CAF,2013,0
Central African Republic,CAF,2014,0
Central African Republic,CAF,2015,0
Central African Republic,CAF,2016,0
Central African Republic,CAF,2017,0
Central African Republic,CAF,2018,0
Central African Republic,CAF,2019,0
Central African Republic,CAF,2020,0
Central African Republic,CAF,2021,0
Central African Republic,CAF,2022,0
Central African Republic,CAF,2023,0
Central African Republic,CAF,2024,0
Chad,TCD,1950,0
Chad,TCD,1951,0
Chad,TCD,1952,0
Chad,TCD,1953,0
Chad,TCD,1954,0
Chad,TCD,1955,0
Chad,TCD,1956,0
Chad,TCD,1957,0
Chad,TCD,1958,0
Chad,TCD,1994,5401
Chad,TCD,1995,6051
Chad,TCD,1996,7201
Chad,TCD,1997,2425
Chad,TCD,1998,2175
Chad,TCD,1999,925
Chad,TCD,2000,200
Chad,TCD,2001,3626
Chad,TCD,2002,18253
Chad,TCD,2003,138622
Chad,TCD,2004,155075
Chad,TCD,2005,159926
Chad,TCD,2006,169527
Chad,TCD,2007,213259
Chad,TCD,2008,128671.01
Chad,TCD,2009,109518
Chad,TCD,2010,100166
Chad,TCD,2011,147336
Chad,TCD,2012,194506
Chad,TCD,2013,253378
Chad,TCD,2014,306257
Chad,TCD,2015,449106
Chad,TCD,2016,500341
Chad,TCD,2017,439091
Chad,TCD,2018,397146
Chad,TCD,2019,319589
Chad,TCD,2020,281441
Chad,TCD,2021,336408
Chad,TCD,2022,417461
Chad,TCD,2023,397719
Chad,TCD,2024,349943
Chile,CHL,1952,117248
Chile,CHL,1953,102592
Chile,CHL,1954,54960
Chile,CHL,1955,135568
Chile,CHL,1956,208913
Chile,CHL,1957,414032
Chile,CHL,1958,784096
Chile,CHL,1959,1113856
Chile,CHL,1960,1535216
Chile,CHL,1961,2260688
Chile,CHL,1962,2994144
Chile,CHL,1963,2960512
Chile,CHL,1964,2564800
Chile,CHL,1965,2506176
Chile,CHL,1966,2219951
Chile,CHL,1967,2465403
Chile,CHL,1968,2939036
Chile,CHL,1969,3616368
Chile,CHL,1970,2092454.9
Chile,CHL,1971,3462949
Chile,CHL,1972,4280109
Chile,CHL,1973,4587328
Chile,CHL,1974,3656155
Chile,CHL,1975,3787972
Chile,CHL,1976,4606349
Chile,CHL,1977,3088752
Chile,CHL,1978,2967840
Chile,CHL,1979,3081424
Chile,CHL,1980,2465514
Chile,CHL,1981,1278927
Chile,CHL,1982,941648
Chile,CHL,1983,751120
Chile,CHL,1984,762112
Chile,CHL,1985,622986
Chile,CHL,1986,406771
Chile,CHL,1987,359072
Chile,CHL,1988,274800
Chile,CHL,1989,300448
Chile,CHL,1990,384763
Chile,CHL,1991,238132
Chile,CHL,1992,241824
Chile,CHL,1993,197856
Chile,CHL,1994,629501
Chile,CHL,1995,805479
Chile,CHL,1996,908295
Chile,CHL,1997,809179
Chile,CHL,1998,706013
Chile,CHL,1999,752270
Chile,CHL,2000,703863
Chile,CHL,2001,656930
Chile,CHL,2002,547863
Chile,CHL,2003,419217
Chile,CHL,2004,381886
Chile,CHL,2005,340229
Chile,CHL,2006,208833
Chile,CHL,2007,163251
Chile,CHL,2008,134772
Chile,CHL,2009,139922
Chile,CHL,2010,87864
Chile,CHL,2011,65686
Chile,CHL,2012,43508
Chile,CHL,2013,46865
Chile,CHL,2014,63716
Chile,CHL,2015,89663
Chile,CHL,2016,100293
Chile,CHL,2017,57815
Chile,CHL,2018,88730
Chile,CHL,2019,45957
Chile,CHL,2020,27824
Chile,CHL,2021,11623
Chile,CHL,2022,8174.0005
Chile,CHL,2023,5539
Chile,CHL,2024,5903
China,CHN,1971,791421
China,CHN,1972,1022259.94
China,CHN,1973,1264080
China,CHN,1974,1634144
China,CHN,1975,1905286
China,CHN,1976,1905280
China,CHN,1977,2180080
China,CHN,1978,2737008
China,CHN,1979,3063096
China,CHN,1980,3011800
China,CHN,1981,2689383
China,CHN,1982,2524496
China,CHN,1983,2671056
China,CHN,1984,3213328
China,CHN,1994,3736648
China,CHN,1995,3728346
China,CHN,1996,5584443
China,CHN,1997,5424943
China,CHN,1998,4132161.2
China,CHN,1999,4432534
China,CHN,2000,4736708
China,CHN,2001,4782715
China,CHN,2002,4485693
China,CHN,2003,5179579
China,CHN,2004,5192006
China,CHN,2005,5587519
China,CHN,2006,5534235
China,CHN,2007,4964769
China,CHN,2008,4665596
China,CHN,2009,4556529
China,CHN,2010,3974086
China,CHN,2011,3853320
China,CHN,2012,3732554
China,CHN,2013,3632474
China,CHN,2014,3930359
China,CHN,2015,3901279
China,CHN,2016,3090373
China,CHN,2017,2969262
China,CHN,2018,3408357
China,CHN,2019,3839250
China,CHN,2020,5169677
China,CHN,2021,4812420
China,CHN,2022,4678356
China,CHN,2023,4493834
China,CHN,2024,4013123
Christmas Island,CXR,1994,0
Christmas Island,CXR,1995,0
Christmas Island,CXR,1996,0
Christmas Island,CXR,1997,0
Christmas Island,CXR,1998,0
Christmas Island,CXR,1999,0
Christmas Island,CXR,2000,0
Christmas Island,CXR,2001,0
Christmas Island,CXR,2002,0
Christmas Island,CXR,2003,0
Christmas Island,CXR,2004,0
Christmas Island,CXR,2005,0
Christmas Island,CXR,2006,0
Christmas Island,CXR,2007,0
Christmas Island,CXR,2008,0
Christmas Island,CXR,2009,0
Christmas Island,CXR,2010,0
Christmas Island,CXR,2011,0
Christmas Island,CXR,2012,0
Christmas Island,CXR,2013,0
Christmas Island,CXR,2014,0
Christmas Island,CXR,2015,0
Christmas Island,CXR,2016,0
Christmas Island,CXR,2017,0
Christmas Island,CXR,2018,0
Christmas Island,CXR,2019,0
Christmas Island,CXR,2020,0
Christmas Island,CXR,2021,0
Christmas Island,CXR,2022,0
Christmas Island,CXR,2023,0
Christmas Island,CXR,2024,0
Colombia,COL,1950,0
Colombia,COL,1951,0
Colombia,COL,1952,0
Colombia,COL,1953,0
Colombia,COL,1954,0
Colombia,COL,1955,0
Colombia,COL,1956,0
Colombia,COL,1957,0
Colombia,COL,1958,0
Colombia,COL,1959,501854
Colombia,COL,1960,366400
Colombia,COL,1961,307776
Colombia,COL,1962,271136
Colombia,COL,1963,340693
Colombia,COL,1964,670399
Colombia,COL,1965,1751111
Colombia,COL,1966,1711088
Colombia,COL,1967,1253088
Colombia,COL,1968,985480
Colombia,COL,1969,1352016
Colombia,COL,1970,1102864
Colombia,COL,1971,1260568
Colombia,COL,1972,1124717
Colombia,COL,1973,1044126.06
Colombia,COL,1974,1128399
Colombia,COL,1975,1436288
Colombia,COL,1976,1524077
Colombia,COL,1977,1561009
Colombia,COL,1978,1575520
Colombia,COL,1979,1428960
Colombia,COL,1980,1036998.06
Colombia,COL,1981,1146737
Colombia,COL,1982,1128422
Colombia,COL,1983,1216448
Colombia,COL,1984,1154160
Colombia,COL,1985,1106444
Colombia,COL,1986,1000197.06
Colombia,COL,1987,875696
Colombia,COL,1988,787760
Colombia,COL,1989,740077
Colombia,COL,1990,806080
Colombia,COL,1991,828064
Colombia,COL,1992,923328
Colombia,COL,1993,1132242
Colombia,COL,1994,968605
Colombia,COL,1995,1301208
Colombia,COL,1996,859938
Colombia,COL,1997,1866199
Colombia,COL,1998,1916182
Colombia,COL,1999,1319111
Colombia,COL,2000,1307209
Colombia,COL,2001,1609107
Colombia,COL,2002,1559074
Colombia,COL,2003,1269803
Colombia,COL,2004,1048543
Colombia,COL,2005,856762
Colombia,COL,2006,831108
Colombia,COL,2007,843935
Colombia,COL,2008,797578
Colombia,COL,2009,896843
Colombia,COL,2010,1068921
Colombia,COL,2011,1459831
Colombia,COL,2012,1850741
Colombia,COL,2013,1662423
Colombia,COL,2014,1626983
Colombia,COL,2015,1542764
Colombia,COL,2016,1109358
Colombia,COL,2017,1033548
Colombia,COL,2018,1045016.06
Colombia,COL,2019,1003447.06
Colombia,COL,2020,733038
Colombia,COL,2021,615765
Colombia,COL,2022,458168
Colombia,COL,2023,602775
Colombia,COL,2024,579792
Comoros,COM,1994,0
Comoros,COM,1995,0
Comoros,COM,1996,0
Comoros,COM,1997,0
Comoros,COM,1998,0
Comoros,COM,1999,0
Comoros,COM,2000,0
Comoros,COM,2001,0
Comoros,COM,2002,0
Comoros,COM,2003,0
Comoros,COM,2004,0
Comoros,COM,2005,0
Comoros,COM,2006,0
Comoros,COM,2007,0
Comoros,COM,2008,0
Comoros,COM,2009,0
Comoros,COM,2010,0
Comoros,COM,2011,0
Comoros,COM,2012,0
Comoros,COM,2013,0
Comoros,COM,2014,0
Comoros,COM,2015,0
Comoros,COM,2016,0
Comoros,COM,2017,0
Comoros,COM,2018,0
Comoros,COM,2019,0
Comoros,COM,2020,0
Comoros,COM,2021,0
Comoros,COM,2022,0
Comoros,COM,2023,0
Comoros,COM,2024,0
Congo,COG,1950,0
Congo,COG,1951,0
Congo,COG,1952,0
Congo,COG,1953,0
Congo,COG,1954,0
Congo,COG,1955,0
Congo,COG,1956,0
Congo,COG,1957,0
Congo,COG,1958,0
Congo,COG,1970,116501
Congo,COG,1971,142896
Congo,COG,1972,131179
Congo,COG,1973,830558
Congo,COG,1974,1220112
Congo,COG,1975,729136
Congo,COG,1976,690882
Congo,COG,1977,179536
Congo,COG,1978,80608
Congo,COG,1979,69616
Congo,COG,1980,109920
Congo,COG,1981,128240.01
Congo,COG,1982,153888
Congo,COG,1983,161216
Congo,COG,1984,164880
Congo,COG,1985,164409
Congo,COG,1986,168544
Congo,COG,1987,168544
Congo,COG,1988,168544
Congo,COG,1989,168544
Congo,COG,1994,1615308
Congo,COG,1995,2038726.1
Congo,COG,1996,2698032
Congo,COG,1997,2909840
Congo,COG,1998,3513862
Congo,COG,1999,3552843
Congo,COG,2000,3803508
Congo,COG,2001,3573247
Congo,COG,2002,2229307
Congo,COG,2003,2448367
Congo,COG,2004,2691231
Congo,COG,2005,3356037
Congo,COG,2006,3658410
Congo,COG,2007,3048113
Congo,COG,2008,2940270
Congo,COG,2009,3219515
Congo,COG,2010,3538166
Congo,COG,2011,2806593
Congo,COG,2012,2075020.1
Congo,COG,2013,2684239
Congo,COG,2014,2367243
Congo,COG,2015,2210732
Congo,COG,2016,2107513
Congo,COG,2017,2137009
Congo,COG,2018,2975822
Congo,COG,2019,3148871
Congo,COG,2020,3363105
Congo,COG,2021,2861686
Congo,COG,2022,3421128
Congo,COG,2023,3140959
Congo,COG,2024,3639755
Cook Islands,COK,1994,0
Cook Islands,COK,1995,0
Cook Islands,COK,1996,0
Cook Islands,COK,1997,0
Cook Islands,COK,1998,0
Cook Islands,COK,1999,0
Cook Islands,COK,2000,0
Cook Islands,COK,2001,0
Cook Islands,COK,2002,0
Cook Islands,COK,2003,0
Cook Islands,COK,2004,0
Cook Islands,COK,2005,0
Cook Islands,COK,2006,0
Cook Islands,COK,2007,0
Cook Islands,COK,2008,0
Cook Islands,COK,2009,0
Cook Islands,COK,2010,0
Cook Islands,COK,2011,0
Cook Islands,COK,2012,0
Cook Islands,COK,2013,0
Cook Islands,COK,2014,0
Cook Islands,COK,2015,0
Cook Islands,COK,2016,0
Cook Islands,COK,2017,0
Cook Islands,COK,2018,0
Cook Islands,COK,2019,0
Cook Islands,COK,2020,0
Cook Islands,COK,2021,0
Cook Islands,COK,2022,0
Cook Islands,COK,2023,0
Cook Islands,COK,2024,0
Costa Rica,CRI,1994,0
Costa Rica,CRI,1995,0
Costa Rica,CRI,1996,0
Costa Rica,CRI,1997,0
Costa Rica,CRI,1998,0
Costa Rica,CRI,1999,0
Costa Rica,CRI,2000,0
Costa Rica,CRI,2001,0
Costa Rica,CRI,2002,0
Costa Rica,CRI,2003,0
Costa Rica,CRI,2004,0
Costa Rica,CRI,2005,0
Costa Rica,CRI,2006,0
Costa Rica,CRI,2007,0
Costa Rica,CRI,2008,0
Costa Rica,CRI,2009,0
Costa Rica,CRI,2010,0
Costa Rica,CRI,2011,0
Costa Rica,CRI,2012,0
Costa Rica,CRI,2013,0
Costa Rica,CRI,2014,0
Costa Rica,CRI,2015,0
Costa Rica,CRI,2016,0
Costa Rica,CRI,2017,0
Costa Rica,CRI,2018,0
Costa Rica,CRI,2019,0
Costa Rica,CRI,2020,0
Costa Rica,CRI,2021,0
Costa Rica,CRI,2022,0
Costa Rica,CRI,2023,0
Costa Rica,CRI,2024,0
Cote d'Ivoire,CIV,1950,0
Cote d'Ivoire,CIV,1951,0
Cote d'Ivoire,CIV,1952,0
Cote d'Ivoire,CIV,1953,0
Cote d'Ivoire,CIV,1954,0
Cote d'Ivoire,CIV,1955,0
Cote d'Ivoire,CIV,1956,0
Cote d'Ivoire,CIV,1957,0
Cote d'Ivoire,CIV,1994,0
Cote d'Ivoire,CIV,1995,109868
Cote d'Ivoire,CIV,1996,190681
Cote d'Ivoire,CIV,1997,198582
Cote d'Ivoire,CIV,1998,171277
Cote d'Ivoire,CIV,1999,152399
Cote d'Ivoire,CIV,2000,170277
Cote d'Ivoire,CIV,2001,252065
Cote d'Ivoire,CIV,2002,492229
Cote d'Ivoire,CIV,2003,167452
Cote d'Ivoire,CIV,2004,50933
Cote d'Ivoire,CIV,2005,67811
Cote d'Ivoire,CIV,2006,75862
Cote d'Ivoire,CIV,2007,116694
Cote d'Ivoire,CIV,2008,121069
Cote d'Ivoire,CIV,2009,145623
Cote d'Ivoire,CIV,2010,160826
Cote d'Ivoire,CIV,2011,180786
Cote d'Ivoire,CIV,2012,200746
Cote d'Ivoire,CIV,2013,153370
Cote d'Ivoire,CIV,2014,164313
Cote d'Ivoire,CIV,2015,149257
Cote d'Ivoire,CIV,2016,181392
Cote d'Ivoire,CIV,2017,141537
Cote d'Ivoire,CIV,2018,97376
Cote d'Ivoire,CIV,2019,92681
Cote d'Ivoire,CIV,2020,88895
Cote d'Ivoire,CIV,2021,28412
Cote d'Ivoire,CIV,2022,48056
Cote d'Ivoire,CIV,2023,67197
Cote d'Ivoire,CIV,2024,66138
Croatia,HRV,1885,0
Croatia,HRV,1890,0
Croatia,HRV,1891,0
Croatia,HRV,1892,0
Croatia,HRV,1893,0
Croatia,HRV,1894,0
Croatia,HRV,1895,0
Croatia,HRV,1896,0
Croatia,HRV,1897,0
Croatia,HRV,1898,0
Croatia,HRV,1899,0
Croatia,HRV,1900,0
Croatia,HRV,1901,0
Croatia,HRV,1902,0
Croatia,HRV,1903,0
Croatia,HRV,1904,0
Croatia,HRV,1905,0
Croatia,HRV,1906,0
Croatia,HRV,1907,0
Croatia,HRV,1908,0
Croatia,HRV,1909,0
Croatia,HRV,1910,0
Croatia,HRV,1911,0
Croatia,HRV,1912,0
Croatia,HRV,1913,0
Croatia,HRV,1919,0
Croatia,HRV,1920,0
Croatia,HRV,1921,0
Croatia,HRV,1922,0
Croatia,HRV,1923,0
Croatia,HRV,1924,0
Croatia,HRV,1925,0
Croatia,HRV,1926,0
Croatia,HRV,1927,0
Croatia,HRV,1928,0
Croatia,HRV,1929,0
Croatia,HRV,1930,0
Croatia,HRV,1931,0
Croatia,HRV,1932,0
Croatia,HRV,1933,0
Croatia,HRV,1934,0
Croatia,HRV,1935,0
Croatia,HRV,1936,0
Croatia,HRV,1937,0
Croatia,HRV,1938,0
Croatia,HRV,1939,0
Croatia,HRV,1940,0
Croatia,HRV,1943,0
Croatia,HRV,1944,0
Croatia,HRV,1945,0
Croatia,HRV,1946,0
Croatia,HRV,1947,0
Croatia,HRV,1948,0
Croatia,HRV,1949,0
Croatia,HRV,1950,0
Croatia,HRV,1951,0
Croatia,HRV,1952,0
Croatia,HRV,1953,0
Croatia,HRV,1954,0
Croatia,HRV,1955,0
Croatia,HRV,1956,0
Croatia,HRV,1957,0
Croatia,HRV,1958,0
Croatia,HRV,1959,0
Croatia,HRV,1960,0
Croatia,HRV,1961,0
Croatia,HRV,1962,0
Croatia,HRV,1963,0
Croatia,HRV,1964,0
Croatia,HRV,1965,0
Croatia,HRV,1966,0
Croatia,HRV,1967,0
Croatia,HRV,1968,0
Croatia,HRV,1969,0
Croatia,HRV,1970,0
Croatia,HRV,1971,0
Croatia,HRV,1972,0
Croatia,HRV,1973,0
Croatia,HRV,1974,0
Croatia,HRV,1975,0
Croatia,HRV,1976,0
Croatia,HRV,1977,0
Croatia,HRV,1978,0
Croatia,HRV,1979,0
Croatia,HRV,1980,20231
Croatia,HRV,1981,25481
Croatia,HRV,1982,23088
Croatia,HRV,1983,21627
Croatia,HRV,1984,21974
Croatia,HRV,1985,25746
Croatia,HRV,1986,25004
Croatia,HRV,1987,29424
Croatia,HRV,1988,29343
Croatia,HRV,1989,31518.002
Croatia,HRV,1990,582517
Croatia,HRV,1991,576916
Croatia,HRV,1992,587787
Croatia,HRV,1993,786267
Croatia,HRV,1994,705074
Croatia,HRV,1995,835784
Croatia,HRV,1996,810301
Croatia,HRV,1997,762349
Croatia,HRV,1998,677453
Croatia,HRV,1999,661864
Croatia,HRV,2000,711419
Croatia,HRV,2001,762151
Croatia,HRV,2002,776360
Croatia,HRV,2003,728802
Croatia,HRV,2004,777919
Croatia,HRV,2005,756744
Croatia,HRV,2006,765971
Croatia,HRV,2007,727597
Croatia,HRV,2008,636818
Croatia,HRV,2009,573861
Croatia,HRV,2010,541524
Croatia,HRV,2011,558889
Croatia,HRV,2012,473243
Croatia,HRV,2013,452797
Croatia,HRV,2014,441164
Croatia,HRV,2015,249535
Croatia,HRV,2016,236724
Croatia,HRV,2017,311595
Croatia,HRV,2018,284636
Croatia,HRV,2019,286939
Croatia,HRV,2020,288185
Croatia,HRV,2021,283924
Croatia,HRV,2022,356091
Croatia,HRV,2023,304075
Croatia,HRV,2024,304075
Cuba,CUB,1994,0
Cuba,CUB,1995,0
Cuba,CUB,1996,0
Cuba,CUB,1997,0
Cuba,CUB,1998,0
Cuba,CUB,1999,0
Cuba,CUB,2000,0
Cuba,CUB,2001,0
Cuba,CUB,2002,0
Cuba,CUB,2003,0
Cuba,CUB,2004,0
Cuba,CUB,2005,0
Cuba,CUB,2006,0
Cuba,CUB,2007,0
Cuba,CUB,2008,0
Cuba,CUB,2009,0
Cuba,CUB,2010,0
Cuba,CUB,2011,0
Cuba,CUB,2012,96511
Cuba,CUB,2013,100896
Cuba,CUB,2014,166483
Cuba,CUB,2015,154046
Cuba,CUB,2016,81824
Cuba,CUB,2017,7393
Cuba,CUB,2018,26690
Cuba,CUB,2019,30840
Cuba,CUB,2020,27049
Cuba,CUB,2021,72619
Cuba,CUB,2022,86049
Cuba,CUB,2023,112766
Cuba,CUB,2024,91406
Curacao,CUW,1926,0
Curacao,CUW,1927,0
Curacao,CUW,1928,0
Curacao,CUW,1929,0
Curacao,CUW,1930,0
Curacao,CUW,1931,0
Curacao,CUW,1932,0
Curacao,CUW,1933,0
Curacao,CUW,1934,0
Curacao,CUW,1935,0
Curacao,CUW,1936,0
Curacao,CUW,1937,0
Curacao,CUW,1938,0
Curacao,CUW,1939,0
Curacao,CUW,1940,0
Curacao,CUW,1941,0
Curacao,CUW,1942,0
Curacao,CUW,1943,0
Curacao,CUW,1944,0
Curacao,CUW,1945,0
Curacao,CUW,1946,0
Curacao,CUW,1947,0
Curacao,CUW,1948,0
Curacao,CUW,1949,0
Curacao,CUW,1950,0
Curacao,CUW,1951,0
Curacao,CUW,1952,0
Curacao,CUW,1953,0
Curacao,CUW,1954,0
Curacao,CUW,1955,0
Curacao,CUW,1956,0
Curacao,CUW,1957,0
Curacao,CUW,1958,0
Curacao,CUW,1959,0
Curacao,CUW,1960,0
Curacao,CUW,1961,0
Curacao,CUW,1962,0
Curacao,CUW,1963,0
Curacao,CUW,1964,0
Curacao,CUW,1965,0
Curacao,CUW,1966,0
Curacao,CUW,1967,0
Curacao,CUW,1968,0
Curacao,CUW,1969,0
Curacao,CUW,1970,0
Curacao,CUW,1971,0
Curacao,CUW,1972,0
Curacao,CUW,1973,0
Curacao,CUW,1974,0
Curacao,CUW,1975,0
Curacao,CUW,1976,0
Curacao,CUW,1977,0
Curacao,CUW,1978,0
Curacao,CUW,1979,0
Curacao,CUW,1980,0
Curacao,CUW,1981,0
Curacao,CUW,1982,0
Curacao,CUW,1983,0
Curacao,CUW,1984,0
Curacao,CUW,1985,0
Curacao,CUW,1986,0
Curacao,CUW,1987,0
Curacao,CUW,1988,0
Curacao,CUW,1989,0
Curacao,CUW,1990,0
Curacao,CUW,1991,0
Curacao,CUW,1992,0
Curacao,CUW,1993,0
Curacao,CUW,1994,0
Curacao,CUW,1995,0
Curacao,CUW,1996,0
Curacao,CUW,1997,0
Curacao,CUW,1998,0
Curacao,CUW,1999,0
Curacao,CUW,2000,0
Curacao,CUW,2001,0
Curacao,CUW,2002,0
Curacao,CUW,2003,0
Curacao,CUW,2004,0
Curacao,CUW,2005,0
Curacao,CUW,2006,0
Curacao,CUW,2007,0
Curacao,CUW,2008,0
Curacao,CUW,2009,0
Curacao,CUW,2010,0
Curacao,CUW,2011,0
Curacao,CUW,2012,0
Curacao,CUW,2013,0
Curacao,CUW,2014,0
Curacao,CUW,2015,0
Curacao,CUW,2016,0
Curacao,CUW,2017,0
Curacao,CUW,2018,0
Curacao,CUW,2019,0
Curacao,CUW,2020,0
Curacao,CUW,2021,0
Curacao,CUW,2022,0
Curacao,CUW,2023,0
Curacao,CUW,2024,0
Cyprus,CYP,1990,0
Cyprus,CYP,1991,0
Cyprus,CYP,1992,0
Cyprus,CYP,1993,0
Cyprus,CYP,1994,0
Cyprus,CYP,1995,0
Cyprus,CYP,1996,0
Cyprus,CYP,1997,0
Cyprus,CYP,1998,0
Cyprus,CYP,1999,0
Cyprus,CYP,2000,0
Cyprus,CYP,2001,0
Cyprus,CYP,2002,0
Cyprus,CYP,2003,0
Cyprus,CYP,2004,0
Cyprus,CYP,2005,0
Cyprus,CYP,2006,0
Cyprus,CYP,2007,0
Cyprus,CYP,2008,0
Cyprus,CYP,2009,0
Cyprus,CYP,2010,0
Cyprus,CYP,2011,0
Cyprus,CYP,2012,0
Cyprus,CYP,2013,0
Cyprus,CYP,2014,0
Cyprus,CYP,2015,0
Cyprus,CYP,2016,0
Cyprus,CYP,2017,0
Cyprus,CYP,2018,0
Cyprus,CYP,2019,0
Cyprus,CYP,2020,0
Cyprus,CYP,2021,0
Cyprus,CYP,2022,0
Cyprus,CYP,2023,0
Cyprus,CYP,2024,0
Czechia,CZE,1860,0
Czechia,CZE,1861,0
Czechia,CZE,1862,0
Czechia,CZE,1863,0
Czechia,CZE,1864,0
Czechia,CZE,1865,0
Czechia,CZE,1866,0
Czechia,CZE,1867,0
Czechia,CZE,1868,0
Czechia,CZE,1869,0
Czechia,CZE,1870,0
Czechia,CZE,1871,0
Czechia,CZE,1872,0
Czechia,CZE,1873,0
Czechia,CZE,1874,0
Czechia,CZE,1875,0
Czechia,CZE,1876,0
Czechia,CZE,1877,0
Czechia,CZE,1878,0
Czechia,CZE,1879,0
Czechia,CZE,1880,0
Czechia,CZE,1881,0
Czechia,CZE,1882,0
Czechia,CZE,1883,0
Czechia,CZE,1884,0
Czechia,CZE,1885,0
Czechia,CZE,1886,0
Czechia,CZE,1887,0
Czechia,CZE,1888,0
Czechia,CZE,1889,0
Czechia,CZE,1890,0
Czechia,CZE,1891,0
Czechia,CZE,1892,0
Czechia,CZE,1893,0
Czechia,CZE,1894,0
Czechia,CZE,1895,0
Czechia,CZE,1896,0
Czechia,CZE,1897,0
Czechia,CZE,1898,0
Czechia,CZE,1899,0
Czechia,CZE,1900,0
Czechia,CZE,1901,0
Czechia,CZE,1902,0
Czechia,CZE,1903,0
Czechia,CZE,1904,0
Czechia,CZE,1905,0
Czechia,CZE,1906,0
Czechia,CZE,1907,0
Czechia,CZE,1908,0
Czechia,CZE,1909,0
Czechia,CZE,1910,0
Czechia,CZE,1911,0
Czechia,CZE,1912,0
Czechia,CZE,1913,0
Czechia,CZE,1914,0
Czechia,CZE,1915,0
Czechia,CZE,1916,0
Czechia,CZE,1917,0
Czechia,CZE,1918,0
Czechia,CZE,1919,0
Czechia,CZE,1920,0
Czechia,CZE,1921,0
Czechia,CZE,1922,0
Czechia,CZE,1923,0
Czechia,CZE,1924,0
Czechia,CZE,1925,0
Czechia,CZE,1926,0
Czechia,CZE,1927,0
Czechia,CZE,1928,0
Czechia,CZE,1929,0
Czechia,CZE,1930,0
Czechia,CZE,1931,0
Czechia,CZE,1932,0
Czechia,CZE,1933,0
Czechia,CZE,1934,0
Czechia,CZE,1935,0
Czechia,CZE,1936,0
Czechia,CZE,1937,0
Czechia,CZE,1938,0
Czechia,CZE,1939,0
Czechia,CZE,1940,0
Czechia,CZE,1941,0
Czechia,CZE,1942,0
Czechia,CZE,1943,0
Czechia,CZE,1944,0
Czechia,CZE,1945,0
Czechia,CZE,1946,0
Czechia,CZE,1947,0
Czechia,CZE,1948,0
Czechia,CZE,1949,0
Czechia,CZE,1950,0
Czechia,CZE,1951,0
Czechia,CZE,1952,0
Czechia,CZE,1953,0
Czechia,CZE,1954,0
Czechia,CZE,1955,0
Czechia,CZE,1956,0
Czechia,CZE,1957,0
Czechia,CZE,1958,0
Czechia,CZE,1959,0
Czechia,CZE,1960,0
Czechia,CZE,1961,0
Czechia,CZE,1962,0
Czechia,CZE,1963,0
Czechia,CZE,1964,0
Czechia,CZE,1965,0
Czechia,CZE,1966,0
Czechia,CZE,1967,0
Czechia,CZE,1968,0
Czechia,CZE,1969,0
Czechia,CZE,1970,0
Czechia,CZE,1971,0
Czechia,CZE,1972,0
Czechia,CZE,1973,0
Czechia,CZE,1974,0
Czechia,CZE,1975,0
Czechia,CZE,1976,0
Czechia,CZE,1977,0
Czechia,CZE,1978,0
Czechia,CZE,1979,0
Czechia,CZE,1980,0
Czechia,CZE,1981,0
Czechia,CZE,1982,0
Czechia,CZE,1983,0
Czechia,CZE,1984,0
Czechia,CZE,1985,0
Czechia,CZE,1986,0
Czechia,CZE,1987,0
Czechia,CZE,1988,0
Czechia,CZE,1989,0
Czechia,CZE,1990,458444
Czechia,CZE,1991,398053
Czechia,CZE,1992,396296
Czechia,CZE,1993,378091
Czechia,CZE,1994,367930
Czechia,CZE,1995,362271
Czechia,CZE,1996,349971
Czechia,CZE,1997,355944
Czechia,CZE,1998,339947
Czechia,CZE,1999,313956
Czechia,CZE,2000,322435
Czechia,CZE,2001,331641
Czechia,CZE,2002,333972
Czechia,CZE,2003,322744
Czechia,CZE,2004,314484
Czechia,CZE,2005,313768
Czechia,CZE,2006,335792
Czechia,CZE,2007,303329
Czechia,CZE,2008,298041
Czechia,CZE,2009,259449
Czechia,CZE,2010,270304
Czechia,CZE,2011,266393
Czechia,CZE,2012,270781
Czechia,CZE,2013,204794
Czechia,CZE,2014,208121
Czechia,CZE,2015,196460
Czechia,CZE,2016,164008
Czechia,CZE,2017,131568
Czechia,CZE,2018,108135
Czechia,CZE,2019,83737
Czechia,CZE,2020,53801
Czechia,CZE,2021,54833
Czechia,CZE,2022,42546
Czechia,CZE,2023,36769
Czechia,CZE,2024,36769
Democratic Republic of Congo,COD,1994,1052768
Democratic Republic of Congo,COD,1995,992559
Democratic Republic of Congo,COD,1996,1161536
Democratic Republic of Congo,COD,1997,1213969
Democratic Republic of Congo,COD,1998,1077747
Democratic Republic of Congo,COD,1999,881966
Democratic Republic of Congo,COD,2000,812005
Democratic Republic of Congo,COD,2001,877290
Democratic Republic of Congo,COD,2002,879466
Democratic Republic of Congo,COD,2003,1056644
Democratic Republic of Congo,COD,2004,871964
Democratic Republic of Congo,COD,2005,819306
Democratic Republic of Congo,COD,2006,779900
Democratic Republic of Congo,COD,2007,896143
Democratic Republic of Congo,COD,2008,840084
Democratic Republic of Congo,COD,2009,727616
Democratic Republic of Congo,COD,2010,736918
Democratic Republic of Congo,COD,2011,572361
Democratic Republic of Congo,COD,2012,407803
Democratic Republic of Congo,COD,2013,370954
Democratic Republic of Congo,COD,2014,417807
Democratic Republic of Congo,COD,2015,396665
Democratic Republic of Congo,COD,2016,393278
Democratic Republic of Congo,COD,2017,349397
Democratic Republic of Congo,COD,2018,293391
Democratic Republic of Congo,COD,2019,375456
Democratic Republic of Congo,COD,2020,436586
Democratic Republic of Congo,COD,2021,424504
Democratic Republic of Congo,COD,2022,386806
Democratic Republic of Congo,COD,2023,212526
Democratic Republic of Congo,COD,2024,174821
Denmark,DNK,1972,43968
Denmark,DNK,1973,69616
Denmark,DNK,1974,54960
Denmark,DNK,1975,139232
Denmark,DNK,1976,157552
Denmark,DNK,1977,366400
Denmark,DNK,1978,333424
Denmark,DNK,1979,340752
Denmark,DNK,1980,157552
Denmark,DNK,1981,223504
Denmark,DNK,1982,227199
Denmark,DNK,1983,208848
Denmark,DNK,1984,263827
Denmark,DNK,1985,300448
Denmark,DNK,1986,355386
Denmark,DNK,1987,260127.98
Denmark,DNK,1988,271136
Denmark,DNK,1989,238142
Denmark,DNK,1990,340731
Denmark,DNK,1991,649547
Denmark,DNK,1992,676826
Denmark,DNK,1993,582017
Denmark,DNK,1994,574909
Denmark,DNK,1995,453813
Denmark,DNK,1996,497952
Denmark,DNK,1997,697785
Denmark,DNK,1998,523127.03
Denmark,DNK,1999,1106675
Denmark,DNK,2000,723434
Denmark,DNK,2001,770849
Denmark,DNK,2002,674512
Denmark,DNK,2003,669866
Denmark,DNK,2004,752235
Denmark,DNK,2005,547997
Denmark,DNK,2006,543691
Denmark,DNK,2007,543530
Denmark,DNK,2008,387376
Denmark,DNK,2009,261634
Denmark,DNK,2010,353127
Denmark,DNK,2011,252123
Denmark,DNK,2012,217515
Denmark,DNK,2013,243796
Denmark,DNK,2014,250619
Denmark,DNK,2015,247441
Denmark,DNK,2016,273316
Denmark,DNK,2017,241662
Denmark,DNK,2018,232796
Denmark,DNK,2019,194924
Denmark,DNK,2020,126357.01
Denmark,DNK,2021,111243
Denmark,DNK,2022,111243
Denmark,DNK,2023,111243
Denmark,DNK,2024,111243
Djibouti,DJI,1994,0
Djibouti,DJI,1995,0
Djibouti,DJI,1996,0
Djibouti,DJI,1997,0
Djibouti,DJI,1998,0
Djibouti,DJI,1999,0
Djibouti,DJI,2000,0
Djibouti,DJI,2001,0
Djibouti,DJI,2002,0
Djibouti,DJI,2003,0
Djibouti,DJI,2004,0
Djibouti,DJI,2005,0
Djibouti,DJI,2006,0
Djibouti,DJI,2007,0
Djibouti,DJI,2008,0
Djibouti,DJI,2009,0
Djibouti,DJI,2010,0
Djibouti,DJI,2011,0
Djibouti,DJI,2012,0
Djibouti,DJI,2013,0
Djibouti,DJI,2014,0
Djibouti,DJI,2015,0
Djibouti,DJI,2016,0
Djibouti,DJI,2017,0
Djibouti,DJI,2018,0
Djibouti,DJI,2019,0
Djibouti,DJI,2020,0
Djibouti,DJI,2021,0
Djibouti,DJI,2022,0
Djibouti,DJI,2023,0
Djibouti,DJI,2024,0
Dominica,DMA,1994,0
Dominica,DMA,1995,0
Dominica,DMA,1996,0
Dominica,DMA,1997,0
Dominica,DMA,1998,0
Dominica,DMA,1999,0
Dominica,DMA,2000,0
Dominica,DMA,2001,0
Dominica,DMA,2002,0
Dominica,DMA,2003,0
Dominica,DMA,2004,0
Dominica,DMA,2005,0
Dominica,DMA,2006,0
Dominica,DMA,2007,0
Dominica,DMA,2008,0
Dominica,DMA,2009,0
Dominica,DMA,2010,0
Dominica,DMA,2011,0
Dominica,DMA,2012,0
Dominica,DMA,2013,0
Dominica,DMA,2014,0
Dominica,DMA,2015,0
Dominica,DMA,2016,0
Dominica,DMA,2017,0
Dominica,DMA,2018,0
Dominica,DMA,2019,0
Dominica,DMA,2020,0
Dominica,DMA,2021,0
Dominica,DMA,2022,0
Dominica,DMA,2023,0
Dominica,DMA,2024,0
Dominican Republic,DOM,1994,0
Dominican Republic,DOM,1995,0
Dominican Republic,DOM,1996,0
Dominican Republic,DOM,1997,0
Dominican Republic,DOM,1998,0
Dominican Republic,DOM,1999,0
Dominican Republic,DOM,2000,0
Dominican Republic,DOM,2001,0
Dominican Republic,DOM,2002,0
Dominican Republic,DOM,2003,0
Dominican Republic,DOM,2004,0
Dominican Republic,DOM,2005,0
Dominican Republic,DOM,2006,0
Dominican Republic,DOM,2007,0
Dominican Republic,DOM,2008,0
Dominican Republic,DOM,2009,0
Dominican Republic,DOM,2010,0
Dominican Republic,DOM,2011,0
Dominican Republic,DOM,2012,0
Dominican Republic,DOM,2013,0
Dominican Republic,DOM,2014,0
Dominican Republic,DOM,2015,0
Dominican Republic,DOM,2016,0
Dominican Republic,DOM,2017,0
Dominican Republic,DOM,2018,0
Dominican Republic,DOM,2019,0
Dominican Republic,DOM,2020,0
Dominican Republic,DOM,2021,0
Dominican Republic,DOM,2022,0
Dominican Republic,DOM,2023,0
Dominican Republic,DOM,2024,0
East Timor,TLS,1994,0
East Timor,TLS,1995,0
East Timor,TLS,1996,0
East Timor,TLS,1997,0
East Timor,TLS,1998,60535
East Timor,TLS,1999,152974
East Timor,TLS,2000,219860
East Timor,TLS,2001,118844
East Timor,TLS,2002,100666
East Timor,TLS,2003,87314
East Timor,TLS,2004,321126
East Timor,TLS,2005,145273
East Timor,TLS,2006,137172
East Timor,TLS,2007,104867
East Timor,TLS,2008,83613
East Timor,TLS,2009,94615
East Timor,TLS,2010,76762
East Timor,TLS,2011,188402
East Timor,TLS,2012,300042
East Timor,TLS,2013,266992
East Timor,TLS,2014,187400
East Timor,TLS,2015,161743
East Timor,TLS,2016,133670
East Timor,TLS,2017,140070
East Timor,TLS,2018,118720
East Timor,TLS,2019,70871
East Timor,TLS,2020,59867
East Timor,TLS,2021,48151
East Timor,TLS,2022,60286
East Timor,TLS,2023,30296
East Timor,TLS,2024,33953
Ecuador,ECU,1968,0
Ecuador,ECU,1969,359439
Ecuador,ECU,1970,611888
Ecuador,ECU,1971,340456
Ecuador,ECU,1972,315104
Ecuador,ECU,1973,670512
Ecuador,ECU,1974,648919
Ecuador,ECU,1975,593568
Ecuador,ECU,1976,633586
Ecuador,ECU,1977,703488
Ecuador,ECU,1978,721554
Ecuador,ECU,1979,897680
Ecuador,ECU,1980,806080
Ecuador,ECU,1981,765776
Ecuador,ECU,1982,718144
Ecuador,ECU,1983,710949
Ecuador,ECU,1984,813408
Ecuador,ECU,1985,1047904
Ecuador,ECU,1986,1279043
Ecuador,ECU,1987,644864
Ecuador,ECU,1988,1359344
Ecuador,ECU,1989,1674448
Ecuador,ECU,1990,1670784
Ecuador,ECU,1991,1392320
Ecuador,ECU,1992,1340799
Ecuador,ECU,1993,1487584
Ecuador,ECU,1994,2199902
Ecuador,ECU,1995,2296117
Ecuador,ECU,1996,2579363
Ecuador,ECU,1997,2420562
Ecuador,ECU,1998,2180299
Ecuador,ECU,1999,2033449.9
Ecuador,ECU,2000,1874375
Ecuador,ECU,2001,1984392
Ecuador,ECU,2002,1799588
Ecuador,ECU,2003,1922057
Ecuador,ECU,2004,1971015
Ecuador,ECU,2005,2118864
Ecuador,ECU,2006,2077907.1
Ecuador,ECU,2007,2110563
Ecuador,ECU,2008,2247460
Ecuador,ECU,2009,2414286
Ecuador,ECU,2010,2696431
Ecuador,ECU,2011,2100308
Ecuador,ECU,2012,1504184
Ecuador,ECU,2013,1490762
Ecuador,ECU,2014,1887417
Ecuador,ECU,2015,1987638
Ecuador,ECU,2016,2038158.9
Ecuador,ECU,2017,2008632
Ecuador,ECU,2018,1631186
Ecuador,ECU,2019,1727684
Ecuador,ECU,2020,1948265
Ecuador,ECU,2021,2322149
Ecuador,ECU,2022,2426056
Ecuador,ECU,2023,2974447
Ecuador,ECU,2024,3094781
Egypt,EGY,1969,1388915
Egypt,EGY,1970,1853671
Egypt,EGY,1971,1502001
Egypt,EGY,1972,1208946
Egypt,EGY,1973,1480256
Egypt,EGY,1974,2583483
Egypt,EGY,1975,2520832
Egypt,EGY,1976,2905861
Egypt,EGY,1977,2004208.1
Egypt,EGY,1978,1590176
Egypt,EGY,1979,985616
Egypt,EGY,1980,95264
Egypt,EGY,1981,40307
Egypt,EGY,1982,47632
Egypt,EGY,1983,0
Egypt,EGY,1984,0
Egypt,EGY,1985,0
Egypt,EGY,1986,0
Egypt,EGY,1987,0
Egypt,EGY,1988,0
Egypt,EGY,1989,0
Egypt,EGY,1994,3816911
Egypt,EGY,1995,4104107
Egypt,EGY,1996,4382201
Egypt,EGY,1997,4192046.2
Egypt,EGY,1998,3559944
Egypt,EGY,1999,3724921
Egypt,EGY,2000,3486333
Egypt,EGY,2001,3362813
Egypt,EGY,2002,3372615
Egypt,EGY,2003,3456728
Egypt,EGY,2004,3432374
Egypt,EGY,2005,3173133
Egypt,EGY,2006,3175083
Egypt,EGY,2007,2897714
Egypt,EGY,2008,2963724
Egypt,EGY,2009,3308229
Egypt,EGY,2010,2766093
Egypt,EGY,2011,3890638
Egypt,EGY,2012,5015183
Egypt,EGY,2013,4469744
Egypt,EGY,2014,5231304
Egypt,EGY,2015,5312343
Egypt,EGY,2016,5262950
Egypt,EGY,2017,4390897
Egypt,EGY,2018,4263754
Egypt,EGY,2019,4363687
Egypt,EGY,2020,4436567
Egypt,EGY,2021,3915031
Egypt,EGY,2022,3702417
Egypt,EGY,2023,3518594
Egypt,EGY,2024,3058892
El Salvador,SLV,1994,0
El Salvador,SLV,1995,0
El Salvador,SLV,1996,0
El Salvador,SLV,1997,0
El Salvador,SLV,1998,0
El Salvador,SLV,1999,0
El Salvador,SLV,2000,0
El Salvador,SLV,2001,0
El Salvador,SLV,2002,0
El Salvador,SLV,2003,0
El Salvador,SLV,2004,0
El Salvador,SLV,2005,0
El Salvador,SLV,2006,0
El Salvador,SLV,2007,0
El Salvador,SLV,2008,0
El Salvador,SLV,2009,0
El Salvador,SLV,2010,0
El Salvador,SLV,2011,0
El Salvador,SLV,2012,0
El Salvador,SLV,2013,0
El Salvador,SLV,2014,0
El Salvador,SLV,2015,0
El Salvador,SLV,2016,0
El Salvador,SLV,2017,0
El Salvador,SLV,2018,0
El Salvador,SLV,2019,0
El Salvador,SLV,2020,0
El Salvador,SLV,2021,0
El Salvador,SLV,2022,0
El Salvador,SLV,2023,0
El Salvador,SLV,2024,0
Equatorial Guinea,GNQ,1994,1075972
Equatorial Guinea,GNQ,1995,1142783
Equatorial Guinea,GNQ,1996,1227296
Equatorial Guinea,GNQ,1997,1670642
Equatorial Guinea,GNQ,1998,2038526
Equatorial Guinea,GNQ,1999,2181549
Equatorial Guinea,GNQ,2000,2266913
Equatorial Guinea,GNQ,2001,2600041
Equatorial Guinea,GNQ,2002,1958663
Equatorial Guinea,GNQ,2003,2140492
Equatorial Guinea,GNQ,2004,2524679
Equatorial Guinea,GNQ,2005,2547683
Equatorial Guinea,GNQ,2006,2468095
Equatorial Guinea,GNQ,2007,2549358
Equatorial Guinea,GNQ,2008,2349476
Equatorial Guinea,GNQ,2009,2019923
Equatorial Guinea,GNQ,2010,2126340
Equatorial Guinea,GNQ,2011,1686734
Equatorial Guinea,GNQ,2012,1247127
Equatorial Guinea,GNQ,2013,1271223
Equatorial Guinea,GNQ,2014,1238209
Equatorial Guinea,GNQ,2015,1086815
Equatorial Guinea,GNQ,2016,867792
Equatorial Guinea,GNQ,2017,574429
Equatorial Guinea,GNQ,2018,618704
Equatorial Guinea,GNQ,2019,534295
Equatorial Guinea,GNQ,2020,812898
Equatorial Guinea,GNQ,2021,478732
Equatorial Guinea,GNQ,2022,413319
Equatorial Guinea,GNQ,2023,388774
Equatorial Guinea,GNQ,2024,394574
Eritrea,ERI,1994,0
Eritrea,ERI,1995,0
Eritrea,ERI,1996,0
Eritrea,ERI,1997,0
Eritrea,ERI,1998,0
Eritrea,ERI,1999,0
Eritrea,ERI,2000,0
Eritrea,ERI,2001,0
Eritrea,ERI,2002,0
Eritrea,ERI,2003,0
Eritrea,ERI,2004,0
Eritrea,ERI,2005,0
Eritrea,ERI,2006,0
Eritrea,ERI,2007,0
Eritrea,ERI,2008,0
Eritrea,ERI,2009,0
Eritrea,ERI,2010,0
Eritrea,ERI,2011,0
Eritrea,ERI,2012,0
Eritrea,ERI,2013,0
Eritrea,ERI,2014,0
Eritrea,ERI,2015,0
Eritrea,ERI,2016,0
Eritrea,ERI,2017,0
Eritrea,ERI,2018,0
Eritrea,ERI,2019,0
Eritrea,ERI,2020,0
Eritrea,ERI,2021,0
Eritrea,ERI,2022,0
Eritrea,ERI,2023,0
Eritrea,ERI,2024,0
Estonia,EST,1830,0
Estonia,EST,1831,0
Estonia,EST,1832,0
Estonia,EST,1833,0
Estonia,EST,1850,0
Estonia,EST,1855,0
Estonia,EST,1858,0
Estonia,EST,1859,0
Estonia,EST,1860,0
Estonia,EST,1861,0
Estonia,EST,1862,0
Estonia,EST,1863,0
Estonia,EST,1864,0
Estonia,EST,1865,0
Estonia,EST,1866,0
Estonia,EST,1867,0
Estonia,EST,1868,0
Estonia,EST,1869,0
Estonia,EST,1870,0
Estonia,EST,1871,0
Estonia,EST,1872,0
Estonia,EST,1873,0
Estonia,EST,1874,0
Estonia,EST,1875,0
Estonia,EST,1876,0
Estonia,EST,1877,0
Estonia,EST,1878,0
Estonia,EST,1879,0
Estonia,EST,1880,0
Estonia,EST,1881,0
Estonia,EST,1882,0
Estonia,EST,1883,0
Estonia,EST,1884,0
Estonia,EST,1885,0
Estonia,EST,1886,0
Estonia,EST,1887,0
Estonia,EST,1888,0
Estonia,EST,1889,0
Estonia,EST,1890,0
Estonia,EST,1891,0
Estonia,EST,1892,0
Estonia,EST,1893,0
Estonia,EST,1894,0
Estonia,EST,1895,0
Estonia,EST,1896,0
Estonia,EST,1897,0
Estonia,EST,1898,0
Estonia,EST,1899,0
Estonia,EST,1900,0
Estonia,EST,1901,0
Estonia,EST,1902,0
Estonia,EST,1903,0
Estonia,EST,1904,0
Estonia,EST,1905,0
Estonia,EST,1906,0
Estonia,EST,1907,0
Estonia,EST,1908,0
Estonia,EST,1909,0
Estonia,EST,1910,0
Estonia,EST,1911,0
Estonia,EST,1912,0
Estonia,EST,1913,0
Estonia,EST,1914,0
Estonia,EST,1915,0
Estonia,EST,1916,0
Estonia,EST,1917,0
Estonia,EST,1918,0
Estonia,EST,1919,0
Estonia,EST,1920,0
Estonia,EST,1921,0
Estonia,EST,1922,0
Estonia,EST,1923,0
Estonia,EST,1924,0
Estonia,EST,1925,0
Estonia,EST,1926,0
Estonia,EST,1927,0
Estonia,EST,1928,0
Estonia,EST,1929,0
Estonia,EST,1930,0
Estonia,EST,1931,0
Estonia,EST,1932,0
Estonia,EST,1933,0
Estonia,EST,1934,0
Estonia,EST,1935,0
Estonia,EST,1936,0
Estonia,EST,1937,0
Estonia,EST,1938,0
Estonia,EST,1939,0
Estonia,EST,1940,0
Estonia,EST,1941,0
Estonia,EST,1942,0
Estonia,EST,1943,0
Estonia,EST,1944,0
Estonia,EST,1945,0
Estonia,EST,1946,0
Estonia,EST,1947,0
Estonia,EST,1948,0
Estonia,EST,1949,0
Estonia,EST,1950,0
Estonia,EST,1951,0
Estonia,EST,1952,0
Estonia,EST,1953,0
Estonia,EST,1954,0
Estonia,EST,1955,0
Estonia,EST,1956,0
Estonia,EST,1957,0
Estonia,EST,1958,0
Estonia,EST,1959,0
Estonia,EST,1960,0
Estonia,EST,1961,0
Estonia,EST,1962,0
Estonia,EST,1963,0
Estonia,EST,1964,0
Estonia,EST,1965,0
Estonia,EST,1966,0
Estonia,EST,1967,0
Estonia,EST,1968,0
Estonia,EST,1969,0
Estonia,EST,1970,0
Estonia,EST,1971,114621
Estonia,EST,1972,110439
Estonia,EST,1973,133041
Estonia,EST,1974,148180
Estonia,EST,1975,166376
Estonia,EST,1976,186559
Estonia,EST,1977,203460
Estonia,EST,1978,221998
Estonia,EST,1979,121279
Estonia,EST,1980,121149
Estonia,EST,1981,125073
Estonia,EST,1982,125329
Estonia,EST,1983,125258
Estonia,EST,1984,125481.99
Estonia,EST,1985,131720
Estonia,EST,1986,115261
Estonia,EST,1987,105713
Estonia,EST,1988,232493
Estonia,EST,1989,226711
Estonia,EST,1990,97
Estonia,EST,1991,97
Estonia,EST,1992,57
Estonia,EST,1993,28
Estonia,EST,1994,40
Estonia,EST,1995,46
Estonia,EST,1996,51
Estonia,EST,1997,49
Estonia,EST,1998,47
Estonia,EST,1999,45
Estonia,EST,2000,52
Estonia,EST,2001,56
Estonia,EST,2002,47
Estonia,EST,2003,54
Estonia,EST,2004,61
Estonia,EST,2005,63
Estonia,EST,2006,63
Estonia,EST,2007,63
Estonia,EST,2008,61
Estonia,EST,2009,41
Estonia,EST,2010,44
Estonia,EST,2011,39
Estonia,EST,2012,44
Estonia,EST,2013,44
Estonia,EST,2014,34
Estonia,EST,2015,31
Estonia,EST,2016,34
Estonia,EST,2017,30
Estonia,EST,2018,33
Estonia,EST,2019,30
Estonia,EST,2020,28
Estonia,EST,2021,32
Estonia,EST,2022,23
Estonia,EST,2023,21
Estonia,EST,2024,21
Eswatini,SWZ,1994,0
Eswatini,SWZ,1995,0
Eswatini,SWZ,1996,0
Eswatini,SWZ,1997,0
Eswatini,SWZ,1998,0
Eswatini,SWZ,1999,0
Eswatini,SWZ,2000,0
Eswatini,SWZ,2001,0
Eswatini,SWZ,2002,0
Eswatini,SWZ,2003,0
Eswatini,SWZ,2004,0
Eswatini,SWZ,2005,0
Eswatini,SWZ,2006,0
Eswatini,SWZ,2007,0
Eswatini,SWZ,2008,0
Eswatini,SWZ,2009,0
Eswatini,SWZ,2010,0
Eswatini,SWZ,2011,0
Eswatini,SWZ,2012,0
Eswatini,SWZ,2013,0
Eswatini,SWZ,2014,0
Eswatini,SWZ,2015,0
Eswatini,SWZ,2016,0
Eswatini,SWZ,2017,0
Eswatini,SWZ,2018,0
Eswatini,SWZ,2019,0
Eswatini,SWZ,2020,0
Eswatini,SWZ,2021,0
Eswatini,SWZ,2022,0
Eswatini,SWZ,2023,0
Eswatini,SWZ,2024,0
Ethiopia,ETH,1994,0
Ethiopia,ETH,1995,0
Ethiopia,ETH,1996,0
Ethiopia,ETH,1997,0
Ethiopia,ETH,1998,0
Ethiopia,ETH,1999,0
Ethiopia,ETH,2000,0
Ethiopia,ETH,2001,0
Ethiopia,ETH,2002,0
Ethiopia,ETH,2003,0
Ethiopia,ETH,2004,0
Ethiopia,ETH,2005,0
Ethiopia,ETH,2006,0
Ethiopia,ETH,2007,0
Ethiopia,ETH,2008,0
Ethiopia,ETH,2009,0
Ethiopia,ETH,2010,0
Ethiopia,ETH,2011,0
Ethiopia,ETH,2012,0
Ethiopia,ETH,2013,0
Ethiopia,ETH,2014,0
Ethiopia,ETH,2015,0
Ethiopia,ETH,2016,0
Ethiopia,ETH,2017,2942
Ethiopia,ETH,2018,7726
Ethiopia,ETH,2019,0
Ethiopia,ETH,2020,0
Ethiopia,ETH,2021,0
Ethiopia,ETH,2022,0
Ethiopia,ETH,2023,0
Ethiopia,ETH,2024,0
Europe,OWID_EUR,1750,0
Europe,OWID_EUR,1751,0
Europe,OWID_EUR,1752,0
Europe,OWID_EUR,1753,0
Europe,OWID_EUR,1754,0
Europe,OWID_EUR,1755,0
Europe,OWID_EUR,1756,0
Europe,OWID_EUR,1757,0
Europe,OWID_EUR,1758,0
Europe,OWID_EUR,1759,0
Europe,OWID_EUR,1760,0
Europe,OWID_EUR,1761,0
Europe,OWID_EUR,1762,0
Europe,OWID_EUR,1763,0
Europe,OWID_EUR,1764,0
Europe,OWID_EUR,1765,0
Europe,OWID_EUR,1766,0
Europe,OWID_EUR,1767,0
Europe,OWID_EUR,1768,0
Europe,OWID_EUR,1769,0
Europe,OWID_EUR,1770,0
Europe,OWID_EUR,1771,0
Europe,OWID_EUR,1772,0
Europe,OWID_EUR,1773,0
Europe,OWID_EUR,1774,0
Europe,OWID_EUR,1775,0
Europe,OWID_EUR,1776,0
Europe,OWID_EUR,1777,0
Europe,OWID_EUR,1778,0
Europe,OWID_EUR,1779,0
Europe,OWID_EUR,1780,0
Europe,OWID_EUR,1781,0
Europe,OWID_EUR,1782,0
Europe,OWID_EUR,1783,0
Europe,OWID_EUR,1784,0
Europe,OWID_EUR,1785,0
Europe,OWID_EUR,1786,0
Europe,OWID_EUR,1787,0
Europe,OWID_EUR,1788,0
Europe,OWID_EUR,1789,0
Europe,OWID_EUR,1790,0
Europe,OWID_EUR,1791,0
Europe,OWID_EUR,1792,0
Europe,OWID_EUR,1793,0
Europe,OWID_EUR,1794,0
Europe,OWID_EUR,1795,0
Europe,OWID_EUR,1796,0
Europe,OWID_EUR,1797,0
Europe,OWID_EUR,1798,0
Europe,OWID_EUR,1799,0
Europe,OWID_EUR,1800,0
Europe,OWID_EUR,1801,0
Europe,OWID_EUR,1802,0
Europe,OWID_EUR,1803,0
Europe,OWID_EUR,1804,0
Europe,OWID_EUR,1805,0
Europe,OWID_EUR,1806,0
Europe,OWID_EUR,1807,0
Europe,OWID_EUR,1808,0
Europe,OWID_EUR,1809,0
Europe,OWID_EUR,1810,0
Europe,OWID_EUR,1811,0
Europe,OWID_EUR,1812,0
Europe,OWID_EUR,1813,0
Europe,OWID_EUR,1814,0
Europe,OWID_EUR,1815,0
Europe,OWID_EUR,1816,0
Europe,OWID_EUR,1817,0
Europe,OWID_EUR,1818,0
Europe,OWID_EUR,1819,0
Europe,OWID_EUR,1820,0
Europe,OWID_EUR,1821,0
Europe,OWID_EUR,1822,0
Europe,OWID_EUR,1823,0
Europe,OWID_EUR,1824,0
Europe,OWID_EUR,1825,0
Europe,OWID_EUR,1826,0
Europe,OWID_EUR,1827,0
Europe,OWID_EUR,1828,0
Europe,OWID_EUR,1829,0
Europe,OWID_EUR,1830,0
Europe,OWID_EUR,1831,0
Europe,OWID_EUR,1832,0
Europe,OWID_EUR,1833,0
Europe,OWID_EUR,1834,0
Europe,OWID_EUR,1835,0
Europe,OWID_EUR,1836,0
Europe,OWID_EUR,1837,0
Europe,OWID_EUR,1838,0
Europe,OWID_EUR,1839,0
Europe,OWID_EUR,1840,0
Europe,OWID_EUR,1841,0
Europe,OWID_EUR,1842,0
Europe,OWID_EUR,1843,0
Europe,OWID_EUR,1844,0
Europe,OWID_EUR,1845,0
Europe,OWID_EUR,1846,0
Europe,OWID_EUR,1847,0
Europe,OWID_EUR,1848,0
Europe,OWID_EUR,1849,0
Europe,OWID_EUR,1850,0
Europe,OWID_EUR,1851,0
Europe,OWID_EUR,1852,0
Europe,OWID_EUR,1853,0
Europe,OWID_EUR,1854,0
Europe,OWID_EUR,1855,0
Europe,OWID_EUR,1856,0
Europe,OWID_EUR,1857,0
Europe,OWID_EUR,1858,0
Europe,OWID_EUR,1859,0
Europe,OWID_EUR,1860,0
Europe,OWID_EUR,1861,0
Europe,OWID_EUR,1862,0
Europe,OWID_EUR,1863,0
Europe,OWID_EUR,1864,0
Europe,OWID_EUR,1865,0
Europe,OWID_EUR,1866,0
Europe,OWID_EUR,1867,0
Europe,OWID_EUR,1868,0
Europe,OWID_EUR,1869,0
Europe,OWID_EUR,1870,0
Europe,OWID_EUR,1871,0
Europe,OWID_EUR,1872,0
Europe,OWID_EUR,1873,0
Europe,OWID_EUR,1874,0
Europe,OWID_EUR,1875,0
Europe,OWID_EUR,1876,0
Europe,OWID_EUR,1877,0
Europe,OWID_EUR,1878,0
Europe,OWID_EUR,1879,0
Europe,OWID_EUR,1880,0
Europe,OWID_EUR,1881,0
Europe,OWID_EUR,1882,0
Europe,OWID_EUR,1883,0
Europe,OWID_EUR,1884,0
Europe,OWID_EUR,1885,0
Europe,OWID_EUR,1886,0
Europe,OWID_EUR,1887,0
Europe,OWID_EUR,1888,0
Europe,OWID_EUR,1889,0
Europe,OWID_EUR,1890,0
Europe,OWID_EUR,1891,0
Europe,OWID_EUR,1892,0
Europe,OWID_EUR,1893,0
Europe,OWID_EUR,1894,0
Europe,OWID_EUR,1895,0
Europe,OWID_EUR,1896,0
Europe,OWID_EUR,1897,0
Europe,OWID_EUR,1898,0
Europe,OWID_EUR,1899,0
Europe,OWID_EUR,1900,0
Europe,OWID_EUR,1901,0
Europe,OWID_EUR,1902,0
Europe,OWID_EUR,1903,0
Europe,OWID_EUR,1904,0
Europe,OWID_EUR,1905,0
Europe,OWID_EUR,1906,0
Europe,OWID_EUR,1907,0
Europe,OWID_EUR,1908,0
Europe,OWID_EUR,1909,0
Europe,OWID_EUR,1910,0
Europe,OWID_EUR,1911,0
Europe,OWID_EUR,1912,0
Europe,OWID_EUR,1913,0
Europe,OWID_EUR,1914,0
Europe,OWID_EUR,1915,0
Europe,OWID_EUR,1916,0
Europe,OWID_EUR,1917,0
Europe,OWID_EUR,1918,0
Europe,OWID_EUR,1919,0
Europe,OWID_EUR,1920,0
Europe,OWID_EUR,1921,0
Europe,OWID_EUR,1922,0
Europe,OWID_EUR,1923,0
Europe,OWID_EUR,1924,0
Europe,OWID_EUR,1925,0
Europe,OWID_EUR,1926,0
Europe,OWID_EUR,1927,0
Europe,OWID_EUR,1928,0
Europe,OWID_EUR,1929,0
Europe,OWID_EUR,1930,0
Europe,OWID_EUR,1931,0
Europe,OWID_EUR,1932,0
Europe,OWID_EUR,1933,0
Europe,OWID_EUR,1934,0
Europe,OWID_EUR,1935,0
Europe,OWID_EUR,1936,0
Europe,OWID_EUR,1937,0
Europe,OWID_EUR,1938,0
Europe,OWID_EUR,1939,0
Europe,OWID_EUR,1940,0
Europe,OWID_EUR,1941,0
Europe,OWID_EUR,1942,0
Europe,OWID_EUR,1943,0
Europe,OWID_EUR,1944,0
Europe,OWID_EUR,1945,0
Europe,OWID_EUR,1946,0
Europe,OWID_EUR,1947,0
Europe,OWID_EUR,1948,0
Europe,OWID_EUR,1949,0
Europe,OWID_EUR,1950,0
Europe,OWID_EUR,1951,0
Europe,OWID_EUR,1952,0
Europe,OWID_EUR,1953,0
Europe,OWID_EUR,1954,0
Europe,OWID_EUR,1955,0
Europe,OWID_EUR,1956,0
Europe,OWID_EUR,1957,0
Europe,OWID_EUR,1958,0
Europe,OWID_EUR,1959,0
Europe,OWID_EUR,1960,0
Europe,OWID_EUR,1961,0
Europe,OWID_EUR,1962,318768
Europe,OWID_EUR,1963,450672
Europe,OWID_EUR,1964,531280
Europe,OWID_EUR,1965,406704
Europe,OWID_EUR,1966,219840
Europe,OWID_EUR,1967,263808
Europe,OWID_EUR,1968,465342
Europe,OWID_EUR,1969,1824663
Europe,OWID_EUR,1970,3293949
Europe,OWID_EUR,1971,28041768
Europe,OWID_EUR,1972,28357508
Europe,OWID_EUR,1973,32479196
Europe,OWID_EUR,1974,34950350
Europe,OWID_EUR,1975,37314684
Europe,OWID_EUR,1976,40386600
Europe,OWID_EUR,1977,43661304
Europe,OWID_EUR,1978,47269824
Europe,OWID_EUR,1979,35248976
Europe,OWID_EUR,1980,30470254
Europe,OWID_EUR,1981,29474044
Europe,OWID_EUR,1982,27659124
Europe,OWID_EUR,1983,26105210
Europe,OWID_EUR,1984,25295184
Europe,OWID_EUR,1985,25126512
Europe,OWID_EUR,1986,22024406
Europe,OWID_EUR,1987,22150002
Europe,OWID_EUR,1988,35690990
Europe,OWID_EUR,1989,34513108
Europe,OWID_EUR,1990,70635896
Europe,OWID_EUR,1991,67932610
Europe,OWID_EUR,1992,61409570
Europe,OWID_EUR,1993,55943170
Europe,OWID_EUR,1994,52504970
Europe,OWID_EUR,1995,55377936
Europe,OWID_EUR,1996,55695990
Europe,OWID_EUR,1997,57012516
Europe,OWID_EUR,1998,56554604
Europe,OWID_EUR,1999,57661652
Europe,OWID_EUR,2000,57781372
Europe,OWID_EUR,2001,56841860
Europe,OWID_EUR,2002,67184190
Europe,OWID_EUR,2003,67444750
Europe,OWID_EUR,2004,71441180
Europe,OWID_EUR,2005,74333620
Europe,OWID_EUR,2006,76076870
Europe,OWID_EUR,2007,86211384
Europe,OWID_EUR,2008,70731040
Europe,OWID_EUR,2009,69431544
Europe,OWID_EUR,2010,79773620
Europe,OWID_EUR,2011,83813830
Europe,OWID_EUR,2012,83974664
Europe,OWID_EUR,2013,82197770
Europe,OWID_EUR,2014,71152990
Europe,OWID_EUR,2015,65597468
Europe,OWID_EUR,2016,68172030
Europe,OWID_EUR,2017,73820560
Europe,OWID_EUR,2018,81364856
Europe,OWID_EUR,2019,93562344
Europe,OWID_EUR,2020,86596860
Europe,OWID_EUR,2021,86558056
Europe,OWID_EUR,2022,88759840
Europe,OWID_EUR,2023,91462930
Europe,OWID_EUR,2024,91458720
Europe (excl. EU-27),,1750,0
Europe (excl. EU-27),,1751,0
Europe (excl. EU-27),,1752,0
Europe (excl. EU-27),,1753,0
Europe (excl. EU-27),,1754,0
Europe (excl. EU-27),,1755,0
Europe (excl. EU-27),,1756,0
Europe (excl. EU-27),,1757,0
Europe (excl. EU-27),,1758,0
Europe (excl. EU-27),,1759,0
Europe (excl. EU-27),,1760,0
Europe (excl. EU-27),,1761,0
Europe (excl. EU-27),,1762,0
Europe (excl. EU-27),,1763,0
Europe (excl. EU-27),,1764,0
Europe (excl. EU-27),,1765,0
Europe (excl. EU-27),,1766,0
Europe (excl. EU-27),,1767,0
Europe (excl. EU-27),,1768,0
Europe (excl. EU-27),,1769,0
Europe (excl. EU-27),,1770,0
Europe (excl. EU-27),,1771,0
Europe (excl. EU-27),,1772,0
Europe (excl. EU-27),,1773,0
Europe (excl. EU-27),,1774,0
Europe (excl. EU-27),,1775,0
Europe (excl. EU-27),,1776,0
Europe (excl. EU-27),,1777,0
Europe (excl. EU-27),,1778,0
Europe (excl. EU-27),,1779,0
Europe (excl. EU-27),,1780,0
Europe (excl. EU-27),,1781,0
Europe (excl. EU-27),,1782,0
Europe (excl. EU-27),,1783,0
Europe (excl. EU-27),,1784,0
Europe (excl. EU-27),,1785,0
Europe (excl. EU-27),,1786,0
Europe (excl. EU-27),,1787,0
Europe (excl. EU-27),,1788,0
Europe (excl. EU-27),,1789,0
Europe (excl. EU-27),,1790,0
Europe (excl. EU-27),,1791,0
Europe (excl. EU-27),,1792,0
Europe (excl. EU-27),,1793,0
Europe (excl. EU-27),,1794,0
Europe (excl. EU-27),,1795,0
Europe (excl. EU-27),,1796,0
Europe (excl. EU-27),,1797,0
Europe (excl. EU-27),,1798,0
Europe (excl. EU-27),,1799,0
Europe (excl. EU-27),,1800,0
Europe (excl. EU-27),,1801,0
Europe (excl. EU-27),,1802,0
Europe (excl. EU-27),,1803,0
Europe (excl. EU-27),,1804,0
Europe (excl. EU-27),,1805,0
Europe (excl. EU-27),,1806,0
Europe (excl. EU-27),,1807,0
Europe (excl. EU-27),,1808,0
Europe (excl. EU-27),,1809,0
Europe (excl. EU-27),,1810,0
Europe (excl. EU-27),,1811,0
Europe (excl. EU-27),,1812,0
Europe (excl. EU-27),,1813,0
Europe (excl. EU-27),,1814,0
Europe (excl. EU-27),,1815,0
Europe (excl. EU-27),,1816,0
Europe (excl. EU-27),,1817,0
Europe (excl. EU-27),,1818,0
Europe (excl. EU-27),,1819,0
Europe (excl. EU-27),,1820,0
Europe (excl. EU-27),,1821,0
Europe (excl. EU-27),,1822,0
Europe (excl. EU-27),,1823,0
Europe (excl. EU-27),,1824,0
Europe (excl. EU-27),,1825,0
Europe (excl. EU-27),,1826,0
Europe (excl. EU-27),,1827,0
Europe (excl. EU-27),,1828,0
Europe (excl. EU-27),,1829,0
Europe (excl. EU-27),,1830,0
Europe (excl. EU-27),,1831,0
Europe (excl. EU-27),,1832,0
Europe (excl. EU-27),,1833,0
Europe (excl. EU-27),,1834,0
Europe (excl. EU-27),,1835,0
Europe (excl. EU-27),,1836,0
Europe (excl. EU-27),,1837,0
Europe (excl. EU-27),,1838,0
Europe (excl. EU-27),,1839,0
Europe (excl. EU-27),,1840,0
Europe (excl. EU-27),,1841,0
Europe (excl. EU-27),,1842,0
Europe (excl. EU-27),,1843,0
Europe (excl. EU-27),,1844,0
Europe (excl. EU-27),,1845,0
Europe (excl. EU-27),,1846,0
Europe (excl. EU-27),,1847,0
Europe (excl. EU-27),,1848,0
Europe (excl. EU-27),,1849,0
Europe (excl. EU-27),,1850,0
Europe (excl. EU-27),,1851,0
Europe (excl. EU-27),,1852,0
Europe (excl. EU-27),,1853,0
Europe (excl. EU-27),,1854,0
Europe (excl. EU-27),,1855,0
Europe (excl. EU-27),,1856,0
Europe (excl. EU-27),,1857,0
Europe (excl. EU-27),,1858,0
Europe (excl. EU-27),,1859,0
Europe (excl. EU-27),,1860,0
Europe (excl. EU-27),,1861,0
Europe (excl. EU-27),,1862,0
Europe (excl. EU-27),,1863,0
Europe (excl. EU-27),,1864,0
Europe (excl. EU-27),,1865,0
Europe (excl. EU-27),,1866,0
Europe (excl. EU-27),,1867,0
Europe (excl. EU-27),,1868,0
Europe (excl. EU-27),,1869,0
Europe (excl. EU-27),,1870,0
Europe (excl. EU-27),,1871,0
Europe (excl. EU-27),,1872,0
Europe (excl. EU-27),,1873,0
Europe (excl. EU-27),,1874,0
Europe (excl. EU-27),,1875,0
Europe (excl. EU-27),,1876,0
Europe (excl. EU-27),,1877,0
Europe (excl. EU-27),,1878,0
Europe (excl. EU-27),,1879,0
Europe (excl. EU-27),,1880,0
Europe (excl. EU-27),,1881,0
Europe (excl. EU-27),,1882,0
Europe (excl. EU-27),,1883,0
Europe (excl. EU-27),,1884,0
Europe (excl. EU-27),,1885,0
Europe (excl. EU-27),,1886,0
Europe (excl. EU-27),,1887,0
Europe (excl. EU-27),,1888,0
Europe (excl. EU-27),,1889,0
Europe (excl. EU-27),,1890,0
Europe (excl. EU-27),,1891,0
Europe (excl. EU-27),,1892,0
Europe (excl. EU-27),,1893,0
Europe (excl. EU-27),,1894,0
Europe (excl. EU-27),,1895,0
Europe (excl. EU-27),,1896,0
Europe (excl. EU-27),,1897,0
Europe (excl. EU-27),,1898,0
Europe (excl. EU-27),,1899,0
Europe (excl. EU-27),,1900,0
Europe (excl. EU-27),,1901,0
Europe (excl. EU-27),,1902,0
Europe (excl. EU-27),,1903,0
Europe (excl. EU-27),,1904,0
Europe (excl. EU-27),,1905,0
Europe (excl. EU-27),,1906,0
Europe (excl. EU-27),,1907,0
Europe (excl. EU-27),,1908,0
Europe (excl. EU-27),,1909,0
Europe (excl. EU-27),,1910,0
Europe (excl. EU-27),,1911,0
Europe (excl. EU-27),,1912,0
Europe (excl. EU-27),,1913,0
Europe (excl. EU-27),,1914,0
Europe (excl. EU-27),,1915,0
Europe (excl. EU-27),,1916,0
Europe (excl. EU-27),,1917,0
Europe (excl. EU-27),,1918,0
Europe (excl. EU-27),,1919,0
Europe (excl. EU-27),,1920,0
Europe (excl. EU-27),,1921,0
Europe (excl. EU-27),,1922,0
Europe (excl. EU-27),,1923,0
Europe (excl. EU-27),,1924,0
Europe (excl. EU-27),,1925,0
Europe (excl. EU-27),,1926,0
Europe (excl. EU-27),,1927,0
Europe (excl. EU-27),,1928,0
Europe (excl. EU-27),,1929,0
Europe (excl. EU-27),,1930,0
Europe (excl. EU-27),,1931,0
Europe (excl. EU-27),,1932,0
Europe (excl. EU-27),,1933,0
Europe (excl. EU-27),,1934,0
Europe (excl. EU-27),,1935,0
Europe (excl. EU-27),,1936,0
Europe (excl. EU-27),,1937,0
Europe (excl. EU-27),,1938,0
Europe (excl. EU-27),,1939,0
Europe (excl. EU-27),,1940,0
Europe (excl. EU-27),,1941,0
Europe (excl. EU-27),,1942,0
Europe (excl. EU-27),,1943,0
Europe (excl. EU-27),,1944,0
Europe (excl. EU-27),,1945,0
Europe (excl. EU-27),,1946,0
Europe (excl. EU-27),,1947,0
Europe (excl. EU-27),,1948,0
Europe (excl. EU-27),,1949,0
Europe (excl. EU-27),,1950,0
Europe (excl. EU-27),,1951,0
Europe (excl. EU-27),,1952,0
Europe (excl. EU-27),,1953,0
Europe (excl. EU-27),,1954,0
Europe (excl. EU-27),,1955,0
Europe (excl. EU-27),,1956,0
Europe (excl. EU-27),,1957,0
Europe (excl. EU-27),,1958,0
Europe (excl. EU-27),,1959,0
Europe (excl. EU-27),,1960,0
Europe (excl. EU-27),,1961,0
Europe (excl. EU-27),,1962,0
Europe (excl. EU-27),,1963,0
Europe (excl. EU-27),,1964,0
Europe (excl. EU-27),,1965,0
Europe (excl. EU-27),,1966,0
Europe (excl. EU-27),,1967,0
Europe (excl. EU-27),,1968,245489
Europe (excl. EU-27),,1969,1480247
Europe (excl. EU-27),,1970,2956848
Europe (excl. EU-27),,1971,21383110
Europe (excl. EU-27),,1972,21959282
Europe (excl. EU-27),,1973,26152380
Europe (excl. EU-27),,1974,28679712
Europe (excl. EU-27),,1975,31415868
Europe (excl. EU-27),,1976,34155064
Europe (excl. EU-27),,1977,37070616
Europe (excl. EU-27),,1978,40758120
Europe (excl. EU-27),,1979,30313306
Europe (excl. EU-27),,1980,26478232
Europe (excl. EU-27),,1981,26388652
Europe (excl. EU-27),,1982,25887124
Europe (excl. EU-27),,1983,25305908
Europe (excl. EU-27),,1984,24411492
Europe (excl. EU-27),,1985,24136956
Europe (excl. EU-27),,1986,20767744
Europe (excl. EU-27),,1987,19749110
Europe (excl. EU-27),,1988,32919740
Europe (excl. EU-27),,1989,32278992
Europe (excl. EU-27),,1990,47427090
Europe (excl. EU-27),,1991,46381932
Europe (excl. EU-27),,1992,39709556
Europe (excl. EU-27),,1993,34506950
Europe (excl. EU-27),,1994,31794164
Europe (excl. EU-27),,1995,34087664
Europe (excl. EU-27),,1996,34899944
Europe (excl. EU-27),,1997,34829670
Europe (excl. EU-27),,1998,35200804
Europe (excl. EU-27),,1999,36302660
Europe (excl. EU-27),,2000,36867050
Europe (excl. EU-27),,2001,37129220
Europe (excl. EU-27),,2002,46835230
Europe (excl. EU-27),,2003,46040896
Europe (excl. EU-27),,2004,51326200
Europe (excl. EU-27),,2005,53389664
Europe (excl. EU-27),,2006,53187376
Europe (excl. EU-27),,2007,63549704
Europe (excl. EU-27),,2008,48317730
Europe (excl. EU-27),,2009,48943760
Europe (excl. EU-27),,2010,58609210
Europe (excl. EU-27),,2011,62111156
Europe (excl. EU-27),,2012,62352060
Europe (excl. EU-27),,2013,58914100
Europe (excl. EU-27),,2014,48551940
Europe (excl. EU-27),,2015,43284564
Europe (excl. EU-27),,2016,46308876
Europe (excl. EU-27),,2017,51455336
Europe (excl. EU-27),,2018,59258590
Europe (excl. EU-27),,2019,72171070
Europe (excl. EU-27),,2020,67498160
Europe (excl. EU-27),,2021,68667850
Europe (excl. EU-27),,2022,70288460
Europe (excl. EU-27),,2023,74471920
Europe (excl. EU-27),,2024,74543660
Europe (excl. EU-28),,1750,0
Europe (excl. EU-28),,1751,0
Europe (excl. EU-28),,1752,0
Europe (excl. EU-28),,1753,0
Europe (excl. EU-28),,1754,0
Europe (excl. EU-28),,1755,0
Europe (excl. EU-28),,1756,0
Europe (excl. EU-28),,1757,0
Europe (excl. EU-28),,1758,0
Europe (excl. EU-28),,1759,0
Europe (excl. EU-28),,1760,0
Europe (excl. EU-28),,1761,0
Europe (excl. EU-28),,1762,0
Europe (excl. EU-28),,1763,0
Europe (excl. EU-28),,1764,0
Europe (excl. EU-28),,1765,0
Europe (excl. EU-28),,1766,0
Europe (excl. EU-28),,1767,0
Europe (excl. EU-28),,1768,0
Europe (excl. EU-28),,1769,0
Europe (excl. EU-28),,1770,0
Europe (excl. EU-28),,1771,0
Europe (excl. EU-28),,1772,0
Europe (excl. EU-28),,1773,0
Europe (excl. EU-28),,1774,0
Europe (excl. EU-28),,1775,0
Europe (excl. EU-28),,1776,0
Europe (excl. EU-28),,1777,0
Europe (excl. EU-28),,1778,0
Europe (excl. EU-28),,1779,0
Europe (excl. EU-28),,1780,0
Europe (excl. EU-28),,1781,0
Europe (excl. EU-28),,1782,0
Europe (excl. EU-28),,1783,0
Europe (excl. EU-28),,1784,0
Europe (excl. EU-28),,1785,0
Europe (excl. EU-28),,1786,0
Europe (excl. EU-28),,1787,0
Europe (excl. EU-28),,1788,0
Europe (excl. EU-28),,1789,0
Europe (excl. EU-28),,1790,0
Europe (excl. EU-28),,1791,0
Europe (excl. EU-28),,1792,0
Europe (excl. EU-28),,1793,0
Europe (excl. EU-28),,1794,0
Europe (excl. EU-28),,1795,0
Europe (excl. EU-28),,1796,0
Europe (excl. EU-28),,1797,0
Europe (excl. EU-28),,1798,0
Europe (excl. EU-28),,1799,0
Europe (excl. EU-28),,1800,0
Europe (excl. EU-28),,1801,0
Europe (excl. EU-28),,1802,0
Europe (excl. EU-28),,1803,0
Europe (excl. EU-28),,1804,0
Europe (excl. EU-28),,1805,0
Europe (excl. EU-28),,1806,0
Europe (excl. EU-28),,1807,0
Europe (excl. EU-28),,1808,0
Europe (excl. EU-28),,1809,0
Europe (excl. EU-28),,1810,0
Europe (excl. EU-28),,1811,0
Europe (excl. EU-28),,1812,0
Europe (excl. EU-28),,1813,0
Europe (excl. EU-28),,1814,0
Europe (excl. EU-28),,1815,0
Europe (excl. EU-28),,1816,0
Europe (excl. EU-28),,1817,0
Europe (excl. EU-28),,1818,0
Europe (excl. EU-28),,1819,0
Europe (excl. EU-28),,1820,0
Europe (excl. EU-28),,1821,0
Europe (excl. EU-28),,1822,0
Europe (excl. EU-28),,1823,0
Europe (excl. EU-28),,1824,0
Europe (excl. EU-28),,1825,0
Europe (excl. EU-28),,1826,0
Europe (excl. EU-28),,1827,0
Europe (excl. EU-28),,1828,0
Europe (excl. EU-28),,1829,0
Europe (excl. EU-28),,1830,0
Europe (excl. EU-28),,1831,0
Europe (excl. EU-28),,1832,0
Europe (excl. EU-28),,1833,0
Europe (excl. EU-28),,1834,0
Europe (excl. EU-28),,1835,0
Europe (excl. EU-28),,1836,0
Europe (excl. EU-28),,1837,0
Europe (excl. EU-28),,1838,0
Europe (excl. EU-28),,1839,0
Europe (excl. EU-28),,1840,0
Europe (excl. EU-28),,1841,0
Europe (excl. EU-28),,1842,0
Europe (excl. EU-28),,1843,0
Europe (excl. EU-28),,1844,0
Europe (excl. EU-28),,1845,0
Europe (excl. EU-28),,1846,0
Europe (excl. EU-28),,1847,0
Europe (excl. EU-28),,1848,0
Europe (excl. EU-28),,1849,0
Europe (excl. EU-28),,1850,0
Europe (excl. EU-28),,1851,0
Europe (excl. EU-28),,1852,0
Europe (excl. EU-28),,1853,0
Europe (excl. EU-28),,1854,0
Europe (excl. EU-28),,1855,0
Europe (excl. EU-28),,1856,0
Europe (excl. EU-28),,1857,0
Europe (excl. EU-28),,1858,0
Europe (excl. EU-28),,1859,0
Europe (excl. EU-28),,1860,0
Europe (excl. EU-28),,1861,0
Europe (excl. EU-28),,1862,0
Europe (excl. EU-28),,1863,0
Europe (excl. EU-28),,1864,0
Europe (excl. EU-28),,1865,0
Europe (excl. EU-28),,1866,0
Europe (excl. EU-28),,1867,0
Europe (excl. EU-28),,1868,0
Europe (excl. EU-28),,1869,0
Europe (excl. EU-28),,1870,0
Europe (excl. EU-28),,1871,0
Europe (excl. EU-28),,1872,0
Europe (excl. EU-28),,1873,0
Europe (excl. EU-28),,1874,0
Europe (excl. EU-28),,1875,0
Europe (excl. EU-28),,1876,0
Europe (excl. EU-28),,1877,0
Europe (excl. EU-28),,1878,0
Europe (excl. EU-28),,1879,0
Europe (excl. EU-28),,1880,0
Europe (excl. EU-28),,1881,0
Europe (excl. EU-28),,1882,0
Europe (excl. EU-28),,1883,0
Europe (excl. EU-28),,1884,0
Europe (excl. EU-28),,1885,0
Europe (excl. EU-28),,1886,0
Europe (excl. EU-28),,1887,0
Europe (excl. EU-28),,1888,0
Europe (excl. EU-28),,1889,0
Europe (excl. EU-28),,1890,0
Europe (excl. EU-28),,1891,0
Europe (excl. EU-28),,1892,0
Europe (excl. EU-28),,1893,0
Europe (excl. EU-28),,1894,0
Europe (excl. EU-28),,1895,0
Europe (excl. EU-28),,1896,0
Europe (excl. EU-28),,1897,0
Europe (excl. EU-28),,1898,0
Europe (excl. EU-28),,1899,0
Europe (excl. EU-28),,1900,0
Europe (excl. EU-28),,1901,0
Europe (excl. EU-28),,1902,0
Europe (excl. EU-28),,1903,0
Europe (excl. EU-28),,1904,0
Europe (excl. EU-28),,1905,0
Europe (excl. EU-28),,1906,0
Europe (excl. EU-28),,1907,0
Europe (excl. EU-28),,1908,0
Europe (excl. EU-28),,1909,0
Europe (excl. EU-28),,1910,0
Europe (excl. EU-28),,1911,0
Europe (excl. EU-28),,1912,0
Europe (excl. EU-28),,1913,0
Europe (excl. EU-28),,1914,0
Europe (excl. EU-28),,1915,0
Europe (excl. EU-28),,1916,0
Europe (excl. EU-28),,1917,0
Europe (excl. EU-28),,1918,0
Europe (excl. EU-28),,1919,0
Europe (excl. EU-28),,1920,0
Europe (excl. EU-28),,1921,0
Europe (excl. EU-28),,1922,0
Europe (excl. EU-28),,1923,0
Europe (excl. EU-28),,1924,0
Europe (excl. EU-28),,1925,0
Europe (excl. EU-28),,1926,0
Europe (excl. EU-28),,1927,0
Europe (excl. EU-28),,1928,0
Europe (excl. EU-28),,1929,0
Europe (excl. EU-28),,1930,0
Europe (excl. EU-28),,1931,0
Europe (excl. EU-28),,1932,0
Europe (excl. EU-28),,1933,0
Europe (excl. EU-28),,1934,0
Europe (excl. EU-28),,1935,0
Europe (excl. EU-28),,1936,0
Europe (excl. EU-28),,1937,0
Europe (excl. EU-28),,1938,0
Europe (excl. EU-28),,1939,0
Europe (excl. EU-28),,1940,0
Europe (excl. EU-28),,1941,0
Europe (excl. EU-28),,1942,0
Europe (excl. EU-28),,1943,0
Europe (excl. EU-28),,1944,0
Europe (excl. EU-28),,1945,0
Europe (excl. EU-28),,1946,0
Europe (excl. EU-28),,1947,0
Europe (excl. EU-28),,1948,0
Europe (excl. EU-28),,1949,0
Europe (excl. EU-28),,1950,0
Europe (excl. EU-28),,1951,0
Europe (excl. EU-28),,1952,0
Europe (excl. EU-28),,1953,0
Europe (excl. EU-28),,1954,0
Europe (excl. EU-28),,1955,0
Europe (excl. EU-28),,1956,0
Europe (excl. EU-28),,1957,0
Europe (excl. EU-28),,1958,0
Europe (excl. EU-28),,1959,0
Europe (excl. EU-28),,1960,0
Europe (excl. EU-28),,1961,0
Europe (excl. EU-28),,1962,0
Europe (excl. EU-28),,1963,0
Europe (excl. EU-28),,1964,0
Europe (excl. EU-28),,1965,0
Europe (excl. EU-28),,1966,0
Europe (excl. EU-28),,1967,0
Europe (excl. EU-28),,1968,0
Europe (excl. EU-28),,1969,0
Europe (excl. EU-28),,1970,0
Europe (excl. EU-28),,1971,17931622
Europe (excl. EU-28),,1972,18016796
Europe (excl. EU-28),,1973,21224300
Europe (excl. EU-28),,1974,23256992
Europe (excl. EU-28),,1975,25502172
Europe (excl. EU-28),,1976,28241368
Europe (excl. EU-28),,1977,30698922
Europe (excl. EU-28),,1978,32162376
Europe (excl. EU-28),,1979,17822730
Europe (excl. EU-28),,1980,18450408
Europe (excl. EU-28),,1981,18412124
Europe (excl. EU-28),,1982,18379638
Europe (excl. EU-28),,1983,18146452
Europe (excl. EU-28),,1984,17955568
Europe (excl. EU-28),,1985,19102652
Europe (excl. EU-28),,1986,16931586
Europe (excl. EU-28),,1987,15711382
Europe (excl. EU-28),,1988,32919740
Europe (excl. EU-28),,1989,32278992
Europe (excl. EU-28),,1990,40640010
Europe (excl. EU-28),,1991,40121604
Europe (excl. EU-28),,1992,33265366
Europe (excl. EU-28),,1993,27871332
Europe (excl. EU-28),,1994,24368656
Europe (excl. EU-28),,1995,25746484
Europe (excl. EU-28),,1996,26193104
Europe (excl. EU-28),,1997,27618922
Europe (excl. EU-28),,1998,27752444
Europe (excl. EU-28),,1999,30132108
Europe (excl. EU-28),,2000,30421024
Europe (excl. EU-28),,2001,30636140
Europe (excl. EU-28),,2002,40656580
Europe (excl. EU-28),,2003,40477776
Europe (excl. EU-28),,2004,45707424
Europe (excl. EU-28),,2005,47398470
Europe (excl. EU-28),,2006,47915630
Europe (excl. EU-28),,2007,58132580
Europe (excl. EU-28),,2008,43567788
Europe (excl. EU-28),,2009,44063224
Europe (excl. EU-28),,2010,53871212
Europe (excl. EU-28),,2011,57658124
Europe (excl. EU-28),,2012,58706252
Europe (excl. EU-28),,2013,54698144
Europe (excl. EU-28),,2014,44115916
Europe (excl. EU-28),,2015,38643372
Europe (excl. EU-28),,2016,41750276
Europe (excl. EU-28),,2017,47154070
Europe (excl. EU-28),,2018,54782184
Europe (excl. EU-28),,2019,67887880
Europe (excl. EU-28),,2020,64055564
Europe (excl. EU-28),,2021,65164010
Europe (excl. EU-28),,2022,67092590
Europe (excl. EU-28),,2023,71144640
Europe (excl. EU-28),,2024,71123290
European Union (27),OWID_EU27,1830,0
European Union (27),OWID_EU27,1831,0
European Union (27),OWID_EU27,1832,0
European Union (27),OWID_EU27,1833,0
European Union (27),OWID_EU27,1850,0
European Union (27),OWID_EU27,1855,0
European Union (27),OWID_EU27,1858,0
European Union (27),OWID_EU27,1859,0
European Union (27),OWID_EU27,1860,0
European Union (27),OWID_EU27,1861,0
European Union (27),OWID_EU27,1862,0
European Union (27),OWID_EU27,1863,0
European Union (27),OWID_EU27,1864,0
European Union (27),OWID_EU27,1865,0
European Union (27),OWID_EU27,1866,0
European Union (27),OWID_EU27,1867,0
European Union (27),OWID_EU27,1868,0
European Union (27),OWID_EU27,1869,0
European Union (27),OWID_EU27,1870,0
European Union (27),OWID_EU27,1871,0
European Union (27),OWID_EU27,1872,0
European Union (27),OWID_EU27,1873,0
European Union (27),OWID_EU27,1874,0
European Union (27),OWID_EU27,1875,0
European Union (27),OWID_EU27,1876,0
European Union (27),OWID_EU27,1877,0
European Union (27),OWID_EU27,1878,0
European Union (27),OWID_EU27,1879,0
European Union (27),OWID_EU27,1880,0
European Union (27),OWID_EU27,1881,0
European Union (27),OWID_EU27,1882,0
European Union (27),OWID_EU27,1883,0
European Union (27),OWID_EU27,1884,0
European Union (27),OWID_EU27,1885,0
European Union (27),OWID_EU27,1886,0
European Union (27),OWID_EU27,1887,0
European Union (27),OWID_EU27,1888,0
European Union (27),OWID_EU27,1889,0
European Union (27),OWID_EU27,1890,0
European Union (27),OWID_EU27,1891,0
European Union (27),OWID_EU27,1892,0
European Union (27),OWID_EU27,1893,0
European Union (27),OWID_EU27,1894,0
European Union (27),OWID_EU27,1895,0
European Union (27),OWID_EU27,1896,0
European Union (27),OWID_EU27,1897,0
European Union (27),OWID_EU27,1898,0
European Union (27),OWID_EU27,1899,0
European Union (27),OWID_EU27,1900,0
European Union (27),OWID_EU27,1901,0
European Union (27),OWID_EU27,1902,0
European Union (27),OWID_EU27,1903,0
European Union (27),OWID_EU27,1904,0
European Union (27),OWID_EU27,1905,0
European Union (27),OWID_EU27,1906,0
European Union (27),OWID_EU27,1907,0
European Union (27),OWID_EU27,1908,0
European Union (27),OWID_EU27,1909,0
European Union (27),OWID_EU27,1910,0
European Union (27),OWID_EU27,1911,0
European Union (27),OWID_EU27,1912,0
European Union (27),OWID_EU27,1913,0
European Union (27),OWID_EU27,1914,0
European Union (27),OWID_EU27,1915,0
European Union (27),OWID_EU27,1916,0
European Union (27),OWID_EU27,1917,0
European Union (27),OWID_EU27,1918,0
European Union (27),OWID_EU27,1919,0
European Union (27),OWID_EU27,1920,0
European Union (27),OWID_EU27,1921,0
European Union (27),OWID_EU27,1922,0
European Union (27),OWID_EU27,1923,0
European Union (27),OWID_EU27,1924,0
European Union (27),OWID_EU27,1925,0
European Union (27),OWID_EU27,1926,0
European Union (27),OWID_EU27,1927,0
European Union (27),OWID_EU27,1928,0
European Union (27),OWID_EU27,1929,0
European Union (27),OWID_EU27,1930,0
European Union (27),OWID_EU27,1931,0
European Union (27),OWID_EU27,1932,0
European Union (27),OWID_EU27,1933,0
European Union (27),OWID_EU27,1934,0
European Union (27),OWID_EU27,1935,0
European Union (27),OWID_EU27,1936,0
European Union (27),OWID_EU27,1937,0
European Union (27),OWID_EU27,1938,0
European Union (27),OWID_EU27,1939,0
European Union (27),OWID_EU27,1940,0
European Union (27),OWID_EU27,1941,0
European Union (27),OWID_EU27,1942,0
European Union (27),OWID_EU27,1943,0
European Union (27),OWID_EU27,1944,0
European Union (27),OWID_EU27,1945,0
European Union (27),OWID_EU27,1946,0
European Union (27),OWID_EU27,1947,0
European Union (27),OWID_EU27,1948,0
European Union (27),OWID_EU27,1949,0
European Union (27),OWID_EU27,1950,0
European Union (27),OWID_EU27,1951,0
European Union (27),OWID_EU27,1952,0
European Union (27),OWID_EU27,1953,0
European Union (27),OWID_EU27,1954,0
European Union (27),OWID_EU27,1955,0
European Union (27),OWID_EU27,1956,0
European Union (27),OWID_EU27,1957,0
European Union (27),OWID_EU27,1958,0
European Union (27),OWID_EU27,1959,0
European Union (27),OWID_EU27,1960,0
European Union (27),OWID_EU27,1961,0
European Union (27),OWID_EU27,1962,318768
European Union (27),OWID_EU27,1963,450672
European Union (27),OWID_EU27,1964,531280
European Union (27),OWID_EU27,1965,406704
European Union (27),OWID_EU27,1966,219840
European Union (27),OWID_EU27,1967,263808
European Union (27),OWID_EU27,1968,219853
European Union (27),OWID_EU27,1969,344416
European Union (27),OWID_EU27,1970,337101
European Union (27),OWID_EU27,1971,6658659
European Union (27),OWID_EU27,1972,6398227
European Union (27),OWID_EU27,1973,6326814
European Union (27),OWID_EU27,1974,6270640
European Union (27),OWID_EU27,1975,5898818
European Union (27),OWID_EU27,1976,6231537
European Union (27),OWID_EU27,1977,6590685
European Union (27),OWID_EU27,1978,6511702
European Union (27),OWID_EU27,1979,4935672
European Union (27),OWID_EU27,1980,3992023
European Union (27),OWID_EU27,1981,3085393
European Union (27),OWID_EU27,1982,1771999
European Union (27),OWID_EU27,1983,799302
European Union (27),OWID_EU27,1984,883692
European Union (27),OWID_EU27,1985,989556
European Union (27),OWID_EU27,1986,1256661
European Union (27),OWID_EU27,1987,2400892
European Union (27),OWID_EU27,1988,2771253
European Union (27),OWID_EU27,1989,2234115
European Union (27),OWID_EU27,1990,23208808
European Union (27),OWID_EU27,1991,21550680
European Union (27),OWID_EU27,1992,21700008
European Union (27),OWID_EU27,1993,21436218
European Union (27),OWID_EU27,1994,20710806
European Union (27),OWID_EU27,1995,21290270
European Union (27),OWID_EU27,1996,20796048
European Union (27),OWID_EU27,1997,22182848
European Union (27),OWID_EU27,1998,21353798
European Union (27),OWID_EU27,1999,21358992
European Union (27),OWID_EU27,2000,20914324
European Union (27),OWID_EU27,2001,19712640
European Union (27),OWID_EU27,2002,20348958
European Union (27),OWID_EU27,2003,21403860
European Union (27),OWID_EU27,2004,20114988
European Union (27),OWID_EU27,2005,20943952
European Union (27),OWID_EU27,2006,22889496
European Union (27),OWID_EU27,2007,22661672
European Union (27),OWID_EU27,2008,22413310
European Union (27),OWID_EU27,2009,20487782
European Union (27),OWID_EU27,2010,21164408
European Union (27),OWID_EU27,2011,21702678
European Union (27),OWID_EU27,2012,21622604
European Union (27),OWID_EU27,2013,23283668
European Union (27),OWID_EU27,2014,22601050
European Union (27),OWID_EU27,2015,22312906
European Union (27),OWID_EU27,2016,21863152
European Union (27),OWID_EU27,2017,22365222
European Union (27),OWID_EU27,2018,22106264
European Union (27),OWID_EU27,2019,21391268
European Union (27),OWID_EU27,2020,19098700
European Union (27),OWID_EU27,2021,17890212
European Union (27),OWID_EU27,2022,18471376
European Union (27),OWID_EU27,2023,16991012
European Union (27),OWID_EU27,2024,16915056
European Union (28),,1830,0
European Union (28),,1831,0
European Union (28),,1832,0
European Union (28),,1833,0
European Union (28),,1850,0
European Union (28),,1855,0
European Union (28),,1858,0
European Union (28),,1859,0
European Union (28),,1860,0
European Union (28),,1861,0
European Union (28),,1862,0
European Union (28),,1863,0
European Union (28),,1864,0
European Union (28),,1865,0
European Union (28),,1866,0
European Union (28),,1867,0
European Union (28),,1868,0
European Union (28),,1869,0
European Union (28),,1870,0
European Union (28),,1871,0
European Union (28),,1872,0
European Union (28),,1873,0
European Union (28),,1874,0
European Union (28),,1875,0
European Union (28),,1876,0
European Union (28),,1877,0
European Union (28),,1878,0
European Union (28),,1879,0
European Union (28),,1880,0
European Union (28),,1881,0
European Union (28),,1882,0
European Union (28),,1883,0
European Union (28),,1884,0
European Union (28),,1885,0
European Union (28),,1886,0
European Union (28),,1887,0
European Union (28),,1888,0
European Union (28),,1889,0
European Union (28),,1890,0
European Union (28),,1891,0
European Union (28),,1892,0
European Union (28),,1893,0
European Union (28),,1894,0
European Union (28),,1895,0
European Union (28),,1896,0
European Union (28),,1897,0
European Union (28),,1898,0
European Union (28),,1899,0
European Union (28),,1900,0
European Union (28),,1901,0
European Union (28),,1902,0
European Union (28),,1903,0
European Union (28),,1904,0
European Union (28),,1905,0
European Union (28),,1906,0
European Union (28),,1907,0
European Union (28),,1908,0
European Union (28),,1909,0
European Union (28),,1910,0
European Union (28),,1911,0
European Union (28),,1912,0
European Union (28),,1913,0
European Union (28),,1914,0
European Union (28),,1915,0
European Union (28),,1916,0
European Union (28),,1917,0
European Union (28),,1918,0
European Union (28),,1919,0
European Union (28),,1920,0
European Union (28),,1921,0
European Union (28),,1922,0
European Union (28),,1923,0
European Union (28),,1924,0
European Union (28),,1925,0
European Union (28),,1926,0
European Union (28),,1927,0
European Union (28),,1928,0
European Union (28),,1929,0
European Union (28),,1930,0
European Union (28),,1931,0
European Union (28),,1932,0
European Union (28),,1933,0
European Union (28),,1934,0
European Union (28),,1935,0
European Union (28),,1936,0
European Union (28),,1937,0
European Union (28),,1938,0
European Union (28),,1939,0
European Union (28),,1940,0
European Union (28),,1941,0
European Union (28),,1942,0
European Union (28),,1943,0
European Union (28),,1944,0
European Union (28),,1945,0
European Union (28),,1946,0
European Union (28),,1947,0
European Union (28),,1948,0
European Union (28),,1949,0
European Union (28),,1950,0
European Union (28),,1951,0
European Union (28),,1952,0
European Union (28),,1953,0
European Union (28),,1954,0
European Union (28),,1955,0
European Union (28),,1956,0
European Union (28),,1957,0
European Union (28),,1958,0
European Union (28),,1959,0
European Union (28),,1960,0
European Union (28),,1961,0
European Union (28),,1962,318768
European Union (28),,1963,450672
European Union (28),,1964,531280
European Union (28),,1965,406704
European Union (28),,1966,219840
European Union (28),,1967,263808
European Union (28),,1968,465342
European Union (28),,1969,1824663
European Union (28),,1970,3293949
European Union (28),,1971,10110147
European Union (28),,1972,10340713
European Union (28),,1973,11254894
European Union (28),,1974,11693360
European Union (28),,1975,11812514
European Union (28),,1976,12145233
European Union (28),,1977,12962381
European Union (28),,1978,15107446
European Union (28),,1979,17426248
European Union (28),,1980,12019848
European Union (28),,1981,11061921
European Union (28),,1982,9279485
European Union (28),,1983,7958758
European Union (28),,1984,7339615
European Union (28),,1985,6023859
European Union (28),,1986,5092820
European Union (28),,1987,6438620
European Union (28),,1988,2771253
European Union (28),,1989,2234115
European Union (28),,1990,29995888
European Union (28),,1991,27811006
European Union (28),,1992,28144200
European Union (28),,1993,28071840
European Union (28),,1994,28136314
European Union (28),,1995,29631452
European Union (28),,1996,29502888
European Union (28),,1997,29393596
European Union (28),,1998,28802160
European Union (28),,1999,27529544
European Union (28),,2000,27360346
European Union (28),,2001,26205720
European Union (28),,2002,26527612
European Union (28),,2003,26966980
European Union (28),,2004,25733762
European Union (28),,2005,26935144
European Union (28),,2006,28161236
European Union (28),,2007,28078798
European Union (28),,2008,27163252
European Union (28),,2009,25368316
European Union (28),,2010,25902404
European Union (28),,2011,26155710
European Union (28),,2012,25268412
European Union (28),,2013,27499624
European Union (28),,2014,27037072
European Union (28),,2015,26954096
European Union (28),,2016,26421752
European Union (28),,2017,26666484
European Union (28),,2018,26582672
European Union (28),,2019,25674460
European Union (28),,2020,22541300
European Union (28),,2021,21394052
European Union (28),,2022,21667252
European Union (28),,2023,20318288
European Union (28),,2024,20335430
Faroe Islands,FRO,1994,0
Faroe Islands,FRO,1995,0
Faroe Islands,FRO,1996,0
Faroe Islands,FRO,1997,0
Faroe Islands,FRO,1998,0
Faroe Islands,FRO,1999,0
Faroe Islands,FRO,2000,0
Faroe Islands,FRO,2001,0
Faroe Islands,FRO,2002,0
Faroe Islands,FRO,2003,0
Faroe Islands,FRO,2004,0
Faroe Islands,FRO,2005,0
Faroe Islands,FRO,2006,0
Faroe Islands,FRO,2007,0
Faroe Islands,FRO,2008,0
Faroe Islands,FRO,2009,0
Faroe Islands,FRO,2010,0
Faroe Islands,FRO,2011,0
Faroe Islands,FRO,2012,0
Faroe Islands,FRO,2013,0
Faroe Islands,FRO,2014,0
Faroe Islands,FRO,2015,0
Faroe Islands,FRO,2016,0
Faroe Islands,FRO,2017,0
Faroe Islands,FRO,2018,0
Faroe Islands,FRO,2019,0
Faroe Islands,FRO,2020,0
Faroe Islands,FRO,2021,0
Faroe Islands,FRO,2022,0
Faroe Islands,FRO,2023,0
Faroe Islands,FRO,2024,0
Fiji,FJI,1994,0
Fiji,FJI,1995,0
Fiji,FJI,1996,0
Fiji,FJI,1997,0
Fiji,FJI,1998,0
Fiji,FJI,1999,0
Fiji,FJI,2000,0
Fiji,FJI,2001,0
Fiji,FJI,2002,0
Fiji,FJI,2003,0
Fiji,FJI,2004,0
Fiji,FJI,2005,0
Fiji,FJI,2006,0
Fiji,FJI,2007,0
Fiji,FJI,2008,0
Fiji,FJI,2009,0
Fiji,FJI,2010,0
Fiji,FJI,2011,0
Fiji,FJI,2012,0
Fiji,FJI,2013,0
Fiji,FJI,2014,0
Fiji,FJI,2015,0
Fiji,FJI,2016,0
Fiji,FJI,2017,0
Fiji,FJI,2018,0
Fiji,FJI,2019,0
Fiji,FJI,2020,0
Fiji,FJI,2021,0
Fiji,FJI,2022,0
Fiji,FJI,2023,0
Fiji,FJI,2024,0
Finland,FIN,1990,111493
Finland,FIN,1991,103461
Finland,FIN,1992,109843
Finland,FIN,1993,156894
Finland,FIN,1994,66429
Finland,FIN,1995,74597
Finland,FIN,1996,64758.004
Finland,FIN,1997,103225
Finland,FIN,1998,63936.004
Finland,FIN,1999,55150
Finland,FIN,2000,58479
Finland,FIN,2001,52955
Finland,FIN,2002,61503
Finland,FIN,2003,56022
Finland,FIN,2004,55037
Finland,FIN,2005,70422
Finland,FIN,2006,58225
Finland,FIN,2007,80910
Finland,FIN,2008,97135
Finland,FIN,2009,74715
Finland,FIN,2010,96411
Finland,FIN,2011,87792
Finland,FIN,2012,101812
Finland,FIN,2013,79154
Finland,FIN,2014,83728
Finland,FIN,2015,108521
Finland,FIN,2016,104111
Finland,FIN,2017,146585
Finland,FIN,2018,90787
Finland,FIN,2019,65144.004
Finland,FIN,2020,76340
Finland,FIN,2021,67863
Finland,FIN,2022,64952
Finland,FIN,2023,86205
Finland,FIN,2024,85634
France,FRA,1971,5725737
France,FRA,1972,5591923
France,FRA,1973,5324044
France,FRA,1974,5052767
France,FRA,1975,4748772
France,FRA,1976,4933147
France,FRA,1977,5014900
France,FRA,1978,4916926
France,FRA,1979,3778873
France,FRA,1980,2850816
France,FRA,1981,1898584
France,FRA,1982,946379
France,FRA,1990,4340269
France,FRA,1991,4437531
France,FRA,1992,4429394
France,FRA,1993,4224934
France,FRA,1994,4485475
France,FRA,1995,4367329
France,FRA,1996,4536783
France,FRA,1997,4481716
France,FRA,1998,4396805
France,FRA,1999,4090763
France,FRA,2000,4236963
France,FRA,2001,4193944
France,FRA,2002,3948051
France,FRA,2003,3907829
France,FRA,2004,3932112
France,FRA,2005,3932180
France,FRA,2006,4233007
France,FRA,2007,4527743
France,FRA,2008,4804188
France,FRA,2009,4520137
France,FRA,2010,4121945
France,FRA,2011,3896647
France,FRA,2012,3328117
France,FRA,2013,3069012
France,FRA,2014,2970577
France,FRA,2015,2868706
France,FRA,2016,2885627
France,FRA,2017,2833184
France,FRA,2018,2918934
France,FRA,2019,2515293
France,FRA,2020,2136165
France,FRA,2021,1707841
France,FRA,2022,1712486
France,FRA,2023,1671590
France,FRA,2024,1660089
French Polynesia,PYF,1994,0
French Polynesia,PYF,1995,0
French Polynesia,PYF,1996,0
French Polynesia,PYF,1997,0
French Polynesia,PYF,1998,0
French Polynesia,PYF,1999,0
French Polynesia,PYF,2000,0
French Polynesia,PYF,2001,0
French Polynesia,PYF,2002,0
French Polynesia,PYF,2003,0
French Polynesia,PYF,2004,0
French Polynesia,PYF,2005,0
French Polynesia,PYF,2006,0
French Polynesia,PYF,2007,0
French Polynesia,PYF,2008,0
French Polynesia,PYF,2009,0
French Polynesia,PYF,2010,0
French Polynesia,PYF,2011,0
French Polynesia,PYF,2012,0
French Polynesia,PYF,2013,0
French Polynesia,PYF,2014,0
French Polynesia,PYF,2015,0
French Polynesia,PYF,2016,0
French Polynesia,PYF,2017,0
French Polynesia,PYF,2018,0
French Polynesia,PYF,2019,0
French Polynesia,PYF,2020,0
French Polynesia,PYF,2021,0
French Polynesia,PYF,2022,0
French Polynesia,PYF,2023,0
French Polynesia,PYF,2024,0
Gabon,GAB,1950,0
Gabon,GAB,1951,0
Gabon,GAB,1952,0
Gabon,GAB,1953,0
Gabon,GAB,1954,0
Gabon,GAB,1955,0
Gabon,GAB,1956,0
Gabon,GAB,1957,0
Gabon,GAB,1958,0
Gabon,GAB,1959,0
Gabon,GAB,1960,0
Gabon,GAB,1961,0
Gabon,GAB,1962,0
Gabon,GAB,1963,0
Gabon,GAB,1964,0
Gabon,GAB,1965,0
Gabon,GAB,1966,0
Gabon,GAB,1967,0
Gabon,GAB,1968,0
Gabon,GAB,1969,0
Gabon,GAB,1970,62288
Gabon,GAB,1971,392048
Gabon,GAB,1972,447008
Gabon,GAB,1973,2088480
Gabon,GAB,1974,2180080
Gabon,GAB,1975,2788304
Gabon,GAB,1976,3044784
Gabon,GAB,1977,2883568
Gabon,GAB,1978,3049927
Gabon,GAB,1979,3268288
Gabon,GAB,1980,3121728
Gabon,GAB,1981,3112664
Gabon,GAB,1982,3006161
Gabon,GAB,1983,2612432
Gabon,GAB,1984,3422176
Gabon,GAB,1985,3938800
Gabon,GAB,1986,2634416
Gabon,GAB,1987,2242368
Gabon,GAB,1988,2242368
Gabon,GAB,1989,3304928
Gabon,GAB,1990,3385536
Gabon,GAB,1991,3389200
Gabon,GAB,1992,3634688
Gabon,GAB,1993,3634688
Gabon,GAB,1994,3588974
Gabon,GAB,1995,4039246
Gabon,GAB,1996,4553628
Gabon,GAB,1997,4174293
Gabon,GAB,1998,4921412
Gabon,GAB,1999,4650419
Gabon,GAB,2000,4768213
Gabon,GAB,2001,4881131
Gabon,GAB,2002,4707278
Gabon,GAB,2003,5212109
Gabon,GAB,2004,4803793
Gabon,GAB,2005,4441936
Gabon,GAB,2006,3707393
Gabon,GAB,2007,3062165
Gabon,GAB,2008,3330183
Gabon,GAB,2009,3187560
Gabon,GAB,2010,3166957
Gabon,GAB,2011,2846910
Gabon,GAB,2012,2526863
Gabon,GAB,2013,2570368
Gabon,GAB,2014,2779789
Gabon,GAB,2015,2931915
Gabon,GAB,2016,2810224
Gabon,GAB,2017,2825320
Gabon,GAB,2018,2541219
Gabon,GAB,2019,2739913
Gabon,GAB,2020,2759673
Gabon,GAB,2021,2516229
Gabon,GAB,2022,2636858
Gabon,GAB,2023,2231244
Gabon,GAB,2024,2269160
Gambia,GMB,1994,0
Gambia,GMB,1995,0
Gambia,GMB,1996,0
Gambia,GMB,1997,0
Gambia,GMB,1998,0
Gambia,GMB,1999,0
Gambia,GMB,2000,0
Gambia,GMB,2001,0
Gambia,GMB,2002,0
Gambia,GMB,2003,0
Gambia,GMB,2004,0
Gambia,GMB,2005,0
Gambia,GMB,2006,0
Gambia,GMB,2007,0
Gambia,GMB,2008,0
Gambia,GMB,2009,0
Gambia,GMB,2010,0
Gambia,GMB,2011,0
Gambia,GMB,2012,0
Gambia,GMB,2013,0
Gambia,GMB,2014,0
Gambia,GMB,2015,0
Gambia,GMB,2016,0
Gambia,GMB,2017,0
Gambia,GMB,2018,0
Gambia,GMB,2019,0
Gambia,GMB,2020,0
Gambia,GMB,2021,0
Gambia,GMB,2022,0
Gambia,GMB,2023,0
Gambia,GMB,2024,0
Georgia,GEO,1830,0
Georgia,GEO,1831,0
Georgia,GEO,1832,0
Georgia,GEO,1833,0
Georgia,GEO,1850,0
Georgia,GEO,1855,0
Georgia,GEO,1858,0
Georgia,GEO,1859,0
Georgia,GEO,1860,0
Georgia,GEO,1861,0
Georgia,GEO,1862,0
Georgia,GEO,1863,0
Georgia,GEO,1864,0
Georgia,GEO,1865,0
Georgia,GEO,1866,0
Georgia,GEO,1867,0
Georgia,GEO,1868,0
Georgia,GEO,1869,0
Georgia,GEO,1870,0
Georgia,GEO,1871,0
Georgia,GEO,1872,0
Georgia,GEO,1873,0
Georgia,GEO,1874,0
Georgia,GEO,1875,0
Georgia,GEO,1876,0
Georgia,GEO,1877,0
Georgia,GEO,1878,0
Georgia,GEO,1879,0
Georgia,GEO,1880,0
Georgia,GEO,1881,0
Georgia,GEO,1882,0
Georgia,GEO,1883,0
Georgia,GEO,1884,0
Georgia,GEO,1885,0
Georgia,GEO,1886,0
Georgia,GEO,1887,0
Georgia,GEO,1888,0
Georgia,GEO,1889,0
Georgia,GEO,1890,0
Georgia,GEO,1891,0
Georgia,GEO,1892,0
Georgia,GEO,1893,0
Georgia,GEO,1894,0
Georgia,GEO,1895,0
Georgia,GEO,1896,0
Georgia,GEO,1897,0
Georgia,GEO,1898,0
Georgia,GEO,1899,0
Georgia,GEO,1900,0
Georgia,GEO,1901,0
Georgia,GEO,1902,0
Georgia,GEO,1903,0
Georgia,GEO,1904,0
Georgia,GEO,1905,0
Georgia,GEO,1906,0
Georgia,GEO,1907,0
Georgia,GEO,1908,0
Georgia,GEO,1909,0
Georgia,GEO,1910,0
Georgia,GEO,1911,0
Georgia,GEO,1912,0
Georgia,GEO,1913,0
Georgia,GEO,1914,0
Georgia,GEO,1915,0
Georgia,GEO,1916,0
Georgia,GEO,1917,0
Georgia,GEO,1918,0
Georgia,GEO,1919,0
Georgia,GEO,1920,0
Georgia,GEO,1921,0
Georgia,GEO,1922,0
Georgia,GEO,1923,0
Georgia,GEO,1924,0
Georgia,GEO,1925,0
Georgia,GEO,1926,0
Georgia,GEO,1927,0
Georgia,GEO,1928,0
Georgia,GEO,1929,0
Georgia,GEO,1930,0
Georgia,GEO,1931,0
Georgia,GEO,1932,0
Georgia,GEO,1933,0
Georgia,GEO,1934,0
Georgia,GEO,1935,0
Georgia,GEO,1936,0
Georgia,GEO,1937,0
Georgia,GEO,1938,0
Georgia,GEO,1939,0
Georgia,GEO,1940,0
Georgia,GEO,1941,0
Georgia,GEO,1942,0
Georgia,GEO,1943,0
Georgia,GEO,1944,0
Georgia,GEO,1945,0
Georgia,GEO,1946,0
Georgia,GEO,1947,0
Georgia,GEO,1948,0
Georgia,GEO,1949,0
Georgia,GEO,1950,0
Georgia,GEO,1951,0
Georgia,GEO,1952,0
Georgia,GEO,1953,0
Georgia,GEO,1954,0
Georgia,GEO,1955,0
Georgia,GEO,1956,0
Georgia,GEO,1957,0
Georgia,GEO,1958,0
Georgia,GEO,1959,0
Georgia,GEO,1960,0
Georgia,GEO,1961,0
Georgia,GEO,1962,0
Georgia,GEO,1963,0
Georgia,GEO,1964,0
Georgia,GEO,1965,0
Georgia,GEO,1966,0
Georgia,GEO,1967,0
Georgia,GEO,1968,0
Georgia,GEO,1969,0
Georgia,GEO,1970,0
Georgia,GEO,1971,125902
Georgia,GEO,1972,119150
Georgia,GEO,1973,139250
Georgia,GEO,1974,149894
Georgia,GEO,1975,164129
Georgia,GEO,1976,179911
Georgia,GEO,1977,191810
Georgia,GEO,1978,202471
Georgia,GEO,1979,108755
Georgia,GEO,1980,109645
Georgia,GEO,1981,104350
Georgia,GEO,1982,103058
Georgia,GEO,1983,99742
Georgia,GEO,1984,96651
Georgia,GEO,1985,104654
Georgia,GEO,1986,91577
Georgia,GEO,1987,83991
Georgia,GEO,1988,184720
Georgia,GEO,1989,180127
Georgia,GEO,1990,119157
Georgia,GEO,1991,110850
Georgia,GEO,1994,0
Georgia,GEO,1995,0
Georgia,GEO,1996,0
Georgia,GEO,1997,0
Georgia,GEO,1998,0
Georgia,GEO,1999,0
Georgia,GEO,2000,0
Georgia,GEO,2001,0
Georgia,GEO,2002,0
Georgia,GEO,2003,0
Georgia,GEO,2004,0
Georgia,GEO,2005,0
Georgia,GEO,2006,0
Georgia,GEO,2007,0
Georgia,GEO,2008,0
Georgia,GEO,2009,0
Georgia,GEO,2010,0
Georgia,GEO,2011,0
Georgia,GEO,2012,2665
Georgia,GEO,2013,3248
Georgia,GEO,2014,4290
Georgia,GEO,2015,5816
Georgia,GEO,2016,4831
Georgia,GEO,2017,0
Georgia,GEO,2018,0
Georgia,GEO,2019,0
Georgia,GEO,2020,4802
Georgia,GEO,2021,2338
Georgia,GEO,2022,1847
Georgia,GEO,2023,166
Georgia,GEO,2024,0
Germany,DEU,1987,1341029
Germany,DEU,1988,1209120
Germany,DEU,1989,589902
Germany,DEU,1990,3840672
Germany,DEU,1991,3619388
Germany,DEU,1992,3540271
Germany,DEU,1993,3317839
Germany,DEU,1994,3220337
Germany,DEU,1995,3060097
Germany,DEU,1996,3213327
Germany,DEU,1997,3239481
Germany,DEU,1998,3168288
Germany,DEU,1999,3113198
Germany,DEU,2000,2992522
Germany,DEU,2001,2969588
Germany,DEU,2002,2965949
Germany,DEU,2003,3003048
Germany,DEU,2004,2928276
Germany,DEU,2005,2953896
Germany,DEU,2006,3069155
Germany,DEU,2007,2988770
Germany,DEU,2008,2944810
Germany,DEU,2009,2575372
Germany,DEU,2010,2581764
Germany,DEU,2011,2672946
Germany,DEU,2012,2657292
Germany,DEU,2013,2688948
Germany,DEU,2014,2478309
Germany,DEU,2015,2373663
Germany,DEU,2016,2343646
Germany,DEU,2017,2266679
Germany,DEU,2018,1988522
Germany,DEU,2019,2037297
Germany,DEU,2020,1821487
Germany,DEU,2021,1871650
Germany,DEU,2022,1834452
Germany,DEU,2023,1698683
Germany,DEU,2024,1650661
Ghana,GHA,1994,0
Ghana,GHA,1995,0
Ghana,GHA,1996,0
Ghana,GHA,1997,0
Ghana,GHA,1998,0
Ghana,GHA,1999,0
Ghana,GHA,2000,0
Ghana,GHA,2001,0
Ghana,GHA,2002,12627
Ghana,GHA,2003,5101
Ghana,GHA,2004,53284
Ghana,GHA,2005,23504
Ghana,GHA,2006,70336
Ghana,GHA,2007,60035
Ghana,GHA,2008,91315
Ghana,GHA,2009,63610.004
Ghana,GHA,2010,42657
Ghana,GHA,2011,54689
Ghana,GHA,2012,66722
Ghana,GHA,2013,160036
Ghana,GHA,2014,220602
Ghana,GHA,2015,245191
Ghana,GHA,2016,93689
Ghana,GHA,2017,607637
Ghana,GHA,2018,350907
Ghana,GHA,2019,260596
Ghana,GHA,2020,664159
Ghana,GHA,2021,1126565
Ghana,GHA,2022,932228
Ghana,GHA,2023,956003
Ghana,GHA,2024,763017
Greece,GRC,1988,3664
Greece,GRC,1989,3664
Greece,GRC,1990,42698
Greece,GRC,1991,43157
Greece,GRC,1992,36297
Greece,GRC,1993,29467
Greece,GRC,1994,25773
Greece,GRC,1995,22554
Greece,GRC,1996,24955
Greece,GRC,1997,22653
Greece,GRC,1998,15608
Greece,GRC,1999,847
Greece,GRC,2000,13966
Greece,GRC,2001,9829
Greece,GRC,2002,9631
Greece,GRC,2003,7026
Greece,GRC,2004,6847
Greece,GRC,2005,5591
Greece,GRC,2006,5621
Greece,GRC,2007,4575
Greece,GRC,2008,3551
Greece,GRC,2009,4435
Greece,GRC,2010,5968
Greece,GRC,2011,5241
Greece,GRC,2012,4955
Greece,GRC,2013,4071.9998
Greece,GRC,2014,3746
Greece,GRC,2015,3639
Greece,GRC,2016,9366
Greece,GRC,2017,7707
Greece,GRC,2018,10971
Greece,GRC,2019,9042
Greece,GRC,2020,5171
Greece,GRC,2021,3521
Greece,GRC,2022,2063
Greece,GRC,2023,3082
Greece,GRC,2024,3082
Greenland,GRL,1994,0
Greenland,GRL,1995,0
Greenland,GRL,1996,0
Greenland,GRL,1997,0
Greenland,GRL,1998,0
Greenland,GRL,1999,0
Greenland,GRL,2000,0
Greenland,GRL,2001,0
Greenland,GRL,2002,0
Greenland,GRL,2003,0
Greenland,GRL,2004,0
Greenland,GRL,2005,0
Greenland,GRL,2006,0
Greenland,GRL,2007,0
Greenland,GRL,2008,0
Greenland,GRL,2009,0
Greenland,GRL,2010,0
Greenland,GRL,2011,0
Greenland,GRL,2012,0
Greenland,GRL,2013,0
Greenland,GRL,2014,0
Greenland,GRL,2015,0
Greenland,GRL,2016,0
Greenland,GRL,2017,0
Greenland,GRL,2018,0
Greenland,GRL,2019,0
Greenland,GRL,2020,0
Greenland,GRL,2021,0
Greenland,GRL,2022,0
Greenland,GRL,2023,0
Greenland,GRL,2024,0
Grenada,GRD,1994,0
Grenada,GRD,1995,0
Grenada,GRD,1996,0
Grenada,GRD,1997,0
Grenada,GRD,1998,0
Grenada,GRD,1999,0
Grenada,GRD,2000,0
Grenada,GRD,2001,0
Grenada,GRD,2002,0
Grenada,GRD,2003,0
Grenada,GRD,2004,0
Grenada,GRD,2005,0
Grenada,GRD,2006,0
Grenada,GRD,2007,0
Grenada,GRD,2008,0
Grenada,GRD,2009,0
Grenada,GRD,2010,0
Grenada,GRD,2011,0
Grenada,GRD,2012,0
Grenada,GRD,2013,0
Grenada,GRD,2014,0
Grenada,GRD,2015,0
Grenada,GRD,2016,0
Grenada,GRD,2017,0
Grenada,GRD,2018,0
Grenada,GRD,2019,0
Grenada,GRD,2020,0
Grenada,GRD,2021,0
Grenada,GRD,2022,0
Grenada,GRD,2023,0
Grenada,GRD,2024,0
Guatemala,GTM,1994,0
Guatemala,GTM,1995,0
Guatemala,GTM,1996,0
Guatemala,GTM,1997,0
Guatemala,GTM,1998,0
Guatemala,GTM,1999,0
Guatemala,GTM,2000,0
Guatemala,GTM,2001,0
Guatemala,GTM,2002,0
Guatemala,GTM,2003,0
Guatemala,GTM,2004,0
Guatemala,GTM,2005,0
Guatemala,GTM,2006,0
Guatemala,GTM,2007,0
Guatemala,GTM,2008,0
Guatemala,GTM,2009,0
Guatemala,GTM,2010,0
Guatemala,GTM,2011,0
Guatemala,GTM,2012,18877
Guatemala,GTM,2013,28068
Guatemala,GTM,2014,41918
Guatemala,GTM,2015,63617
Guatemala,GTM,2016,106561
Guatemala,GTM,2017,132775
Guatemala,GTM,2018,112382
Guatemala,GTM,2019,116260
Guatemala,GTM,2020,113304
Guatemala,GTM,2021,93825
Guatemala,GTM,2022,97961
Guatemala,GTM,2023,110229
Guatemala,GTM,2024,86630
Guinea,GIN,1950,0
Guinea,GIN,1951,0
Guinea,GIN,1952,0
Guinea,GIN,1953,0
Guinea,GIN,1954,0
Guinea,GIN,1955,0
Guinea,GIN,1956,0
Guinea,GIN,1957,0
Guinea,GIN,1994,0
Guinea,GIN,1995,0
Guinea,GIN,1996,0
Guinea,GIN,1997,0
Guinea,GIN,1998,0
Guinea,GIN,1999,0
Guinea,GIN,2000,0
Guinea,GIN,2001,0
Guinea,GIN,2002,0
Guinea,GIN,2003,0
Guinea,GIN,2004,0
Guinea,GIN,2005,0
Guinea,GIN,2006,0
Guinea,GIN,2007,0
Guinea,GIN,2008,0
Guinea,GIN,2009,0
Guinea,GIN,2010,0
Guinea,GIN,2011,0
Guinea,GIN,2012,0
Guinea,GIN,2013,0
Guinea,GIN,2014,0
Guinea,GIN,2015,0
Guinea,GIN,2016,0
Guinea,GIN,2017,0
Guinea,GIN,2018,0
Guinea,GIN,2019,0
Guinea,GIN,2020,0
Guinea,GIN,2021,0
Guinea,GIN,2022,0
Guinea,GIN,2023,0
Guinea,GIN,2024,0
Guinea-Bissau,GNB,1994,0
Guinea-Bissau,GNB,1995,0
Guinea-Bissau,GNB,1996,0
Guinea-Bissau,GNB,1997,0
Guinea-Bissau,GNB,1998,0
Guinea-Bissau,GNB,1999,0
Guinea-Bissau,GNB,2000,0
Guinea-Bissau,GNB,2001,0
Guinea-Bissau,GNB,2002,0
Guinea-Bissau,GNB,2003,0
Guinea-Bissau,GNB,2004,0
Guinea-Bissau,GNB,2005,0
Guinea-Bissau,GNB,2006,0
Guinea-Bissau,GNB,2007,0
Guinea-Bissau,GNB,2008,0
Guinea-Bissau,GNB,2009,0
Guinea-Bissau,GNB,2010,0
Guinea-Bissau,GNB,2011,0
Guinea-Bissau,GNB,2012,0
Guinea-Bissau,GNB,2013,0
Guinea-Bissau,GNB,2014,0
Guinea-Bissau,GNB,2015,0
Guinea-Bissau,GNB,2016,0
Guinea-Bissau,GNB,2017,0
Guinea-Bissau,GNB,2018,0
Guinea-Bissau,GNB,2019,0
Guinea-Bissau,GNB,2020,0
Guinea-Bissau,GNB,2021,0
Guinea-Bissau,GNB,2022,0
Guinea-Bissau,GNB,2023,0
Guinea-Bissau,GNB,2024,0
Guyana,GUY,1994,0
Guyana,GUY,1995,0
Guyana,GUY,1996,0
Guyana,GUY,1997,0
Guyana,GUY,1998,0
Guyana,GUY,1999,0
Guyana,GUY,2000,0
Guyana,GUY,2001,0
Guyana,GUY,2002,0
Guyana,GUY,2003,0
Guyana,GUY,2004,0
Guyana,GUY,2005,0
Guyana,GUY,2006,0
Guyana,GUY,2007,0
Guyana,GUY,2008,0
Guyana,GUY,2009,0
Guyana,GUY,2010,0
Guyana,GUY,2011,0
Guyana,GUY,2012,0
Guyana,GUY,2013,0
Guyana,GUY,2014,0
Guyana,GUY,2015,0
Guyana,GUY,2016,0
Guyana,GUY,2017,0
Guyana,GUY,2018,0
Guyana,GUY,2019,0
Guyana,GUY,2020,528141
Guyana,GUY,2021,247066
Guyana,GUY,2022,306910
Guyana,GUY,2023,210875
Guyana,GUY,2024,175254
Haiti,HTI,1994,0
Haiti,HTI,1995,0
Haiti,HTI,1996,0
Haiti,HTI,1997,0
Haiti,HTI,1998,0
Haiti,HTI,1999,0
Haiti,HTI,2000,0
Haiti,HTI,2001,0
Haiti,HTI,2002,0
Haiti,HTI,2003,0
Haiti,HTI,2004,0
Haiti,HTI,2005,0
Haiti,HTI,2006,0
Haiti,HTI,2007,0
Haiti,HTI,2008,0
Haiti,HTI,2009,0
Haiti,HTI,2010,0
Haiti,HTI,2011,0
Haiti,HTI,2012,0
Haiti,HTI,2013,0
Haiti,HTI,2014,0
Haiti,HTI,2015,0
Haiti,HTI,2016,0
Haiti,HTI,2017,0
Haiti,HTI,2018,0
Haiti,HTI,2019,0
Haiti,HTI,2020,0
Haiti,HTI,2021,0
Haiti,HTI,2022,0
Haiti,HTI,2023,0
Haiti,HTI,2024,0
High-income countries,OWID_HIC,1750,0
High-income countries,OWID_HIC,1751,0
High-income countries,OWID_HIC,1752,0
High-income countries,OWID_HIC,1753,0
High-income countries,OWID_HIC,1754,0
High-income countries,OWID_HIC,1755,0
High-income countries,OWID_HIC,1756,0
High-income countries,OWID_HIC,1757,0
High-income countries,OWID_HIC,1758,0
High-income countries,OWID_HIC,1759,0
High-income countries,OWID_HIC,1760,0
High-income countries,OWID_HIC,1761,0
High-income countries,OWID_HIC,1762,0
High-income countries,OWID_HIC,1763,0
High-income countries,OWID_HIC,1764,0
High-income countries,OWID_HIC,1765,0
High-income countries,OWID_HIC,1766,0
High-income countries,OWID_HIC,1767,0
High-income countries,OWID_HIC,1768,0
High-income countries,OWID_HIC,1769,0
High-income countries,OWID_HIC,1770,0
High-income countries,OWID_HIC,1771,0
High-income countries,OWID_HIC,1772,0
High-income countries,OWID_HIC,1773,0
High-income countries,OWID_HIC,1774,0
High-income countries,OWID_HIC,1775,0
High-income countries,OWID_HIC,1776,0
High-income countries,OWID_HIC,1777,0
High-income countries,OWID_HIC,1778,0
High-income countries,OWID_HIC,1779,0
High-income countries,OWID_HIC,1780,0
High-income countries,OWID_HIC,1781,0
High-income countries,OWID_HIC,1782,0
High-income countries,OWID_HIC,1783,0
High-income countries,OWID_HIC,1784,0
High-income countries,OWID_HIC,1785,0
High-income countries,OWID_HIC,1786,0
High-income countries,OWID_HIC,1787,0
High-income countries,OWID_HIC,1788,0
High-income countries,OWID_HIC,1789,0
High-income countries,OWID_HIC,1790,0
High-income countries,OWID_HIC,1791,0
High-income countries,OWID_HIC,1792,0
High-income countries,OWID_HIC,1793,0
High-income countries,OWID_HIC,1794,0
High-income countries,OWID_HIC,1795,0
High-income countries,OWID_HIC,1796,0
High-income countries,OWID_HIC,1797,0
High-income countries,OWID_HIC,1798,0
High-income countries,OWID_HIC,1799,0
High-income countries,OWID_HIC,1800,0
High-income countries,OWID_HIC,1801,0
High-income countries,OWID_HIC,1802,0
High-income countries,OWID_HIC,1803,0
High-income countries,OWID_HIC,1804,0
High-income countries,OWID_HIC,1805,0
High-income countries,OWID_HIC,1806,0
High-income countries,OWID_HIC,1807,0
High-income countries,OWID_HIC,1808,0
High-income countries,OWID_HIC,1809,0
High-income countries,OWID_HIC,1810,0
High-income countries,OWID_HIC,1811,0
High-income countries,OWID_HIC,1812,0
High-income countries,OWID_HIC,1813,0
High-income countries,OWID_HIC,1814,0
High-income countries,OWID_HIC,1815,0
High-income countries,OWID_HIC,1816,0
High-income countries,OWID_HIC,1817,0
High-income countries,OWID_HIC,1818,0
High-income countries,OWID_HIC,1819,0
High-income countries,OWID_HIC,1820,0
High-income countries,OWID_HIC,1821,0
High-income countries,OWID_HIC,1822,0
High-income countries,OWID_HIC,1823,0
High-income countries,OWID_HIC,1824,0
High-income countries,OWID_HIC,1825,0
High-income countries,OWID_HIC,1826,0
High-income countries,OWID_HIC,1827,0
High-income countries,OWID_HIC,1828,0
High-income countries,OWID_HIC,1829,0
High-income countries,OWID_HIC,1830,0
High-income countries,OWID_HIC,1831,0
High-income countries,OWID_HIC,1832,0
High-income countries,OWID_HIC,1833,0
High-income countries,OWID_HIC,1834,0
High-income countries,OWID_HIC,1835,0
High-income countries,OWID_HIC,1836,0
High-income countries,OWID_HIC,1837,0
High-income countries,OWID_HIC,1838,0
High-income countries,OWID_HIC,1839,0
High-income countries,OWID_HIC,1840,0
High-income countries,OWID_HIC,1841,0
High-income countries,OWID_HIC,1842,0
High-income countries,OWID_HIC,1843,0
High-income countries,OWID_HIC,1844,0
High-income countries,OWID_HIC,1845,0
High-income countries,OWID_HIC,1846,0
High-income countries,OWID_HIC,1847,0
High-income countries,OWID_HIC,1848,0
High-income countries,OWID_HIC,1849,0
High-income countries,OWID_HIC,1850,0
High-income countries,OWID_HIC,1851,0
High-income countries,OWID_HIC,1852,0
High-income countries,OWID_HIC,1853,0
High-income countries,OWID_HIC,1854,0
High-income countries,OWID_HIC,1855,0
High-income countries,OWID_HIC,1856,0
High-income countries,OWID_HIC,1857,0
High-income countries,OWID_HIC,1858,0
High-income countries,OWID_HIC,1859,0
High-income countries,OWID_HIC,1860,0
High-income countries,OWID_HIC,1861,0
High-income countries,OWID_HIC,1862,0
High-income countries,OWID_HIC,1863,0
High-income countries,OWID_HIC,1864,0
High-income countries,OWID_HIC,1865,0
High-income countries,OWID_HIC,1866,0
High-income countries,OWID_HIC,1867,0
High-income countries,OWID_HIC,1868,0
High-income countries,OWID_HIC,1869,0
High-income countries,OWID_HIC,1870,0
High-income countries,OWID_HIC,1871,0
High-income countries,OWID_HIC,1872,0
High-income countries,OWID_HIC,1873,0
High-income countries,OWID_HIC,1874,0
High-income countries,OWID_HIC,1875,0
High-income countries,OWID_HIC,1876,0
High-income countries,OWID_HIC,1877,0
High-income countries,OWID_HIC,1878,0
High-income countries,OWID_HIC,1879,0
High-income countries,OWID_HIC,1880,0
High-income countries,OWID_HIC,1881,0
High-income countries,OWID_HIC,1882,0
High-income countries,OWID_HIC,1883,0
High-income countries,OWID_HIC,1884,0
High-income countries,OWID_HIC,1885,0
High-income countries,OWID_HIC,1886,0
High-income countries,OWID_HIC,1887,0
High-income countries,OWID_HIC,1888,0
High-income countries,OWID_HIC,1889,0
High-income countries,OWID_HIC,1890,0
High-income countries,OWID_HIC,1891,0
High-income countries,OWID_HIC,1892,0
High-income countries,OWID_HIC,1893,0
High-income countries,OWID_HIC,1894,0
High-income countries,OWID_HIC,1895,0
High-income countries,OWID_HIC,1896,0
High-income countries,OWID_HIC,1897,0
High-income countries,OWID_HIC,1898,0
High-income countries,OWID_HIC,1899,0
High-income countries,OWID_HIC,1900,0
High-income countries,OWID_HIC,1901,0
High-income countries,OWID_HIC,1902,0
High-income countries,OWID_HIC,1903,0
High-income countries,OWID_HIC,1904,0
High-income countries,OWID_HIC,1905,0
High-income countries,OWID_HIC,1906,0
High-income countries,OWID_HIC,1907,0
High-income countries,OWID_HIC,1908,0
High-income countries,OWID_HIC,1909,0
High-income countries,OWID_HIC,1910,0
High-income countries,OWID_HIC,1911,0
High-income countries,OWID_HIC,1912,0
High-income countries,OWID_HIC,1913,0
High-income countries,OWID_HIC,1914,0
High-income countries,OWID_HIC,1915,0
High-income countries,OWID_HIC,1916,0
High-income countries,OWID_HIC,1917,0
High-income countries,OWID_HIC,1918,0
High-income countries,OWID_HIC,1919,0
High-income countries,OWID_HIC,1920,0
High-income countries,OWID_HIC,1921,0
High-income countries,OWID_HIC,1922,0
High-income countries,OWID_HIC,1923,0
High-income countries,OWID_HIC,1924,0
High-income countries,OWID_HIC,1925,0
High-income countries,OWID_HIC,1926,0
High-income countries,OWID_HIC,1927,0
High-income countries,OWID_HIC,1928,0
High-income countries,OWID_HIC,1929,0
High-income countries,OWID_HIC,1930,0
High-income countries,OWID_HIC,1931,0
High-income countries,OWID_HIC,1932,0
High-income countries,OWID_HIC,1933,0
High-income countries,OWID_HIC,1934,0
High-income countries,OWID_HIC,1935,0
High-income countries,OWID_HIC,1936,0
High-income countries,OWID_HIC,1937,0
High-income countries,OWID_HIC,1938,0
High-income countries,OWID_HIC,1939,0
High-income countries,OWID_HIC,1940,0
High-income countries,OWID_HIC,1941,0
High-income countries,OWID_HIC,1942,0
High-income countries,OWID_HIC,1943,0
High-income countries,OWID_HIC,1944,0
High-income countries,OWID_HIC,1945,0
High-income countries,OWID_HIC,1946,0
High-income countries,OWID_HIC,1947,0
High-income countries,OWID_HIC,1948,0
High-income countries,OWID_HIC,1949,0
High-income countries,OWID_HIC,1950,43121616
High-income countries,OWID_HIC,1951,42700316
High-income countries,OWID_HIC,1952,45799932
High-income countries,OWID_HIC,1953,44993856
High-income countries,OWID_HIC,1954,39006890
High-income countries,OWID_HIC,1955,43872780
High-income countries,OWID_HIC,1956,50057630
High-income countries,OWID_HIC,1957,48163336
High-income countries,OWID_HIC,1958,39017936
High-income countries,OWID_HIC,1959,35024176
High-income countries,OWID_HIC,1960,35057092
High-income countries,OWID_HIC,1961,34452590
High-income countries,OWID_HIC,1962,30844208
High-income countries,OWID_HIC,1963,34364656
High-income countries,OWID_HIC,1964,49461252
High-income countries,OWID_HIC,1965,49062430
High-income countries,OWID_HIC,1966,51918450
High-income countries,OWID_HIC,1967,76427920
High-income countries,OWID_HIC,1968,78351730
High-income countries,OWID_HIC,1969,104354320
High-income countries,OWID_HIC,1970,114865200
High-income countries,OWID_HIC,1971,144544340
High-income countries,OWID_HIC,1972,161302510
High-income countries,OWID_HIC,1973,189400800
High-income countries,OWID_HIC,1974,179422430
High-income countries,OWID_HIC,1975,158200030
High-income countries,OWID_HIC,1976,182815260
High-income countries,OWID_HIC,1977,176928260
High-income countries,OWID_HIC,1978,177788800
High-income countries,OWID_HIC,1979,152776880
High-income countries,OWID_HIC,1980,146820240
High-income countries,OWID_HIC,1981,106109096
High-income countries,OWID_HIC,1982,94974030
High-income countries,OWID_HIC,1983,84150664
High-income countries,OWID_HIC,1984,65595830
High-income countries,OWID_HIC,1985,61214696
High-income countries,OWID_HIC,1986,49839730
High-income countries,OWID_HIC,1987,48206564
High-income countries,OWID_HIC,1988,58647510
High-income countries,OWID_HIC,1989,57099750
High-income countries,OWID_HIC,1990,137298350
High-income countries,OWID_HIC,1991,160499380
High-income countries,OWID_HIC,1992,129789030
High-income countries,OWID_HIC,1993,122017980
High-income countries,OWID_HIC,1994,132599520
High-income countries,OWID_HIC,1995,133619170
High-income countries,OWID_HIC,1996,136244270
High-income countries,OWID_HIC,1997,141284480
High-income countries,OWID_HIC,1998,136922500
High-income countries,OWID_HIC,1999,136347420
High-income countries,OWID_HIC,2000,140356740
High-income countries,OWID_HIC,2001,136851330
High-income countries,OWID_HIC,2002,147184020
High-income countries,OWID_HIC,2003,149743890
High-income countries,OWID_HIC,2004,152236500
High-income countries,OWID_HIC,2005,155014450
High-income countries,OWID_HIC,2006,158208320
High-income countries,OWID_HIC,2007,168656000
High-income countries,OWID_HIC,2008,153621380
High-income countries,OWID_HIC,2009,148892130
High-income countries,OWID_HIC,2010,160519340
High-income countries,OWID_HIC,2011,165701630
High-income countries,OWID_HIC,2012,169458850
High-income countries,OWID_HIC,2013,175291070
High-income countries,OWID_HIC,2014,170727400
High-income countries,OWID_HIC,2015,166623900
High-income countries,OWID_HIC,2016,159490430
High-income countries,OWID_HIC,2017,172870620
High-income countries,OWID_HIC,2018,195298690
High-income countries,OWID_HIC,2019,226858980
High-income countries,OWID_HIC,2020,199559170
High-income countries,OWID_HIC,2021,191428380
High-income countries,OWID_HIC,2022,193279540
High-income countries,OWID_HIC,2023,199468600
High-income countries,OWID_HIC,2024,198979660
Honduras,HND,1994,0
Honduras,HND,1995,0
Honduras,HND,1996,0
Honduras,HND,1997,0
Honduras,HND,1998,0
Honduras,HND,1999,0
Honduras,HND,2000,0
Honduras,HND,2001,0
Honduras,HND,2002,0
Honduras,HND,2003,0
Honduras,HND,2004,0
Honduras,HND,2005,0
Honduras,HND,2006,0
Honduras,HND,2007,0
Honduras,HND,2008,0
Honduras,HND,2009,0
Honduras,HND,2010,0
Honduras,HND,2011,0
Honduras,HND,2012,0
Honduras,HND,2013,0
Honduras,HND,2014,0
Honduras,HND,2015,0
Honduras,HND,2016,0
Honduras,HND,2017,0
Honduras,HND,2018,0
Honduras,HND,2019,0
Honduras,HND,2020,0
Honduras,HND,2021,0
Honduras,HND,2022,0
Honduras,HND,2023,0
Honduras,HND,2024,0
Hong Kong,HKG,1994,0
Hong Kong,HKG,1995,0
Hong Kong,HKG,1996,0
Hong Kong,HKG,1997,0
Hong Kong,HKG,1998,0
Hong Kong,HKG,1999,0
Hong Kong,HKG,2000,0
Hong Kong,HKG,2001,0
Hong Kong,HKG,2002,0
Hong Kong,HKG,2003,0
Hong Kong,HKG,2004,0
Hong Kong,HKG,2005,0
Hong Kong,HKG,2006,0
Hong Kong,HKG,2007,0
Hong Kong,HKG,2008,0
Hong Kong,HKG,2009,0
Hong Kong,HKG,2010,0
Hong Kong,HKG,2011,0
Hong Kong,HKG,2012,0
Hong Kong,HKG,2013,0
Hong Kong,HKG,2014,0
Hong Kong,HKG,2015,0
Hong Kong,HKG,2016,0
Hong Kong,HKG,2017,0
Hong Kong,HKG,2018,0
Hong Kong,HKG,2019,0
Hong Kong,HKG,2020,0
Hong Kong,HKG,2021,0
Hong Kong,HKG,2022,0
Hong Kong,HKG,2023,0
Hong Kong,HKG,2024,0
Hungary,HUN,1962,318768
Hungary,HUN,1963,450672
Hungary,HUN,1964,531280
Hungary,HUN,1965,406704
Hungary,HUN,1966,219840
Hungary,HUN,1967,263808
Hungary,HUN,1968,219853
Hungary,HUN,1969,263808
Hungary,HUN,1970,245501
Hungary,HUN,1971,282128
Hungary,HUN,1972,179527
Hungary,HUN,1973,285792
Hungary,HUN,1974,461687
Hungary,HUN,1975,230821
Hungary,HUN,1976,274800
Hungary,HUN,1977,282128
Hungary,HUN,1978,289456
Hungary,HUN,1979,282116
Hungary,HUN,1980,399376
Hungary,HUN,1981,362736
Hungary,HUN,1990,485158
Hungary,HUN,1991,459860
Hungary,HUN,1992,440385
Hungary,HUN,1993,397373
Hungary,HUN,1994,487233
Hungary,HUN,1995,264485
Hungary,HUN,1996,258735
Hungary,HUN,1997,211260
Hungary,HUN,1998,186412
Hungary,HUN,1999,167104
Hungary,HUN,2000,189145
Hungary,HUN,2001,144213
Hungary,HUN,2002,140346
Hungary,HUN,2003,146355
Hungary,HUN,2004,118164
Hungary,HUN,2005,112833
Hungary,HUN,2006,117012
Hungary,HUN,2007,104364
Hungary,HUN,2008,179944
Hungary,HUN,2009,179871
Hungary,HUN,2010,188373
Hungary,HUN,2011,186943
Hungary,HUN,2012,150129
Hungary,HUN,2013,150523
Hungary,HUN,2014,128992.01
Hungary,HUN,2015,131876
Hungary,HUN,2016,136679
Hungary,HUN,2017,142542
Hungary,HUN,2018,147199
Hungary,HUN,2019,149442
Hungary,HUN,2020,162075
Hungary,HUN,2021,138408
Hungary,HUN,2022,134840
Hungary,HUN,2023,145572
Hungary,HUN,2024,145572
Iceland,ISL,1990,61358
Iceland,ISL,1991,69950
Iceland,ISL,1992,67617
Iceland,ISL,1993,85378
Iceland,ISL,1994,70121
Iceland,ISL,1995,82236
Iceland,ISL,1996,81268
Iceland,ISL,1997,66852
Iceland,ISL,1998,83719
Iceland,ISL,1999,111275
Iceland,ISL,2000,153146
Iceland,ISL,2001,143770
Iceland,ISL,2002,147412
Iceland,ISL,2003,136344
Iceland,ISL,2004,122901
Iceland,ISL,2005,118158
Iceland,ISL,2006,127427
Iceland,ISL,2007,147372
Iceland,ISL,2008,185939
Iceland,ISL,2009,170111
Iceland,ISL,2010,189644
Iceland,ISL,2011,179512
Iceland,ISL,2012,172050
Iceland,ISL,2013,173138
Iceland,ISL,2014,182954
Iceland,ISL,2015,163135
Iceland,ISL,2016,148961
Iceland,ISL,2017,146478
Iceland,ISL,2018,156462
Iceland,ISL,2019,163106
Iceland,ISL,2020,174873
Iceland,ISL,2021,162449
Iceland,ISL,2022,173921
Iceland,ISL,2023,172186
Iceland,ISL,2024,172186
India,IND,1962,43968
India,IND,1963,135568
India,IND,1964,476320
India,IND,1965,751120
India,IND,1966,831728
India,IND,1967,1454639
India,IND,1968,1370363
India,IND,1969,1260416
India,IND,1970,1421659
India,IND,1971,1417943
India,IND,1972,1212804
India,IND,1973,1447280
India,IND,1974,1725744
India,IND,1975,2011565
India,IND,1976,1817344
India,IND,1977,2092117.1
India,IND,1978,1982224
India,IND,1979,2216720
India,IND,1980,1165152
India,IND,1981,3176688
India,IND,1982,3814224
India,IND,1983,4316192
India,IND,1984,5199216
India,IND,1985,5953949
India,IND,1986,4964720
India,IND,1987,6628126
India,IND,1988,7470844
India,IND,1989,11002922
India,IND,1990,9870757
India,IND,1991,7833632
India,IND,1992,3565091
India,IND,1993,3700621
India,IND,1994,1851796
India,IND,1995,2303268
India,IND,1996,2135792
India,IND,1997,2645498
India,IND,1998,2133216
India,IND,1999,2048127.9
India,IND,2000,1973441
India,IND,2001,1856872
India,IND,2002,1602081
India,IND,2003,1786836
India,IND,2004,1765007
India,IND,2005,1703873
India,IND,2006,1741354
India,IND,2007,1842345
India,IND,2008,1887652
India,IND,2009,1878801
India,IND,2010,1704123
India,IND,2011,2648179
India,IND,2012,3592236
India,IND,2013,3265639
India,IND,2014,3529487
India,IND,2015,4137466
India,IND,2016,3756230
India,IND,2017,2823090
India,IND,2018,2489685
India,IND,2019,2454173
India,IND,2020,2805992
India,IND,2021,2771550
India,IND,2022,2923606
India,IND,2023,2867526
India,IND,2024,2790540
Indonesia,IDN,1970,3572400
Indonesia,IDN,1971,3872848
Indonesia,IDN,1972,5924688
Indonesia,IDN,1973,6518256
Indonesia,IDN,1974,7734704
Indonesia,IDN,1975,6976256
Indonesia,IDN,1976,8959012
Indonesia,IDN,1977,17550560
Indonesia,IDN,1978,20972736
Indonesia,IDN,1979,21232062
Indonesia,IDN,1980,12798352
Indonesia,IDN,1981,12116848
Indonesia,IDN,1982,10119968
Indonesia,IDN,1983,8218639.5
Indonesia,IDN,1984,7214416
Indonesia,IDN,1985,6851680
Indonesia,IDN,1986,6994576
Indonesia,IDN,1987,7115699
Indonesia,IDN,1988,8423536
Indonesia,IDN,1989,7851952
Indonesia,IDN,1990,9079608
Indonesia,IDN,1991,11061382
Indonesia,IDN,1992,11809291
Indonesia,IDN,1993,12600496
Indonesia,IDN,1994,10941700
Indonesia,IDN,1995,9633541
Indonesia,IDN,1996,10938800
Indonesia,IDN,1997,11951187
Indonesia,IDN,1998,10305449
Indonesia,IDN,1999,8999715
Indonesia,IDN,2000,8570471
Indonesia,IDN,2001,8703692
Indonesia,IDN,2002,7076907
Indonesia,IDN,2003,6947486
Indonesia,IDN,2004,5977856
Indonesia,IDN,2005,5663231
Indonesia,IDN,2006,6021138
Indonesia,IDN,2007,4922938
Indonesia,IDN,2008,4715804
Indonesia,IDN,2009,5430169
Indonesia,IDN,2010,4274134
Indonesia,IDN,2011,5461731
Indonesia,IDN,2012,6649329
Indonesia,IDN,2013,5899292
Indonesia,IDN,2014,5763476
Indonesia,IDN,2015,5460661
Indonesia,IDN,2016,5089226
Indonesia,IDN,2017,4387020
Indonesia,IDN,2018,3946420
Indonesia,IDN,2019,3783727
Indonesia,IDN,2020,3524962
Indonesia,IDN,2021,3149344
Indonesia,IDN,2022,3162903
Indonesia,IDN,2023,3580440
Indonesia,IDN,2024,3201414
International aviation,,1750,0
International aviation,,1751,0
International aviation,,1752,0
International aviation,,1753,0
International aviation,,1754,0
International aviation,,1755,0
International aviation,,1756,0
International aviation,,1757,0
International aviation,,1758,0
International aviation,,1759,0
International aviation,,1760,0
International aviation,,1761,0
International aviation,,1762,0
International aviation,,1763,0
International aviation,,1764,0
International aviation,,1765,0
International aviation,,1766,0
International aviation,,1767,0
International aviation,,1768,0
International aviation,,1769,0
International aviation,,1770,0
International aviation,,1771,0
International aviation,,1772,0
International aviation,,1773,0
International aviation,,1774,0
International aviation,,1775,0
International aviation,,1776,0
International aviation,,1777,0
International aviation,,1778,0
International aviation,,1779,0
International aviation,,1780,0
International aviation,,1781,0
International aviation,,1782,0
International aviation,,1783,0
International aviation,,1784,0
International aviation,,1785,0
International aviation,,1786,0
International aviation,,1787,0
International aviation,,1788,0
International aviation,,1789,0
International aviation,,1790,0
International aviation,,1791,0
International aviation,,1792,0
International aviation,,1793,0
International aviation,,1794,0
International aviation,,1795,0
International aviation,,1796,0
International aviation,,1797,0
International aviation,,1798,0
International aviation,,1799,0
International aviation,,1800,0
International aviation,,1801,0
International aviation,,1802,0
International aviation,,1803,0
International aviation,,1804,0
International aviation,,1805,0
International aviation,,1806,0
International aviation,,1807,0
International aviation,,1808,0
International aviation,,1809,0
International aviation,,1810,0
International aviation,,1811,0
International aviation,,1812,0
International aviation,,1813,0
International aviation,,1814,0
International aviation,,1815,0
International aviation,,1816,0
International aviation,,1817,0
International aviation,,1818,0
International aviation,,1819,0
International aviation,,1820,0
International aviation,,1821,0
International aviation,,1822,0
International aviation,,1823,0
International aviation,,1824,0
International aviation,,1825,0
International aviation,,1826,0
International aviation,,1827,0
International aviation,,1828,0
International aviation,,1829,0
International aviation,,1830,0
International aviation,,1831,0
International aviation,,1832,0
International aviation,,1833,0
International aviation,,1834,0
International aviation,,1835,0
International aviation,,1836,0
International aviation,,1837,0
International aviation,,1838,0
International aviation,,1839,0
International aviation,,1840,0
International aviation,,1841,0
International aviation,,1842,0
International aviation,,1843,0
International aviation,,1844,0
International aviation,,1845,0
International aviation,,1846,0
International aviation,,1847,0
International aviation,,1848,0
International aviation,,1849,0
International aviation,,1850,0
International aviation,,1851,0
International aviation,,1852,0
International aviation,,1853,0
International aviation,,1854,0
International aviation,,1855,0
International aviation,,1856,0
International aviation,,1857,0
International aviation,,1858,0
International aviation,,1859,0
International aviation,,1860,0
International aviation,,1861,0
International aviation,,1862,0
International aviation,,1863,0
International aviation,,1864,0
International aviation,,1865,0
International aviation,,1866,0
International aviation,,1867,0
International aviation,,1868,0
International aviation,,1869,0
International aviation,,1870,0
International aviation,,1871,0
International aviation,,1872,0
International aviation,,1873,0
International aviation,,1874,0
International aviation,,1875,0
International aviation,,1876,0
International aviation,,1877,0
International aviation,,1878,0
International aviation,,1879,0
International aviation,,1880,0
International aviation,,1881,0
International aviation,,1882,0
International aviation,,1883,0
International aviation,,1884,0
International aviation,,1885,0
International aviation,,1886,0
International aviation,,1887,0
International aviation,,1888,0
International aviation,,1889,0
International aviation,,1890,0
International aviation,,1891,0
International aviation,,1892,0
International aviation,,1893,0
International aviation,,1894,0
International aviation,,1895,0
International aviation,,1896,0
International aviation,,1897,0
International aviation,,1898,0
International aviation,,1899,0
International aviation,,1900,0
International aviation,,1901,0
International aviation,,1902,0
International aviation,,1903,0
International aviation,,1904,0
International aviation,,1905,0
International aviation,,1906,0
International aviation,,1907,0
International aviation,,1908,0
International aviation,,1909,0
International aviation,,1910,0
International aviation,,1911,0
International aviation,,1912,0
International aviation,,1913,0
International aviation,,1914,0
International aviation,,1915,0
International aviation,,1916,0
International aviation,,1917,0
International aviation,,1918,0
International aviation,,1919,0
International aviation,,1920,0
International aviation,,1921,0
International aviation,,1922,0
International aviation,,1923,0
International aviation,,1924,0
International aviation,,1925,0
International aviation,,1926,0
International aviation,,1927,0
International aviation,,1928,0
International aviation,,1929,0
International aviation,,1930,0
International aviation,,1931,0
International aviation,,1932,0
International aviation,,1933,0
International aviation,,1934,0
International aviation,,1935,0
International aviation,,1936,0
International aviation,,1937,0
International aviation,,1938,0
International aviation,,1939,0
International aviation,,1940,0
International aviation,,1941,0
International aviation,,1942,0
International aviation,,1943,0
International aviation,,1944,0
International aviation,,1945,0
International aviation,,1946,0
International aviation,,1947,0
International aviation,,1948,0
International aviation,,1949,0
International aviation,,1950,0
International aviation,,1951,0
International aviation,,1952,0
International aviation,,1953,0
International aviation,,1954,0
International aviation,,1955,0
International aviation,,1956,0
International aviation,,1957,0
International aviation,,1958,0
International aviation,,1959,0
International aviation,,1960,0
International aviation,,1961,0
International aviation,,1962,0
International aviation,,1963,0
International aviation,,1964,0
International aviation,,1965,0
International aviation,,1966,0
International aviation,,1967,0
International aviation,,1968,0
International aviation,,1969,0
International aviation,,1970,0
International aviation,,1971,0
International aviation,,1972,0
International aviation,,1973,0
International aviation,,1974,0
International aviation,,1975,0
International aviation,,1976,0
International aviation,,1977,0
International aviation,,1978,0
International aviation,,1979,0
International aviation,,1980,0
International aviation,,1981,0
International aviation,,1982,0
International aviation,,1983,0
International aviation,,1984,0
International aviation,,1985,0
International aviation,,1986,0
International aviation,,1987,0
International aviation,,1988,0
International aviation,,1989,0
International aviation,,1990,0
International aviation,,1991,0
International aviation,,1992,0
International aviation,,1993,0
International aviation,,1994,0
International aviation,,1995,0
International aviation,,1996,0
International aviation,,1997,0
International aviation,,1998,0
International aviation,,1999,0
International aviation,,2000,0
International aviation,,2001,0
International aviation,,2002,0
International aviation,,2003,0
International aviation,,2004,0
International aviation,,2005,0
International aviation,,2006,0
International aviation,,2007,0
International aviation,,2008,0
International aviation,,2009,0
International aviation,,2010,0
International aviation,,2011,0
International aviation,,2012,0
International aviation,,2013,0
International aviation,,2014,0
International aviation,,2015,0
International aviation,,2016,0
International aviation,,2017,0
International aviation,,2018,0
International aviation,,2019,0
International aviation,,2020,0
International aviation,,2021,0
International aviation,,2022,0
International aviation,,2023,0
International aviation,,2024,0
International shipping,,1750,0
International shipping,,1751,0
International shipping,,1752,0
International shipping,,1753,0
International shipping,,1754,0
International shipping,,1755,0
International shipping,,1756,0
International shipping,,1757,0
International shipping,,1758,0
International shipping,,1759,0
International shipping,,1760,0
International shipping,,1761,0
International shipping,,1762,0
International shipping,,1763,0
International shipping,,1764,0
International shipping,,1765,0
International shipping,,1766,0
International shipping,,1767,0
International shipping,,1768,0
International shipping,,1769,0
International shipping,,1770,0
International shipping,,1771,0
International shipping,,1772,0
International shipping,,1773,0
International shipping,,1774,0
International shipping,,1775,0
International shipping,,1776,0
International shipping,,1777,0
International shipping,,1778,0
International shipping,,1779,0
International shipping,,1780,0
International shipping,,1781,0
International shipping,,1782,0
International shipping,,1783,0
International shipping,,1784,0
International shipping,,1785,0
International shipping,,1786,0
International shipping,,1787,0
International shipping,,1788,0
International shipping,,1789,0
International shipping,,1790,0
International shipping,,1791,0
International shipping,,1792,0
International shipping,,1793,0
International shipping,,1794,0
International shipping,,1795,0
International shipping,,1796,0
International shipping,,1797,0
International shipping,,1798,0
International shipping,,1799,0
International shipping,,1800,0
International shipping,,1801,0
International shipping,,1802,0
International shipping,,1803,0
International shipping,,1804,0
International shipping,,1805,0
International shipping,,1806,0
International shipping,,1807,0
International shipping,,1808,0
International shipping,,1809,0
International shipping,,1810,0
International shipping,,1811,0
International shipping,,1812,0
International shipping,,1813,0
International shipping,,1814,0
International shipping,,1815,0
International shipping,,1816,0
International shipping,,1817,0
International shipping,,1818,0
International shipping,,1819,0
International shipping,,1820,0
International shipping,,1821,0
International shipping,,1822,0
International shipping,,1823,0
International shipping,,1824,0
International shipping,,1825,0
International shipping,,1826,0
International shipping,,1827,0
International shipping,,1828,0
International shipping,,1829,0
International shipping,,1830,0
International shipping,,1831,0
International shipping,,1832,0
International shipping,,1833,0
International shipping,,1834,0
International shipping,,1835,0
International shipping,,1836,0
International shipping,,1837,0
International shipping,,1838,0
International shipping,,1839,0
International shipping,,1840,0
International shipping,,1841,0
International shipping,,1842,0
International shipping,,1843,0
International shipping,,1844,0
International shipping,,1845,0
International shipping,,1846,0
International shipping,,1847,0
International shipping,,1848,0
International shipping,,1849,0
International shipping,,1850,0
International shipping,,1851,0
International shipping,,1852,0
International shipping,,1853,0
International shipping,,1854,0
International shipping,,1855,0
International shipping,,1856,0
International shipping,,1857,0
International shipping,,1858,0
International shipping,,1859,0
International shipping,,1860,0
International shipping,,1861,0
International shipping,,1862,0
International shipping,,1863,0
International shipping,,1864,0
International shipping,,1865,0
International shipping,,1866,0
International shipping,,1867,0
International shipping,,1868,0
International shipping,,1869,0
International shipping,,1870,0
International shipping,,1871,0
International shipping,,1872,0
International shipping,,1873,0
International shipping,,1874,0
International shipping,,1875,0
International shipping,,1876,0
International shipping,,1877,0
International shipping,,1878,0
International shipping,,1879,0
International shipping,,1880,0
International shipping,,1881,0
International shipping,,1882,0
International shipping,,1883,0
International shipping,,1884,0
International shipping,,1885,0
International shipping,,1886,0
International shipping,,1887,0
International shipping,,1888,0
International shipping,,1889,0
International shipping,,1890,0
International shipping,,1891,0
International shipping,,1892,0
International shipping,,1893,0
International shipping,,1894,0
International shipping,,1895,0
International shipping,,1896,0
International shipping,,1897,0
International shipping,,1898,0
International shipping,,1899,0
International shipping,,1900,0
International shipping,,1901,0
International shipping,,1902,0
International shipping,,1903,0
International shipping,,1904,0
International shipping,,1905,0
International shipping,,1906,0
International shipping,,1907,0
International shipping,,1908,0
International shipping,,1909,0
International shipping,,1910,0
International shipping,,1911,0
International shipping,,1912,0
International shipping,,1913,0
International shipping,,1914,0
International shipping,,1915,0
International shipping,,1916,0
International shipping,,1917,0
International shipping,,1918,0
International shipping,,1919,0
International shipping,,1920,0
International shipping,,1921,0
International shipping,,1922,0
International shipping,,1923,0
International shipping,,1924,0
International shipping,,1925,0
International shipping,,1926,0
International shipping,,1927,0
International shipping,,1928,0
International shipping,,1929,0
International shipping,,1930,0
International shipping,,1931,0
International shipping,,1932,0
International shipping,,1933,0
International shipping,,1934,0
International shipping,,1935,0
International shipping,,1936,0
International shipping,,1937,0
International shipping,,1938,0
International shipping,,1939,0
International shipping,,1940,0
International shipping,,1941,0
International shipping,,1942,0
International shipping,,1943,0
International shipping,,1944,0
International shipping,,1945,0
International shipping,,1946,0
International shipping,,1947,0
International shipping,,1948,0
International shipping,,1949,0
International shipping,,1950,0
International shipping,,1951,0
International shipping,,1952,0
International shipping,,1953,0
International shipping,,1954,0
International shipping,,1955,0
International shipping,,1956,0
International shipping,,1957,0
International shipping,,1958,0
International shipping,,1959,0
International shipping,,1960,0
International shipping,,1961,0
International shipping,,1962,0
International shipping,,1963,0
International shipping,,1964,0
International shipping,,1965,0
International shipping,,1966,0
International shipping,,1967,0
International shipping,,1968,0
International shipping,,1969,0
International shipping,,1970,0
International shipping,,1971,0
International shipping,,1972,0
International shipping,,1973,0
International shipping,,1974,0
International shipping,,1975,0
International shipping,,1976,0
International shipping,,1977,0
International shipping,,1978,0
International shipping,,1979,0
International shipping,,1980,0
International shipping,,1981,0
International shipping,,1982,0
International shipping,,1983,0
International shipping,,1984,0
International shipping,,1985,0
International shipping,,1986,0
International shipping,,1987,0
International shipping,,1988,0
International shipping,,1989,0
International shipping,,1990,0
International shipping,,1991,0
International shipping,,1992,0
International shipping,,1993,0
International shipping,,1994,0
International shipping,,1995,0
International shipping,,1996,0
International shipping,,1997,0
International shipping,,1998,0
International shipping,,1999,0
International shipping,,2000,0
International shipping,,2001,0
International shipping,,2002,0
International shipping,,2003,0
International shipping,,2004,0
International shipping,,2005,0
International shipping,,2006,0
International shipping,,2007,0
International shipping,,2008,0
International shipping,,2009,0
International shipping,,2010,0
International shipping,,2011,0
International shipping,,2012,0
International shipping,,2013,0
International shipping,,2014,0
International shipping,,2015,0
International shipping,,2016,0
International shipping,,2017,0
International shipping,,2018,0
International shipping,,2019,0
International shipping,,2020,0
International shipping,,2021,0
International shipping,,2022,0
International shipping,,2023,0
International shipping,,2024,0
Iran,IRN,1955,11640528
Iran,IRN,1956,12754384
Iran,IRN,1957,8663904
Iran,IRN,1958,9870816
Iran,IRN,1959,11208176
Iran,IRN,1960,12679861
Iran,IRN,1961,14389972
Iran,IRN,1962,15773520
Iran,IRN,1963,17856752
Iran,IRN,1964,20547712
Iran,IRN,1965,25569136
Iran,IRN,1966,33666756
Iran,IRN,1967,35973150
Iran,IRN,1968,41044130
Iran,IRN,1969,42865136
Iran,IRN,1970,35976816
Iran,IRN,1971,41406864
Iran,IRN,1972,46422880
Iran,IRN,1973,54758480
Iran,IRN,1974,54170860
Iran,IRN,1975,45727924
Iran,IRN,1976,54131936
Iran,IRN,1977,51184936
Iran,IRN,1978,49914670
Iran,IRN,1979,30363568
Iran,IRN,1980,18217408
Iran,IRN,1981,14802560
Iran,IRN,1982,27410384
Iran,IRN,1983,24717344
Iran,IRN,1984,12497600
Iran,IRN,1985,10380112
Iran,IRN,1986,10189584
Iran,IRN,1987,9229616
Iran,IRN,1988,7690736
Iran,IRN,1989,2883568
Iran,IRN,1990,21819120
Iran,IRN,1991,22313392
Iran,IRN,1992,21734498
Iran,IRN,1993,17696844
Iran,IRN,1994,21820840
Iran,IRN,1995,20192380
Iran,IRN,1996,21719524
Iran,IRN,1997,21470986
Iran,IRN,1998,17246510
Iran,IRN,1999,16515667
Iran,IRN,2000,19291462
Iran,IRN,2001,16988194
Iran,IRN,2002,16556099
Iran,IRN,2003,21881400
Iran,IRN,2004,20699036
Iran,IRN,2005,21923558
Iran,IRN,2006,22878510
Iran,IRN,2007,20097440
Iran,IRN,2008,20251290
Iran,IRN,2009,20475074
Iran,IRN,2010,21191190
Iran,IRN,2011,20961208
Iran,IRN,2012,20731224
Iran,IRN,2013,20740286
Iran,IRN,2014,22785000
Iran,IRN,2015,22557182
Iran,IRN,2016,29785766
Iran,IRN,2017,33220288
Iran,IRN,2018,32438912
Iran,IRN,2019,25963442
Iran,IRN,2020,24925138
Iran,IRN,2021,32496032
Iran,IRN,2022,32375058
Iran,IRN,2023,38391732
Iran,IRN,2024,42891372
Iraq,IRQ,1965,9652809
Iraq,IRQ,1966,10867424
Iraq,IRQ,1967,10006384
Iraq,IRQ,1968,8732936
Iraq,IRQ,1969,10383776
Iraq,IRQ,1970,10284848
Iraq,IRQ,1971,13626618
Iraq,IRQ,1972,12474372
Iraq,IRQ,1973,14461808
Iraq,IRQ,1974,15561008
Iraq,IRQ,1975,16913024
Iraq,IRQ,1976,21467376
Iraq,IRQ,1977,17118208
Iraq,IRQ,1978,17889198
Iraq,IRQ,1979,23427616
Iraq,IRQ,1980,18483392
Iraq,IRQ,1981,6499194
Iraq,IRQ,1982,6771072
Iraq,IRQ,1983,6463296
Iraq,IRQ,1984,7903248
Iraq,IRQ,1985,10380112
Iraq,IRQ,1986,12267072
Iraq,IRQ,1987,9785865
Iraq,IRQ,1988,8863216
Iraq,IRQ,1989,9383034
Iraq,IRQ,1990,7980192
Iraq,IRQ,1991,95264
Iraq,IRQ,1992,113584
Iraq,IRQ,1993,95264
Iraq,IRQ,1994,5442721
Iraq,IRQ,1995,5707088
Iraq,IRQ,1996,5521958
Iraq,IRQ,1997,9054473
Iraq,IRQ,1998,10274606
Iraq,IRQ,1999,12189750
Iraq,IRQ,2000,13378353
Iraq,IRQ,2001,13604551
Iraq,IRQ,2002,12046077
Iraq,IRQ,2003,12405022
Iraq,IRQ,2004,14556804
Iraq,IRQ,2005,13445576
Iraq,IRQ,2006,13767490
Iraq,IRQ,2007,12766417
Iraq,IRQ,2008,13592124
Iraq,IRQ,2009,15399589
Iraq,IRQ,2010,17378980
Iraq,IRQ,2011,20628182
Iraq,IRQ,2012,23877382
Iraq,IRQ,2013,25088300
Iraq,IRQ,2014,26511508
Iraq,IRQ,2015,30664096
Iraq,IRQ,2016,32996852
Iraq,IRQ,2017,33544922
Iraq,IRQ,2018,33402218
Iraq,IRQ,2019,33678732
Iraq,IRQ,2020,32662716
Iraq,IRQ,2021,33636908
Iraq,IRQ,2022,33657412
Iraq,IRQ,2023,33256252
Iraq,IRQ,2024,34182330
Ireland,IRL,1990,6
Ireland,IRL,1991,6
Ireland,IRL,1992,6
Ireland,IRL,1993,7
Ireland,IRL,1994,7
Ireland,IRL,1995,8
Ireland,IRL,1996,13
Ireland,IRL,1997,18
Ireland,IRL,1998,24
Ireland,IRL,1999,38295
Ireland,IRL,2000,37
Ireland,IRL,2001,56092
Ireland,IRL,2002,44
Ireland,IRL,2003,45
Ireland,IRL,2004,48
Ireland,IRL,2005,43
Ireland,IRL,2006,50
Ireland,IRL,2007,61
Ireland,IRL,2008,62
Ireland,IRL,2009,65
Ireland,IRL,2010,73
Ireland,IRL,2011,62
Ireland,IRL,2012,55
Ireland,IRL,2013,52
Ireland,IRL,2014,45
Ireland,IRL,2015,405
Ireland,IRL,2016,1367
Ireland,IRL,2017,4760
Ireland,IRL,2018,205
Ireland,IRL,2019,286
Ireland,IRL,2020,335
Ireland,IRL,2021,435
Ireland,IRL,2022,215
Ireland,IRL,2023,261
Ireland,IRL,2024,261
Israel,ISR,1990,0
Israel,ISR,1991,0
Israel,ISR,1992,0
Israel,ISR,1993,0
Israel,ISR,1994,0
Israel,ISR,1995,0
Israel,ISR,1996,0
Israel,ISR,1997,0
Israel,ISR,1998,0
Israel,ISR,1999,0
Israel,ISR,2000,0
Israel,ISR,2001,0
Israel,ISR,2002,0
Israel,ISR,2003,0
Israel,ISR,2004,0
Israel,ISR,2005,0
Israel,ISR,2006,0
Israel,ISR,2007,0
Israel,ISR,2008,0
Israel,ISR,2009,0
Israel,ISR,2010,0
Israel,ISR,2011,0
Israel,ISR,2012,271
Israel,ISR,2013,262
Israel,ISR,2014,118
Israel,ISR,2015,858
Israel,ISR,2016,0
Israel,ISR,2017,5068
Israel,ISR,2018,471
Israel,ISR,2019,0
Israel,ISR,2020,0
Israel,ISR,2021,1192
Israel,ISR,2022,17599
Israel,ISR,2023,43780
Israel,ISR,2024,59239
Italy,ITA,1990,4047634
Italy,ITA,1991,3979914
Italy,ITA,1992,3956085
Italy,ITA,1993,4179990.8
Italy,ITA,1994,4070158
Italy,ITA,1995,4002398
Italy,ITA,1996,3850362
Italy,ITA,1997,4012577
Italy,ITA,1998,3886827
Italy,ITA,1999,3108679
Italy,ITA,2000,3261918
Italy,ITA,2001,3070873
Italy,ITA,2002,2842968
Italy,ITA,2003,3383522
Italy,ITA,2004,2646031
Italy,ITA,2005,2557067
Italy,ITA,2006,2591484
Italy,ITA,2007,2526290
Italy,ITA,2008,2596047
Italy,ITA,2009,2231504
Italy,ITA,2010,2376961
Italy,ITA,2011,2615166
Italy,ITA,2012,2527781
Italy,ITA,2013,2701607
Italy,ITA,2014,2501145
Italy,ITA,2015,2574282
Italy,ITA,2016,2188690
Italy,ITA,2017,2351260
Italy,ITA,2018,2295148
Italy,ITA,2019,2756264
Italy,ITA,2020,2112355
Italy,ITA,2021,1815682
Italy,ITA,2022,1799434
Italy,ITA,2023,1740625
Italy,ITA,2024,1740625
Jamaica,JAM,1994,0
Jamaica,JAM,1995,0
Jamaica,JAM,1996,0
Jamaica,JAM,1997,0
Jamaica,JAM,1998,0
Jamaica,JAM,1999,0
Jamaica,JAM,2000,0
Jamaica,JAM,2001,0
Jamaica,JAM,2002,0
Jamaica,JAM,2003,0
Jamaica,JAM,2004,0
Jamaica,JAM,2005,0
Jamaica,JAM,2006,0
Jamaica,JAM,2007,0
Jamaica,JAM,2008,0
Jamaica,JAM,2009,0
Jamaica,JAM,2010,0
Jamaica,JAM,2011,0
Jamaica,JAM,2012,0
Jamaica,JAM,2013,0
Jamaica,JAM,2014,0
Jamaica,JAM,2015,0
Jamaica,JAM,2016,0
Jamaica,JAM,2017,0
Jamaica,JAM,2018,0
Jamaica,JAM,2019,0
Jamaica,JAM,2020,0
Jamaica,JAM,2021,0
Jamaica,JAM,2022,0
Jamaica,JAM,2023,0
Jamaica,JAM,2024,0
Japan,JPN,1970,40304
Japan,JPN,1971,40304
Japan,JPN,1972,76944
Japan,JPN,1973,80608
Japan,JPN,1974,62288
Japan,JPN,1975,109920
Japan,JPN,1976,91600
Japan,JPN,1977,102592
Japan,JPN,1978,102592
Japan,JPN,1979,98928
Japan,JPN,1980,76944
Japan,JPN,1981,73280
Japan,JPN,1982,91600
Japan,JPN,1983,91600
Japan,JPN,1984,95264
Japan,JPN,1985,98928
Japan,JPN,1986,0
Japan,JPN,1987,0
Japan,JPN,1988,0
Japan,JPN,1989,0
Japan,JPN,1990,202723
Japan,JPN,1991,218506
Japan,JPN,1992,210145
Japan,JPN,1993,215588
Japan,JPN,1994,236612
Japan,JPN,1995,526441
Japan,JPN,1996,576219
Japan,JPN,1997,587917
Japan,JPN,1998,508698
Japan,JPN,1999,551800
Japan,JPN,2000,527254
Japan,JPN,2001,564226
Japan,JPN,2002,544910
Japan,JPN,2003,525530
Japan,JPN,2004,499282
Japan,JPN,2005,531985
Japan,JPN,2006,580084
Japan,JPN,2007,644027
Japan,JPN,2008,592643
Japan,JPN,2009,527230
Japan,JPN,2010,499870
Japan,JPN,2011,502861.97
Japan,JPN,2012,514808
Japan,JPN,2013,461563
Japan,JPN,2014,470074
Japan,JPN,2015,445705
Japan,JPN,2016,479217
Japan,JPN,2017,459138
Japan,JPN,2018,446844
Japan,JPN,2019,404410
Japan,JPN,2020,408345
Japan,JPN,2021,373641
Japan,JPN,2022,349000
Japan,JPN,2023,335664
Japan,JPN,2024,335664
Jordan,JOR,1994,0
Jordan,JOR,1995,0
Jordan,JOR,1996,0
Jordan,JOR,1997,0
Jordan,JOR,1998,0
Jordan,JOR,1999,0
Jordan,JOR,2000,0
Jordan,JOR,2001,0
Jordan,JOR,2002,0
Jordan,JOR,2003,0
Jordan,JOR,2004,0
Jordan,JOR,2005,0
Jordan,JOR,2006,0
Jordan,JOR,2007,0
Jordan,JOR,2008,0
Jordan,JOR,2009,0
Jordan,JOR,2010,0
Jordan,JOR,2011,0
Jordan,JOR,2012,779
Jordan,JOR,2013,5050
Jordan,JOR,2014,3813
Jordan,JOR,2015,1007
Jordan,JOR,2016,0
Jordan,JOR,2017,0
Jordan,JOR,2018,0
Jordan,JOR,2019,816
Jordan,JOR,2020,416
Jordan,JOR,2021,986.00006
Jordan,JOR,2022,0
Jordan,JOR,2023,40030
Jordan,JOR,2024,1560
Kazakhstan,KAZ,1830,0
Kazakhstan,KAZ,1831,0
Kazakhstan,KAZ,1832,0
Kazakhstan,KAZ,1833,0
Kazakhstan,KAZ,1850,0
Kazakhstan,KAZ,1855,0
Kazakhstan,KAZ,1858,0
Kazakhstan,KAZ,1859,0
Kazakhstan,KAZ,1860,0
Kazakhstan,KAZ,1861,0
Kazakhstan,KAZ,1862,0
Kazakhstan,KAZ,1863,0
Kazakhstan,KAZ,1864,0
Kazakhstan,KAZ,1865,0
Kazakhstan,KAZ,1866,0
Kazakhstan,KAZ,1867,0
Kazakhstan,KAZ,1868,0
Kazakhstan,KAZ,1869,0
Kazakhstan,KAZ,1870,0
Kazakhstan,KAZ,1871,0
Kazakhstan,KAZ,1872,0
Kazakhstan,KAZ,1873,0
Kazakhstan,KAZ,1874,0
Kazakhstan,KAZ,1875,0
Kazakhstan,KAZ,1876,0
Kazakhstan,KAZ,1877,0
Kazakhstan,KAZ,1878,0
Kazakhstan,KAZ,1879,0
Kazakhstan,KAZ,1880,0
Kazakhstan,KAZ,1881,0
Kazakhstan,KAZ,1882,0
Kazakhstan,KAZ,1883,0
Kazakhstan,KAZ,1884,0
Kazakhstan,KAZ,1885,0
Kazakhstan,KAZ,1886,0
Kazakhstan,KAZ,1887,0
Kazakhstan,KAZ,1888,0
Kazakhstan,KAZ,1889,0
Kazakhstan,KAZ,1890,0
Kazakhstan,KAZ,1891,0
Kazakhstan,KAZ,1892,0
Kazakhstan,KAZ,1893,0
Kazakhstan,KAZ,1894,0
Kazakhstan,KAZ,1895,0
Kazakhstan,KAZ,1896,0
Kazakhstan,KAZ,1897,0
Kazakhstan,KAZ,1898,0
Kazakhstan,KAZ,1899,0
Kazakhstan,KAZ,1900,0
Kazakhstan,KAZ,1901,0
Kazakhstan,KAZ,1902,0
Kazakhstan,KAZ,1903,0
Kazakhstan,KAZ,1904,0
Kazakhstan,KAZ,1905,0
Kazakhstan,KAZ,1906,0
Kazakhstan,KAZ,1907,0
Kazakhstan,KAZ,1908,0
Kazakhstan,KAZ,1909,0
Kazakhstan,KAZ,1910,0
Kazakhstan,KAZ,1911,0
Kazakhstan,KAZ,1912,0
Kazakhstan,KAZ,1913,0
Kazakhstan,KAZ,1914,0
Kazakhstan,KAZ,1915,0
Kazakhstan,KAZ,1916,0
Kazakhstan,KAZ,1917,0
Kazakhstan,KAZ,1918,0
Kazakhstan,KAZ,1919,0
Kazakhstan,KAZ,1920,0
Kazakhstan,KAZ,1921,0
Kazakhstan,KAZ,1922,0
Kazakhstan,KAZ,1923,0
Kazakhstan,KAZ,1924,0
Kazakhstan,KAZ,1925,0
Kazakhstan,KAZ,1926,0
Kazakhstan,KAZ,1927,0
Kazakhstan,KAZ,1928,0
Kazakhstan,KAZ,1929,0
Kazakhstan,KAZ,1930,0
Kazakhstan,KAZ,1931,0
Kazakhstan,KAZ,1932,0
Kazakhstan,KAZ,1933,0
Kazakhstan,KAZ,1934,0
Kazakhstan,KAZ,1935,0
Kazakhstan,KAZ,1936,0
Kazakhstan,KAZ,1937,0
Kazakhstan,KAZ,1938,0
Kazakhstan,KAZ,1939,0
Kazakhstan,KAZ,1940,0
Kazakhstan,KAZ,1941,0
Kazakhstan,KAZ,1942,0
Kazakhstan,KAZ,1943,0
Kazakhstan,KAZ,1944,0
Kazakhstan,KAZ,1945,0
Kazakhstan,KAZ,1946,0
Kazakhstan,KAZ,1947,0
Kazakhstan,KAZ,1948,0
Kazakhstan,KAZ,1949,0
Kazakhstan,KAZ,1950,0
Kazakhstan,KAZ,1951,0
Kazakhstan,KAZ,1952,0
Kazakhstan,KAZ,1953,0
Kazakhstan,KAZ,1954,0
Kazakhstan,KAZ,1955,0
Kazakhstan,KAZ,1956,0
Kazakhstan,KAZ,1957,0
Kazakhstan,KAZ,1958,0
Kazakhstan,KAZ,1959,0
Kazakhstan,KAZ,1960,0
Kazakhstan,KAZ,1961,0
Kazakhstan,KAZ,1962,0
Kazakhstan,KAZ,1963,0
Kazakhstan,KAZ,1964,0
Kazakhstan,KAZ,1965,0
Kazakhstan,KAZ,1966,0
Kazakhstan,KAZ,1967,0
Kazakhstan,KAZ,1968,0
Kazakhstan,KAZ,1969,0
Kazakhstan,KAZ,1970,0
Kazakhstan,KAZ,1971,1177103
Kazakhstan,KAZ,1972,1135146
Kazakhstan,KAZ,1973,1367602
Kazakhstan,KAZ,1974,1523578
Kazakhstan,KAZ,1975,1709987
Kazakhstan,KAZ,1976,1915755
Kazakhstan,KAZ,1977,2088496
Kazakhstan,KAZ,1978,2280381
Kazakhstan,KAZ,1979,1247445
Kazakhstan,KAZ,1980,1245879
Kazakhstan,KAZ,1981,1285570
Kazakhstan,KAZ,1982,1287616
Kazakhstan,KAZ,1983,1285439
Kazakhstan,KAZ,1984,1285547
Kazakhstan,KAZ,1985,1347876
Kazakhstan,KAZ,1986,1179448
Kazakhstan,KAZ,1987,1081746
Kazakhstan,KAZ,1988,2379071
Kazakhstan,KAZ,1989,2319906
Kazakhstan,KAZ,1990,6596406
Kazakhstan,KAZ,1991,6530664
Kazakhstan,KAZ,1992,6232211
Kazakhstan,KAZ,1993,5547414
Kazakhstan,KAZ,1994,5055380
Kazakhstan,KAZ,1995,4814065
Kazakhstan,KAZ,1996,5160528
Kazakhstan,KAZ,1997,5551203
Kazakhstan,KAZ,1998,6647880
Kazakhstan,KAZ,1999,6134018
Kazakhstan,KAZ,2000,6935979
Kazakhstan,KAZ,2001,7842683
Kazakhstan,KAZ,2002,8921445
Kazakhstan,KAZ,2003,9732708
Kazakhstan,KAZ,2004,10866378
Kazakhstan,KAZ,2005,10979946
Kazakhstan,KAZ,2006,11740432
Kazakhstan,KAZ,2007,11862297
Kazakhstan,KAZ,2008,12601361
Kazakhstan,KAZ,2009,13263456
Kazakhstan,KAZ,2010,14006473
Kazakhstan,KAZ,2011,14143567
Kazakhstan,KAZ,2012,14116060
Kazakhstan,KAZ,2013,14907507
Kazakhstan,KAZ,2014,14895689
Kazakhstan,KAZ,2015,14290404
Kazakhstan,KAZ,2016,12330490
Kazakhstan,KAZ,2017,12322694
Kazakhstan,KAZ,2018,12035624
Kazakhstan,KAZ,2019,10145034
Kazakhstan,KAZ,2020,9363085
Kazakhstan,KAZ,2021,10621014
Kazakhstan,KAZ,2022,9908406
Kazakhstan,KAZ,2023,9908406
Kazakhstan,KAZ,2024,9908406
Kenya,KEN,1994,0
Kenya,KEN,1995,0
Kenya,KEN,1996,0
Kenya,KEN,1997,0
Kenya,KEN,1998,0
Kenya,KEN,1999,0
Kenya,KEN,2000,0
Kenya,KEN,2001,0
Kenya,KEN,2002,0
Kenya,KEN,2003,0
Kenya,KEN,2004,0
Kenya,KEN,2005,0
Kenya,KEN,2006,0
Kenya,KEN,2007,0
Kenya,KEN,2008,0
Kenya,KEN,2009,0
Kenya,KEN,2010,0
Kenya,KEN,2011,0
Kenya,KEN,2012,0
Kenya,KEN,2013,0
Kenya,KEN,2014,0
Kenya,KEN,2015,0
Kenya,KEN,2016,0
Kenya,KEN,2017,0
Kenya,KEN,2018,0
Kenya,KEN,2019,0
Kenya,KEN,2020,0
Kenya,KEN,2021,0
Kenya,KEN,2022,0
Kenya,KEN,2023,0
Kenya,KEN,2024,0
Kiribati,KIR,1994,0
Kiribati,KIR,1995,0
Kiribati,KIR,1996,0
Kiribati,KIR,1997,0
Kiribati,KIR,1998,0
Kiribati,KIR,1999,0
Kiribati,KIR,2000,0
Kiribati,KIR,2001,0
Kiribati,KIR,2002,0
Kiribati,KIR,2003,0
Kiribati,KIR,2004,0
Kiribati,KIR,2005,0
Kiribati,KIR,2006,0
Kiribati,KIR,2007,0
Kiribati,KIR,2008,0
Kiribati,KIR,2009,0
Kiribati,KIR,2010,0
Kiribati,KIR,2011,0
Kiribati,KIR,2012,0
Kiribati,KIR,2013,0
Kiribati,KIR,2014,0
Kiribati,KIR,2015,0
Kiribati,KIR,2016,0
Kiribati,KIR,2017,0
Kiribati,KIR,2018,0
Kiribati,KIR,2019,0
Kiribati,KIR,2020,0
Kiribati,KIR,2021,0
Kiribati,KIR,2022,0
Kiribati,KIR,2023,0
Kiribati,KIR,2024,0
Kosovo,OWID_KOS,1994,0
Kosovo,OWID_KOS,1995,0
Kosovo,OWID_KOS,1996,0
Kosovo,OWID_KOS,1997,0
Kosovo,OWID_KOS,1998,0
Kosovo,OWID_KOS,1999,0
Kosovo,OWID_KOS,2000,0
Kosovo,OWID_KOS,2001,0
Kosovo,OWID_KOS,2002,0
Kosovo,OWID_KOS,2003,0
Kosovo,OWID_KOS,2004,0
Kosovo,OWID_KOS,2005,0
Kosovo,OWID_KOS,2006,0
Kosovo,OWID_KOS,2007,0
Kosovo,OWID_KOS,2008,0
Kosovo,OWID_KOS,2009,0
Kosovo,OWID_KOS,2010,0
Kosovo,OWID_KOS,2011,0
Kosovo,OWID_KOS,2012,0
Kosovo,OWID_KOS,2013,0
Kosovo,OWID_KOS,2014,0
Kosovo,OWID_KOS,2015,0
Kosovo,OWID_KOS,2016,0
Kosovo,OWID_KOS,2017,0
Kosovo,OWID_KOS,2018,0
Kosovo,OWID_KOS,2019,0
Kosovo,OWID_KOS,2020,0
Kosovo,OWID_KOS,2021,0
Kosovo,OWID_KOS,2022,0
Kosovo,OWID_KOS,2023,0
Kosovo,OWID_KOS,2024,0
Kuwait,KWT,1950,0
Kuwait,KWT,1951,0
Kuwait,KWT,1952,0
Kuwait,KWT,1953,0
Kuwait,KWT,1954,0
Kuwait,KWT,1955,0
Kuwait,KWT,1956,0
Kuwait,KWT,1957,0
Kuwait,KWT,1958,0
Kuwait,KWT,1959,0
Kuwait,KWT,1960,0
Kuwait,KWT,1961,0
Kuwait,KWT,1962,0
Kuwait,KWT,1963,0
Kuwait,KWT,1964,17756838
Kuwait,KWT,1965,18787046
Kuwait,KWT,1966,19041808
Kuwait,KWT,1967,18196464
Kuwait,KWT,1968,16739887
Kuwait,KWT,1969,18089168
Kuwait,KWT,1970,20826176
Kuwait,KWT,1971,22724128
Kuwait,KWT,1972,21800800
Kuwait,KWT,1973,17212412
Kuwait,KWT,1974,11738019
Kuwait,KWT,1975,8540784
Kuwait,KWT,1976,7487038
Kuwait,KWT,1977,5795214
Kuwait,KWT,1978,7470896
Kuwait,KWT,1979,6209191
Kuwait,KWT,1980,3557744
Kuwait,KWT,1981,1886960
Kuwait,KWT,1982,1194257
Kuwait,KWT,1983,1498576
Kuwait,KWT,1984,1560864
Kuwait,KWT,1985,1916513
Kuwait,KWT,1986,1344688
Kuwait,KWT,1987,1344688
Kuwait,KWT,1988,1729408
Kuwait,KWT,1989,2114128
Kuwait,KWT,1990,1344558
Kuwait,KWT,1991,26967040
Kuwait,KWT,1992,959968
Kuwait,KWT,1993,384720
Kuwait,KWT,1994,2930819
Kuwait,KWT,1995,2498050
Kuwait,KWT,1996,2673203
Kuwait,KWT,1997,2932119
Kuwait,KWT,1998,2211441
Kuwait,KWT,1999,2034812.9
Kuwait,KWT,2000,2467807
Kuwait,KWT,2001,2180899
Kuwait,KWT,2002,2447942
Kuwait,KWT,2003,3210401
Kuwait,KWT,2004,3001718
Kuwait,KWT,2005,3264322
Kuwait,KWT,2006,3155805
Kuwait,KWT,2007,2763042
Kuwait,KWT,2008,2368529
Kuwait,KWT,2009,2146368
Kuwait,KWT,2010,2015347
Kuwait,KWT,2011,2071687.9
Kuwait,KWT,2012,2128029
Kuwait,KWT,2013,2436862
Kuwait,KWT,2014,2644336
Kuwait,KWT,2015,1674098
Kuwait,KWT,2016,2081512.9
Kuwait,KWT,2017,1486869
Kuwait,KWT,2018,1636587
Kuwait,KWT,2019,1374262
Kuwait,KWT,2020,1389162
Kuwait,KWT,2021,1271691
Kuwait,KWT,2022,1094445
Kuwait,KWT,2023,1237983
Kuwait,KWT,2024,1139186
Kuwaiti Oil Fires (GCP),,1991,26820480
Kuwaiti Oil Fires (GCP),,1994,0
Kuwaiti Oil Fires (GCP),,1995,0
Kuwaiti Oil Fires (GCP),,1996,0
Kuwaiti Oil Fires (GCP),,1997,0
Kuwaiti Oil Fires (GCP),,1998,0
Kuwaiti Oil Fires (GCP),,1999,0
Kuwaiti Oil Fires (GCP),,2000,0
Kuwaiti Oil Fires (GCP),,2001,0
Kuwaiti Oil Fires (GCP),,2002,0
Kuwaiti Oil Fires (GCP),,2003,0
Kuwaiti Oil Fires (GCP),,2004,0
Kuwaiti Oil Fires (GCP),,2005,0
Kuwaiti Oil Fires (GCP),,2006,0
Kuwaiti Oil Fires (GCP),,2007,0
Kuwaiti Oil Fires (GCP),,2008,0
Kuwaiti Oil Fires (GCP),,2009,0
Kuwaiti Oil Fires (GCP),,2010,0
Kuwaiti Oil Fires (GCP),,2011,0
Kuwaiti Oil Fires (GCP),,2012,0
Kuwaiti Oil Fires (GCP),,2013,0
Kuwaiti Oil Fires (GCP),,2014,0
Kuwaiti Oil Fires (GCP),,2015,0
Kuwaiti Oil Fires (GCP),,2016,0
Kuwaiti Oil Fires (GCP),,2017,0
Kuwaiti Oil Fires (GCP),,2018,0
Kuwaiti Oil Fires (GCP),,2019,0
Kuwaiti Oil Fires (GCP),,2020,0
Kuwaiti Oil Fires (GCP),,2021,0
Kuwaiti Oil Fires (GCP),,2022,0
Kuwaiti Oil Fires (GCP),,2023,0
Kuwaiti Oil Fires (GCP),,2024,0
Kyrgyzstan,KGZ,1830,0
Kyrgyzstan,KGZ,1831,0
Kyrgyzstan,KGZ,1832,0
Kyrgyzstan,KGZ,1833,0
Kyrgyzstan,KGZ,1850,0
Kyrgyzstan,KGZ,1855,0
Kyrgyzstan,KGZ,1858,0
Kyrgyzstan,KGZ,1859,0
Kyrgyzstan,KGZ,1860,0
Kyrgyzstan,KGZ,1861,0
Kyrgyzstan,KGZ,1862,0
Kyrgyzstan,KGZ,1863,0
Kyrgyzstan,KGZ,1864,0
Kyrgyzstan,KGZ,1865,0
Kyrgyzstan,KGZ,1866,0
Kyrgyzstan,KGZ,1867,0
Kyrgyzstan,KGZ,1868,0
Kyrgyzstan,KGZ,1869,0
Kyrgyzstan,KGZ,1870,0
Kyrgyzstan,KGZ,1871,0
Kyrgyzstan,KGZ,1872,0
Kyrgyzstan,KGZ,1873,0
Kyrgyzstan,KGZ,1874,0
Kyrgyzstan,KGZ,1875,0
Kyrgyzstan,KGZ,1876,0
Kyrgyzstan,KGZ,1877,0
Kyrgyzstan,KGZ,1878,0
Kyrgyzstan,KGZ,1879,0
Kyrgyzstan,KGZ,1880,0
Kyrgyzstan,KGZ,1881,0
Kyrgyzstan,KGZ,1882,0
Kyrgyzstan,KGZ,1883,0
Kyrgyzstan,KGZ,1884,0
Kyrgyzstan,KGZ,1885,0
Kyrgyzstan,KGZ,1886,0
Kyrgyzstan,KGZ,1887,0
Kyrgyzstan,KGZ,1888,0
Kyrgyzstan,KGZ,1889,0
Kyrgyzstan,KGZ,1890,0
Kyrgyzstan,KGZ,1891,0
Kyrgyzstan,KGZ,1892,0
Kyrgyzstan,KGZ,1893,0
Kyrgyzstan,KGZ,1894,0
Kyrgyzstan,KGZ,1895,0
Kyrgyzstan,KGZ,1896,0
Kyrgyzstan,KGZ,1897,0
Kyrgyzstan,KGZ,1898,0
Kyrgyzstan,KGZ,1899,0
Kyrgyzstan,KGZ,1900,0
Kyrgyzstan,KGZ,1901,0
Kyrgyzstan,KGZ,1902,0
Kyrgyzstan,KGZ,1903,0
Kyrgyzstan,KGZ,1904,0
Kyrgyzstan,KGZ,1905,0
Kyrgyzstan,KGZ,1906,0
Kyrgyzstan,KGZ,1907,0
Kyrgyzstan,KGZ,1908,0
Kyrgyzstan,KGZ,1909,0
Kyrgyzstan,KGZ,1910,0
Kyrgyzstan,KGZ,1911,0
Kyrgyzstan,KGZ,1912,0
Kyrgyzstan,KGZ,1913,0
Kyrgyzstan,KGZ,1914,0
Kyrgyzstan,KGZ,1915,0
Kyrgyzstan,KGZ,1916,0
Kyrgyzstan,KGZ,1917,0
Kyrgyzstan,KGZ,1918,0
Kyrgyzstan,KGZ,1919,0
Kyrgyzstan,KGZ,1920,0
Kyrgyzstan,KGZ,1921,0
Kyrgyzstan,KGZ,1922,0
Kyrgyzstan,KGZ,1923,0
Kyrgyzstan,KGZ,1924,0
Kyrgyzstan,KGZ,1925,0
Kyrgyzstan,KGZ,1926,0
Kyrgyzstan,KGZ,1927,0
Kyrgyzstan,KGZ,1928,0
Kyrgyzstan,KGZ,1929,0
Kyrgyzstan,KGZ,1930,0
Kyrgyzstan,KGZ,1931,0
Kyrgyzstan,KGZ,1932,0
Kyrgyzstan,KGZ,1933,0
Kyrgyzstan,KGZ,1934,0
Kyrgyzstan,KGZ,1935,0
Kyrgyzstan,KGZ,1936,0
Kyrgyzstan,KGZ,1937,0
Kyrgyzstan,KGZ,1938,0
Kyrgyzstan,KGZ,1939,0
Kyrgyzstan,KGZ,1940,0
Kyrgyzstan,KGZ,1941,0
Kyrgyzstan,KGZ,1942,0
Kyrgyzstan,KGZ,1943,0
Kyrgyzstan,KGZ,1944,0
Kyrgyzstan,KGZ,1945,0
Kyrgyzstan,KGZ,1946,0
Kyrgyzstan,KGZ,1947,0
Kyrgyzstan,KGZ,1948,0
Kyrgyzstan,KGZ,1949,0
Kyrgyzstan,KGZ,1950,0
Kyrgyzstan,KGZ,1951,0
Kyrgyzstan,KGZ,1952,0
Kyrgyzstan,KGZ,1953,0
Kyrgyzstan,KGZ,1954,0
Kyrgyzstan,KGZ,1955,0
Kyrgyzstan,KGZ,1956,0
Kyrgyzstan,KGZ,1957,0
Kyrgyzstan,KGZ,1958,0
Kyrgyzstan,KGZ,1959,0
Kyrgyzstan,KGZ,1960,0
Kyrgyzstan,KGZ,1961,0
Kyrgyzstan,KGZ,1962,0
Kyrgyzstan,KGZ,1963,0
Kyrgyzstan,KGZ,1964,0
Kyrgyzstan,KGZ,1965,0
Kyrgyzstan,KGZ,1966,0
Kyrgyzstan,KGZ,1967,0
Kyrgyzstan,KGZ,1968,0
Kyrgyzstan,KGZ,1969,0
Kyrgyzstan,KGZ,1970,0
Kyrgyzstan,KGZ,1971,215931
Kyrgyzstan,KGZ,1972,206488
Kyrgyzstan,KGZ,1973,245524
Kyrgyzstan,KGZ,1974,269693
Kyrgyzstan,KGZ,1975,300520
Kyrgyzstan,KGZ,1976,335846
Kyrgyzstan,KGZ,1977,364077
Kyrgyzstan,KGZ,1978,391662
Kyrgyzstan,KGZ,1979,214785
Kyrgyzstan,KGZ,1980,215787
Kyrgyzstan,KGZ,1981,216788
Kyrgyzstan,KGZ,1982,217211
Kyrgyzstan,KGZ,1983,215710
Kyrgyzstan,KGZ,1984,215341
Kyrgyzstan,KGZ,1985,230961
Kyrgyzstan,KGZ,1986,202101
Kyrgyzstan,KGZ,1987,185359
Kyrgyzstan,KGZ,1988,407659
Kyrgyzstan,KGZ,1989,397521
Kyrgyzstan,KGZ,1990,262968
Kyrgyzstan,KGZ,1991,244634
Kyrgyzstan,KGZ,1994,0
Kyrgyzstan,KGZ,1995,0
Kyrgyzstan,KGZ,1996,0
Kyrgyzstan,KGZ,1997,0
Kyrgyzstan,KGZ,1998,0
Kyrgyzstan,KGZ,1999,0
Kyrgyzstan,KGZ,2000,0
Kyrgyzstan,KGZ,2001,0
Kyrgyzstan,KGZ,2002,0
Kyrgyzstan,KGZ,2003,0
Kyrgyzstan,KGZ,2004,0
Kyrgyzstan,KGZ,2005,0
Kyrgyzstan,KGZ,2006,0
Kyrgyzstan,KGZ,2007,0
Kyrgyzstan,KGZ,2008,0
Kyrgyzstan,KGZ,2009,0
Kyrgyzstan,KGZ,2010,0
Kyrgyzstan,KGZ,2011,0
Kyrgyzstan,KGZ,2012,0
Kyrgyzstan,KGZ,2013,0
Kyrgyzstan,KGZ,2014,0
Kyrgyzstan,KGZ,2015,0
Kyrgyzstan,KGZ,2016,0
Kyrgyzstan,KGZ,2017,0
Kyrgyzstan,KGZ,2018,0
Kyrgyzstan,KGZ,2019,0
Kyrgyzstan,KGZ,2020,0
Kyrgyzstan,KGZ,2021,0
Kyrgyzstan,KGZ,2022,0
Kyrgyzstan,KGZ,2023,0
Kyrgyzstan,KGZ,2024,0
Laos,LAO,1994,0
Laos,LAO,1995,0
Laos,LAO,1996,0
Laos,LAO,1997,0
Laos,LAO,1998,0
Laos,LAO,1999,0
Laos,LAO,2000,0
Laos,LAO,2001,0
Laos,LAO,2002,0
Laos,LAO,2003,0
Laos,LAO,2004,0
Laos,LAO,2005,0
Laos,LAO,2006,0
Laos,LAO,2007,0
Laos,LAO,2008,0
Laos,LAO,2009,0
Laos,LAO,2010,0
Laos,LAO,2011,0
Laos,LAO,2012,0
Laos,LAO,2013,0
Laos,LAO,2014,0
Laos,LAO,2015,0
Laos,LAO,2016,0
Laos,LAO,2017,0
Laos,LAO,2018,0
Laos,LAO,2019,0
Laos,LAO,2020,0
Laos,LAO,2021,0
Laos,LAO,2022,0
Laos,LAO,2023,0
Laos,LAO,2024,0
Latvia,LVA,1830,0
Latvia,LVA,1831,0
Latvia,LVA,1832,0
Latvia,LVA,1833,0
Latvia,LVA,1850,0
Latvia,LVA,1855,0
Latvia,LVA,1858,0
Latvia,LVA,1859,0
Latvia,LVA,1860,0
Latvia,LVA,1861,0
Latvia,LVA,1862,0
Latvia,LVA,1863,0
Latvia,LVA,1864,0
Latvia,LVA,1865,0
Latvia,LVA,1866,0
Latvia,LVA,1867,0
Latvia,LVA,1868,0
Latvia,LVA,1869,0
Latvia,LVA,1870,0
Latvia,LVA,1871,0
Latvia,LVA,1872,0
Latvia,LVA,1873,0
Latvia,LVA,1874,0
Latvia,LVA,1875,0
Latvia,LVA,1876,0
Latvia,LVA,1877,0
Latvia,LVA,1878,0
Latvia,LVA,1879,0
Latvia,LVA,1880,0
Latvia,LVA,1881,0
Latvia,LVA,1882,0
Latvia,LVA,1883,0
Latvia,LVA,1884,0
Latvia,LVA,1885,0
Latvia,LVA,1886,0
Latvia,LVA,1887,0
Latvia,LVA,1888,0
Latvia,LVA,1889,0
Latvia,LVA,1890,0
Latvia,LVA,1891,0
Latvia,LVA,1892,0
Latvia,LVA,1893,0
Latvia,LVA,1894,0
Latvia,LVA,1895,0
Latvia,LVA,1896,0
Latvia,LVA,1897,0
Latvia,LVA,1898,0
Latvia,LVA,1899,0
Latvia,LVA,1900,0
Latvia,LVA,1901,0
Latvia,LVA,1902,0
Latvia,LVA,1903,0
Latvia,LVA,1904,0
Latvia,LVA,1905,0
Latvia,LVA,1906,0
Latvia,LVA,1907,0
Latvia,LVA,1908,0
Latvia,LVA,1909,0
Latvia,LVA,1910,0
Latvia,LVA,1911,0
Latvia,LVA,1912,0
Latvia,LVA,1913,0
Latvia,LVA,1914,0
Latvia,LVA,1915,0
Latvia,LVA,1916,0
Latvia,LVA,1917,0
Latvia,LVA,1918,0
Latvia,LVA,1919,0
Latvia,LVA,1920,0
Latvia,LVA,1921,0
Latvia,LVA,1922,0
Latvia,LVA,1923,0
Latvia,LVA,1924,0
Latvia,LVA,1925,0
Latvia,LVA,1926,0
Latvia,LVA,1927,0
Latvia,LVA,1928,0
Latvia,LVA,1929,0
Latvia,LVA,1930,0
Latvia,LVA,1931,0
Latvia,LVA,1932,0
Latvia,LVA,1933,0
Latvia,LVA,1934,0
Latvia,LVA,1935,0
Latvia,LVA,1936,0
Latvia,LVA,1937,0
Latvia,LVA,1938,0
Latvia,LVA,1939,0
Latvia,LVA,1940,0
Latvia,LVA,1941,0
Latvia,LVA,1942,0
Latvia,LVA,1943,0
Latvia,LVA,1944,0
Latvia,LVA,1945,0
Latvia,LVA,1946,0
Latvia,LVA,1947,0
Latvia,LVA,1948,0
Latvia,LVA,1949,0
Latvia,LVA,1950,0
Latvia,LVA,1951,0
Latvia,LVA,1952,0
Latvia,LVA,1953,0
Latvia,LVA,1954,0
Latvia,LVA,1955,0
Latvia,LVA,1956,0
Latvia,LVA,1957,0
Latvia,LVA,1958,0
Latvia,LVA,1959,0
Latvia,LVA,1960,0
Latvia,LVA,1961,0
Latvia,LVA,1962,0
Latvia,LVA,1963,0
Latvia,LVA,1964,0
Latvia,LVA,1965,0
Latvia,LVA,1966,0
Latvia,LVA,1967,0
Latvia,LVA,1968,0
Latvia,LVA,1969,0
Latvia,LVA,1970,0
Latvia,LVA,1971,72763
Latvia,LVA,1972,68242
Latvia,LVA,1973,79560
Latvia,LVA,1974,85509
Latvia,LVA,1975,94502
Latvia,LVA,1976,105633
Latvia,LVA,1977,113776
Latvia,LVA,1978,119414
Latvia,LVA,1979,64824
Latvia,LVA,1980,65661
Latvia,LVA,1981,63748.004
Latvia,LVA,1982,63919
Latvia,LVA,1983,63300
Latvia,LVA,1984,63419
Latvia,LVA,1985,70371
Latvia,LVA,1986,61578
Latvia,LVA,1987,56477
Latvia,LVA,1988,124209
Latvia,LVA,1989,121120
Latvia,LVA,1990,11
Latvia,LVA,1991,11
Latvia,LVA,1992,10
Latvia,LVA,1993,10
Latvia,LVA,1994,9
Latvia,LVA,1995,9
Latvia,LVA,1996,9
Latvia,LVA,1997,8
Latvia,LVA,1998,8
Latvia,LVA,1999,8
Latvia,LVA,2000,7
Latvia,LVA,2001,7
Latvia,LVA,2002,7
Latvia,LVA,2003,6
Latvia,LVA,2004,5
Latvia,LVA,2005,6
Latvia,LVA,2006,4
Latvia,LVA,2007,5
Latvia,LVA,2008,5
Latvia,LVA,2009,4
Latvia,LVA,2010,4
Latvia,LVA,2011,5
Latvia,LVA,2012,5
Latvia,LVA,2013,8
Latvia,LVA,2014,14
Latvia,LVA,2015,13
Latvia,LVA,2016,12
Latvia,LVA,2017,16
Latvia,LVA,2018,9
Latvia,LVA,2019,10
Latvia,LVA,2020,11
Latvia,LVA,2021,11
Latvia,LVA,2022,9
Latvia,LVA,2023,8
Latvia,LVA,2024,8
Lebanon,LBN,1994,0
Lebanon,LBN,1995,0
Lebanon,LBN,1996,0
Lebanon,LBN,1997,0
Lebanon,LBN,1998,0
Lebanon,LBN,1999,0
Lebanon,LBN,2000,0
Lebanon,LBN,2001,0
Lebanon,LBN,2002,0
Lebanon,LBN,2003,0
Lebanon,LBN,2004,0
Lebanon,LBN,2005,0
Lebanon,LBN,2006,0
Lebanon,LBN,2007,0
Lebanon,LBN,2008,0
Lebanon,LBN,2009,0
Lebanon,LBN,2010,0
Lebanon,LBN,2011,0
Lebanon,LBN,2012,0
Lebanon,LBN,2013,0
Lebanon,LBN,2014,0
Lebanon,LBN,2015,0
Lebanon,LBN,2016,0
Lebanon,LBN,2017,0
Lebanon,LBN,2018,0
Lebanon,LBN,2019,0
Lebanon,LBN,2020,0
Lebanon,LBN,2021,0
Lebanon,LBN,2022,0
Lebanon,LBN,2023,0
Lebanon,LBN,2024,0
Lesotho,LSO,1994,0
Lesotho,LSO,1995,0
Lesotho,LSO,1996,0
Lesotho,LSO,1997,0
Lesotho,LSO,1998,0
Lesotho,LSO,1999,0
Lesotho,LSO,2000,0
Lesotho,LSO,2001,0
Lesotho,LSO,2002,0
Lesotho,LSO,2003,0
Lesotho,LSO,2004,0
Lesotho,LSO,2005,0
Lesotho,LSO,2006,0
Lesotho,LSO,2007,0
Lesotho,LSO,2008,0
Lesotho,LSO,2009,0
Lesotho,LSO,2010,0
Lesotho,LSO,2011,0
Lesotho,LSO,2012,0
Lesotho,LSO,2013,0
Lesotho,LSO,2014,0
Lesotho,LSO,2015,0
Lesotho,LSO,2016,0
Lesotho,LSO,2017,0
Lesotho,LSO,2018,0
Lesotho,LSO,2019,0
Lesotho,LSO,2020,0
Lesotho,LSO,2021,0
Lesotho,LSO,2022,0
Lesotho,LSO,2023,0
Lesotho,LSO,2024,0
Liberia,LBR,1994,0
Liberia,LBR,1995,0
Liberia,LBR,1996,0
Liberia,LBR,1997,0
Liberia,LBR,1998,0
Liberia,LBR,1999,0
Liberia,LBR,2000,0
Liberia,LBR,2001,0
Liberia,LBR,2002,0
Liberia,LBR,2003,0
Liberia,LBR,2004,0
Liberia,LBR,2005,0
Liberia,LBR,2006,0
Liberia,LBR,2007,0
Liberia,LBR,2008,0
Liberia,LBR,2009,0
Liberia,LBR,2010,0
Liberia,LBR,2011,0
Liberia,LBR,2012,0
Liberia,LBR,2013,0
Liberia,LBR,2014,0
Liberia,LBR,2015,0
Liberia,LBR,2016,0
Liberia,LBR,2017,0
Liberia,LBR,2018,0
Liberia,LBR,2019,0
Liberia,LBR,2020,0
Liberia,LBR,2021,0
Liberia,LBR,2022,0
Liberia,LBR,2023,0
Liberia,LBR,2024,0
Libya,LBY,1967,16044170
Libya,LBY,1968,27139610
Libya,LBY,1969,29044528
Libya,LBY,1970,29410928
Libya,LBY,1971,18953872
Libya,LBY,1972,11992272
Libya,LBY,1973,10338743
Libya,LBY,1974,4367488
Libya,LBY,1975,5796448
Libya,LBY,1976,8000149
Libya,LBY,1977,8170720
Libya,LBY,1978,8189040
Libya,LBY,1979,9012171
Libya,LBY,1980,8770421
Libya,LBY,1981,4459088
Libya,LBY,1982,5576608
Libya,LBY,1983,3711632
Libya,LBY,1984,2414576
Libya,LBY,1985,1538880
Libya,LBY,1986,6540240
Libya,LBY,1987,4231920
Libya,LBY,1988,4961556
Libya,LBY,1989,4327184
Libya,LBY,1990,7213695
Libya,LBY,1991,7078241
Libya,LBY,1992,3924144
Libya,LBY,1993,3327226
Libya,LBY,1994,11011312
Libya,LBY,1995,12331273
Libya,LBY,1996,12918317
Libya,LBY,1997,9830198
Libya,LBY,1998,8508536
Libya,LBY,1999,7770193
Libya,LBY,2000,8376415.5
Libya,LBY,2001,7267013
Libya,LBY,2002,6936610
Libya,LBY,2003,8579497
Libya,LBY,2004,7950872
Libya,LBY,2005,8651634
Libya,LBY,2006,8218964.5
Libya,LBY,2007,7212804
Libya,LBY,2008,7488798
Libya,LBY,2009,6548498
Libya,LBY,2010,7134241
Libya,LBY,2011,9155255
Libya,LBY,2012,11176268
Libya,LBY,2013,7791896
Libya,LBY,2014,5454167
Libya,LBY,2015,4910963
Libya,LBY,2016,4381059
Libya,LBY,2017,7347914
Libya,LBY,2018,8802391
Libya,LBY,2019,9633232
Libya,LBY,2020,4650531
Libya,LBY,2021,11277251
Libya,LBY,2022,10190517
Libya,LBY,2023,12786516
Libya,LBY,2024,11797094
Liechtenstein,LIE,1990,0
Liechtenstein,LIE,1991,0
Liechtenstein,LIE,1992,0
Liechtenstein,LIE,1993,0
Liechtenstein,LIE,1994,0
Liechtenstein,LIE,1995,0
Liechtenstein,LIE,1996,0
Liechtenstein,LIE,1997,0
Liechtenstein,LIE,1998,0
Liechtenstein,LIE,1999,0
Liechtenstein,LIE,2000,0
Liechtenstein,LIE,2001,0
Liechtenstein,LIE,2002,0
Liechtenstein,LIE,2003,0
Liechtenstein,LIE,2004,0
Liechtenstein,LIE,2005,0
Liechtenstein,LIE,2006,0
Liechtenstein,LIE,2007,0
Liechtenstein,LIE,2008,0
Liechtenstein,LIE,2009,0
Liechtenstein,LIE,2010,0
Liechtenstein,LIE,2011,0
Liechtenstein,LIE,2012,0
Liechtenstein,LIE,2013,0
Liechtenstein,LIE,2014,0
Liechtenstein,LIE,2015,0
Liechtenstein,LIE,2016,0
Liechtenstein,LIE,2017,0
Liechtenstein,LIE,2018,0
Liechtenstein,LIE,2019,0
Liechtenstein,LIE,2020,0
Liechtenstein,LIE,2021,0
Liechtenstein,LIE,2022,0
Liechtenstein,LIE,2023,0
Liechtenstein,LIE,2024,0
Lithuania,LTU,1830,0
Lithuania,LTU,1831,0
Lithuania,LTU,1832,0
Lithuania,LTU,1833,0
Lithuania,LTU,1850,0
Lithuania,LTU,1855,0
Lithuania,LTU,1858,0
Lithuania,LTU,1859,0
Lithuania,LTU,1860,0
Lithuania,LTU,1861,0
Lithuania,LTU,1862,0
Lithuania,LTU,1863,0
Lithuania,LTU,1864,0
Lithuania,LTU,1865,0
Lithuania,LTU,1866,0
Lithuania,LTU,1867,0
Lithuania,LTU,1868,0
Lithuania,LTU,1869,0
Lithuania,LTU,1870,0
Lithuania,LTU,1871,0
Lithuania,LTU,1872,0
Lithuania,LTU,1873,0
Lithuania,LTU,1874,0
Lithuania,LTU,1875,0
Lithuania,LTU,1876,0
Lithuania,LTU,1877,0
Lithuania,LTU,1878,0
Lithuania,LTU,1879,0
Lithuania,LTU,1880,0
Lithuania,LTU,1881,0
Lithuania,LTU,1882,0
Lithuania,LTU,1883,0
Lithuania,LTU,1884,0
Lithuania,LTU,1885,0
Lithuania,LTU,1886,0
Lithuania,LTU,1887,0
Lithuania,LTU,1888,0
Lithuania,LTU,1889,0
Lithuania,LTU,1890,0
Lithuania,LTU,1891,0
Lithuania,LTU,1892,0
Lithuania,LTU,1893,0
Lithuania,LTU,1894,0
Lithuania,LTU,1895,0
Lithuania,LTU,1896,0
Lithuania,LTU,1897,0
Lithuania,LTU,1898,0
Lithuania,LTU,1899,0
Lithuania,LTU,1900,0
Lithuania,LTU,1901,0
Lithuania,LTU,1902,0
Lithuania,LTU,1903,0
Lithuania,LTU,1904,0
Lithuania,LTU,1905,0
Lithuania,LTU,1906,0
Lithuania,LTU,1907,0
Lithuania,LTU,1908,0
Lithuania,LTU,1909,0
Lithuania,LTU,1910,0
Lithuania,LTU,1911,0
Lithuania,LTU,1912,0
Lithuania,LTU,1913,0
Lithuania,LTU,1914,0
Lithuania,LTU,1915,0
Lithuania,LTU,1916,0
Lithuania,LTU,1917,0
Lithuania,LTU,1918,0
Lithuania,LTU,1919,0
Lithuania,LTU,1920,0
Lithuania,LTU,1921,0
Lithuania,LTU,1922,0
Lithuania,LTU,1923,0
Lithuania,LTU,1924,0
Lithuania,LTU,1925,0
Lithuania,LTU,1926,0
Lithuania,LTU,1927,0
Lithuania,LTU,1928,0
Lithuania,LTU,1929,0
Lithuania,LTU,1930,0
Lithuania,LTU,1931,0
Lithuania,LTU,1932,0
Lithuania,LTU,1933,0
Lithuania,LTU,1934,0
Lithuania,LTU,1935,0
Lithuania,LTU,1936,0
Lithuania,LTU,1937,0
Lithuania,LTU,1938,0
Lithuania,LTU,1939,0
Lithuania,LTU,1940,0
Lithuania,LTU,1941,0
Lithuania,LTU,1942,0
Lithuania,LTU,1943,0
Lithuania,LTU,1944,0
Lithuania,LTU,1945,0
Lithuania,LTU,1946,0
Lithuania,LTU,1947,0
Lithuania,LTU,1948,0
Lithuania,LTU,1949,0
Lithuania,LTU,1950,0
Lithuania,LTU,1951,0
Lithuania,LTU,1952,0
Lithuania,LTU,1953,0
Lithuania,LTU,1954,0
Lithuania,LTU,1955,0
Lithuania,LTU,1956,0
Lithuania,LTU,1957,0
Lithuania,LTU,1958,0
Lithuania,LTU,1959,0
Lithuania,LTU,1960,0
Lithuania,LTU,1961,0
Lithuania,LTU,1962,0
Lithuania,LTU,1963,0
Lithuania,LTU,1964,0
Lithuania,LTU,1965,0
Lithuania,LTU,1966,0
Lithuania,LTU,1967,0
Lithuania,LTU,1968,0
Lithuania,LTU,1969,0
Lithuania,LTU,1970,0
Lithuania,LTU,1971,368144
Lithuania,LTU,1972,345504
Lithuania,LTU,1973,401785
Lithuania,LTU,1974,430897
Lithuania,LTU,1975,475147
Lithuania,LTU,1976,529878
Lithuania,LTU,1977,569716
Lithuania,LTU,1978,597508
Lithuania,LTU,1979,325844
Lithuania,LTU,1980,330293
Lithuania,LTU,1981,319009
Lithuania,LTU,1982,319683
Lithuania,LTU,1983,315674
Lithuania,LTU,1984,315176
Lithuania,LTU,1985,350051
Lithuania,LTU,1986,306309
Lithuania,LTU,1987,280935
Lithuania,LTU,1988,617858
Lithuania,LTU,1989,602492
Lithuania,LTU,1990,23885
Lithuania,LTU,1991,28218
Lithuania,LTU,1992,33518
Lithuania,LTU,1993,48036
Lithuania,LTU,1994,43273
Lithuania,LTU,1995,56943
Lithuania,LTU,1996,85660
Lithuania,LTU,1997,109367
Lithuania,LTU,1998,120924
Lithuania,LTU,1999,85439
Lithuania,LTU,2000,110203
Lithuania,LTU,2001,123315
Lithuania,LTU,2002,114620
Lithuania,LTU,2003,95923
Lithuania,LTU,2004,118553
Lithuania,LTU,2005,113046
Lithuania,LTU,2006,105633
Lithuania,LTU,2007,82772
Lithuania,LTU,2008,140767
Lithuania,LTU,2009,227784
Lithuania,LTU,2010,257943.98
Lithuania,LTU,2011,244249
Lithuania,LTU,2012,232871
Lithuania,LTU,2013,265389
Lithuania,LTU,2014,251207
Lithuania,LTU,2015,207193
Lithuania,LTU,2016,250768.98
Lithuania,LTU,2017,224225
Lithuania,LTU,2018,253596.02
Lithuania,LTU,2019,233942
Lithuania,LTU,2020,181610
Lithuania,LTU,2021,217641
Lithuania,LTU,2022,237987
Lithuania,LTU,2023,197842
Lithuania,LTU,2024,197842
Low-income countries,OWID_LIC,1905,0
Low-income countries,OWID_LIC,1909,0
Low-income countries,OWID_LIC,1910,0
Low-income countries,OWID_LIC,1911,0
Low-income countries,OWID_LIC,1912,0
Low-income countries,OWID_LIC,1913,0
Low-income countries,OWID_LIC,1914,0
Low-income countries,OWID_LIC,1915,0
Low-income countries,OWID_LIC,1916,0
Low-income countries,OWID_LIC,1918,0
Low-income countries,OWID_LIC,1919,0
Low-income countries,OWID_LIC,1920,0
Low-income countries,OWID_LIC,1921,0
Low-income countries,OWID_LIC,1922,0
Low-income countries,OWID_LIC,1923,0
Low-income countries,OWID_LIC,1924,0
Low-income countries,OWID_LIC,1925,0
Low-income countries,OWID_LIC,1926,0
Low-income countries,OWID_LIC,1927,0
Low-income countries,OWID_LIC,1928,0
Low-income countries,OWID_LIC,1929,0
Low-income countries,OWID_LIC,1930,0
Low-income countries,OWID_LIC,1931,0
Low-income countries,OWID_LIC,1932,0
Low-income countries,OWID_LIC,1933,0
Low-income countries,OWID_LIC,1934,0
Low-income countries,OWID_LIC,1935,0
Low-income countries,OWID_LIC,1936,0
Low-income countries,OWID_LIC,1937,0
Low-income countries,OWID_LIC,1938,0
Low-income countries,OWID_LIC,1939,0
Low-income countries,OWID_LIC,1940,0
Low-income countries,OWID_LIC,1941,0
Low-income countries,OWID_LIC,1942,0
Low-income countries,OWID_LIC,1943,0
Low-income countries,OWID_LIC,1944,0
Low-income countries,OWID_LIC,1950,0
Low-income countries,OWID_LIC,1951,0
Low-income countries,OWID_LIC,1952,0
Low-income countries,OWID_LIC,1953,0
Low-income countries,OWID_LIC,1954,0
Low-income countries,OWID_LIC,1955,0
Low-income countries,OWID_LIC,1956,0
Low-income countries,OWID_LIC,1957,0
Low-income countries,OWID_LIC,1958,0
Low-income countries,OWID_LIC,1959,0
Low-income countries,OWID_LIC,1960,0
Low-income countries,OWID_LIC,1961,0
Low-income countries,OWID_LIC,1962,0
Low-income countries,OWID_LIC,1963,0
Low-income countries,OWID_LIC,1964,0
Low-income countries,OWID_LIC,1965,0
Low-income countries,OWID_LIC,1966,0
Low-income countries,OWID_LIC,1967,0
Low-income countries,OWID_LIC,1968,0
Low-income countries,OWID_LIC,1969,0
Low-income countries,OWID_LIC,1970,623712
Low-income countries,OWID_LIC,1971,685168
Low-income countries,OWID_LIC,1972,729307
Low-income countries,OWID_LIC,1973,585573
Low-income countries,OWID_LIC,1974,715182
Low-income countries,OWID_LIC,1975,706629
Low-income countries,OWID_LIC,1976,989095
Low-income countries,OWID_LIC,1977,1241881
Low-income countries,OWID_LIC,1978,1290208
Low-income countries,OWID_LIC,1979,1011143
Low-income countries,OWID_LIC,1980,989915
Low-income countries,OWID_LIC,1981,1128512
Low-income countries,OWID_LIC,1982,1117645
Low-income countries,OWID_LIC,1983,1080983
Low-income countries,OWID_LIC,1984,1048232
Low-income countries,OWID_LIC,1985,1018937
Low-income countries,OWID_LIC,1986,479966
Low-income countries,OWID_LIC,1987,4678215
Low-income countries,OWID_LIC,1988,3671328
Low-income countries,OWID_LIC,1989,2571859
Low-income countries,OWID_LIC,1990,4096352
Low-income countries,OWID_LIC,1991,5012401
Low-income countries,OWID_LIC,1992,5906368
Low-income countries,OWID_LIC,1993,6910860
Low-income countries,OWID_LIC,1994,8976335
Low-income countries,OWID_LIC,1995,8522358
Low-income countries,OWID_LIC,1996,8690084
Low-income countries,OWID_LIC,1997,8440169
Low-income countries,OWID_LIC,1998,7847886
Low-income countries,OWID_LIC,1999,7869364
Low-income countries,OWID_LIC,2000,8504541
Low-income countries,OWID_LIC,2001,6518198
Low-income countries,OWID_LIC,2002,5142223
Low-income countries,OWID_LIC,2003,5684684
Low-income countries,OWID_LIC,2004,5146673
Low-income countries,OWID_LIC,2005,5703113
Low-income countries,OWID_LIC,2006,6214544
Low-income countries,OWID_LIC,2007,6544621
Low-income countries,OWID_LIC,2008,5513482
Low-income countries,OWID_LIC,2009,5957353
Low-income countries,OWID_LIC,2010,5887442
Low-income countries,OWID_LIC,2011,5293132
Low-income countries,OWID_LIC,2012,4872061
Low-income countries,OWID_LIC,2013,4628763
Low-income countries,OWID_LIC,2014,4800043
Low-income countries,OWID_LIC,2015,4208002
Low-income countries,OWID_LIC,2016,3084044
Low-income countries,OWID_LIC,2017,4611430
Low-income countries,OWID_LIC,2018,3725280
Low-income countries,OWID_LIC,2019,4370474
Low-income countries,OWID_LIC,2020,4719886
Low-income countries,OWID_LIC,2021,5034526
Low-income countries,OWID_LIC,2022,5471390
Low-income countries,OWID_LIC,2023,4258747
Low-income countries,OWID_LIC,2024,3605257
Lower-middle-income countries,OWID_LMC,1830,0
Lower-middle-income countries,OWID_LMC,1831,0
Lower-middle-income countries,OWID_LMC,1832,0
Lower-middle-income countries,OWID_LMC,1833,0
Lower-middle-income countries,OWID_LMC,1850,0
Lower-middle-income countries,OWID_LMC,1855,0
Lower-middle-income countries,OWID_LMC,1858,0
Lower-middle-income countries,OWID_LMC,1859,0
Lower-middle-income countries,OWID_LMC,1860,0
Lower-middle-income countries,OWID_LMC,1861,0
Lower-middle-income countries,OWID_LMC,1862,0
Lower-middle-income countries,OWID_LMC,1863,0
Lower-middle-income countries,OWID_LMC,1864,0
Lower-middle-income countries,OWID_LMC,1865,0
Lower-middle-income countries,OWID_LMC,1866,0
Lower-middle-income countries,OWID_LMC,1867,0
Lower-middle-income countries,OWID_LMC,1868,0
Lower-middle-income countries,OWID_LMC,1869,0
Lower-middle-income countries,OWID_LMC,1870,0
Lower-middle-income countries,OWID_LMC,1871,0
Lower-middle-income countries,OWID_LMC,1872,0
Lower-middle-income countries,OWID_LMC,1873,0
Lower-middle-income countries,OWID_LMC,1874,0
Lower-middle-income countries,OWID_LMC,1875,0
Lower-middle-income countries,OWID_LMC,1876,0
Lower-middle-income countries,OWID_LMC,1877,0
Lower-middle-income countries,OWID_LMC,1878,0
Lower-middle-income countries,OWID_LMC,1879,0
Lower-middle-income countries,OWID_LMC,1880,0
Lower-middle-income countries,OWID_LMC,1881,0
Lower-middle-income countries,OWID_LMC,1882,0
Lower-middle-income countries,OWID_LMC,1883,0
Lower-middle-income countries,OWID_LMC,1884,0
Lower-middle-income countries,OWID_LMC,1885,0
Lower-middle-income countries,OWID_LMC,1886,0
Lower-middle-income countries,OWID_LMC,1887,0
Lower-middle-income countries,OWID_LMC,1888,0
Lower-middle-income countries,OWID_LMC,1889,0
Lower-middle-income countries,OWID_LMC,1890,0
Lower-middle-income countries,OWID_LMC,1891,0
Lower-middle-income countries,OWID_LMC,1892,0
Lower-middle-income countries,OWID_LMC,1893,0
Lower-middle-income countries,OWID_LMC,1894,0
Lower-middle-income countries,OWID_LMC,1895,0
Lower-middle-income countries,OWID_LMC,1896,0
Lower-middle-income countries,OWID_LMC,1897,0
Lower-middle-income countries,OWID_LMC,1898,0
Lower-middle-income countries,OWID_LMC,1899,0
Lower-middle-income countries,OWID_LMC,1900,0
Lower-middle-income countries,OWID_LMC,1901,0
Lower-middle-income countries,OWID_LMC,1902,0
Lower-middle-income countries,OWID_LMC,1903,0
Lower-middle-income countries,OWID_LMC,1904,0
Lower-middle-income countries,OWID_LMC,1905,0
Lower-middle-income countries,OWID_LMC,1906,0
Lower-middle-income countries,OWID_LMC,1907,0
Lower-middle-income countries,OWID_LMC,1908,0
Lower-middle-income countries,OWID_LMC,1909,0
Lower-middle-income countries,OWID_LMC,1910,0
Lower-middle-income countries,OWID_LMC,1911,0
Lower-middle-income countries,OWID_LMC,1912,0
Lower-middle-income countries,OWID_LMC,1913,0
Lower-middle-income countries,OWID_LMC,1914,0
Lower-middle-income countries,OWID_LMC,1915,0
Lower-middle-income countries,OWID_LMC,1916,0
Lower-middle-income countries,OWID_LMC,1917,0
Lower-middle-income countries,OWID_LMC,1918,0
Lower-middle-income countries,OWID_LMC,1919,0
Lower-middle-income countries,OWID_LMC,1920,0
Lower-middle-income countries,OWID_LMC,1921,0
Lower-middle-income countries,OWID_LMC,1922,0
Lower-middle-income countries,OWID_LMC,1923,0
Lower-middle-income countries,OWID_LMC,1924,0
Lower-middle-income countries,OWID_LMC,1925,0
Lower-middle-income countries,OWID_LMC,1926,0
Lower-middle-income countries,OWID_LMC,1927,0
Lower-middle-income countries,OWID_LMC,1928,0
Lower-middle-income countries,OWID_LMC,1929,0
Lower-middle-income countries,OWID_LMC,1930,0
Lower-middle-income countries,OWID_LMC,1931,0
Lower-middle-income countries,OWID_LMC,1932,0
Lower-middle-income countries,OWID_LMC,1933,0
Lower-middle-income countries,OWID_LMC,1934,0
Lower-middle-income countries,OWID_LMC,1935,0
Lower-middle-income countries,OWID_LMC,1936,0
Lower-middle-income countries,OWID_LMC,1937,0
Lower-middle-income countries,OWID_LMC,1938,0
Lower-middle-income countries,OWID_LMC,1939,0
Lower-middle-income countries,OWID_LMC,1940,0
Lower-middle-income countries,OWID_LMC,1941,0
Lower-middle-income countries,OWID_LMC,1942,0
Lower-middle-income countries,OWID_LMC,1943,0
Lower-middle-income countries,OWID_LMC,1944,0
Lower-middle-income countries,OWID_LMC,1945,0
Lower-middle-income countries,OWID_LMC,1946,0
Lower-middle-income countries,OWID_LMC,1947,0
Lower-middle-income countries,OWID_LMC,1948,0
Lower-middle-income countries,OWID_LMC,1949,0
Lower-middle-income countries,OWID_LMC,1950,0
Lower-middle-income countries,OWID_LMC,1951,0
Lower-middle-income countries,OWID_LMC,1952,0
Lower-middle-income countries,OWID_LMC,1953,0
Lower-middle-income countries,OWID_LMC,1954,0
Lower-middle-income countries,OWID_LMC,1955,0
Lower-middle-income countries,OWID_LMC,1956,0
Lower-middle-income countries,OWID_LMC,1957,0
Lower-middle-income countries,OWID_LMC,1958,0
Lower-middle-income countries,OWID_LMC,1959,0
Lower-middle-income countries,OWID_LMC,1960,0
Lower-middle-income countries,OWID_LMC,1961,0
Lower-middle-income countries,OWID_LMC,1962,43968
Lower-middle-income countries,OWID_LMC,1963,1282400
Lower-middle-income countries,OWID_LMC,1964,2510397
Lower-middle-income countries,OWID_LMC,1965,5765014
Lower-middle-income countries,OWID_LMC,1966,6102035
Lower-middle-income countries,OWID_LMC,1967,6327759
Lower-middle-income countries,OWID_LMC,1968,4177457
Lower-middle-income countries,OWID_LMC,1969,11112350
Lower-middle-income countries,OWID_LMC,1970,22127804
Lower-middle-income countries,OWID_LMC,1971,33353046
Lower-middle-income countries,OWID_LMC,1972,40537760
Lower-middle-income countries,OWID_LMC,1973,48678576
Lower-middle-income countries,OWID_LMC,1974,61876250
Lower-middle-income countries,OWID_LMC,1975,46894996
Lower-middle-income countries,OWID_LMC,1976,52440716
Lower-middle-income countries,OWID_LMC,1977,44370200
Lower-middle-income countries,OWID_LMC,1978,44197796
Lower-middle-income countries,OWID_LMC,1979,62078000
Lower-middle-income countries,OWID_LMC,1980,50766056
Lower-middle-income countries,OWID_LMC,1981,38615164
Lower-middle-income countries,OWID_LMC,1982,34067936
Lower-middle-income countries,OWID_LMC,1983,34412296
Lower-middle-income countries,OWID_LMC,1984,37383308
Lower-middle-income countries,OWID_LMC,1985,38900544
Lower-middle-income countries,OWID_LMC,1986,37524230
Lower-middle-income countries,OWID_LMC,1987,36352244
Lower-middle-income countries,OWID_LMC,1988,43942260
Lower-middle-income countries,OWID_LMC,1989,17729358
Lower-middle-income countries,OWID_LMC,1990,18276576
Lower-middle-income countries,OWID_LMC,1991,16610243
Lower-middle-income countries,OWID_LMC,1992,10841795
Lower-middle-income countries,OWID_LMC,1993,11050593
Lower-middle-income countries,OWID_LMC,1994,68044240
Lower-middle-income countries,OWID_LMC,1995,75218630
Lower-middle-income countries,OWID_LMC,1996,89057200
Lower-middle-income countries,OWID_LMC,1997,83821680
Lower-middle-income countries,OWID_LMC,1998,78537810
Lower-middle-income countries,OWID_LMC,1999,74730504
Lower-middle-income countries,OWID_LMC,2000,79447760
Lower-middle-income countries,OWID_LMC,2001,78273670
Lower-middle-income countries,OWID_LMC,2002,66355116
Lower-middle-income countries,OWID_LMC,2003,70658904
Lower-middle-income countries,OWID_LMC,2004,68165780
Lower-middle-income countries,OWID_LMC,2005,66780936
Lower-middle-income countries,OWID_LMC,2006,61311436
Lower-middle-income countries,OWID_LMC,2007,53387668
Lower-middle-income countries,OWID_LMC,2008,53555416
Lower-middle-income countries,OWID_LMC,2009,50670704
Lower-middle-income countries,OWID_LMC,2010,51764280
Lower-middle-income countries,OWID_LMC,2011,47835590
Lower-middle-income countries,OWID_LMC,2012,44927584
Lower-middle-income countries,OWID_LMC,2013,43800090
Lower-middle-income countries,OWID_LMC,2014,43297910
Lower-middle-income countries,OWID_LMC,2015,43025064
Lower-middle-income countries,OWID_LMC,2016,40812530
Lower-middle-income countries,OWID_LMC,2017,38819460
Lower-middle-income countries,OWID_LMC,2018,36122108
Lower-middle-income countries,OWID_LMC,2019,35211616
Lower-middle-income countries,OWID_LMC,2020,33749304
Lower-middle-income countries,OWID_LMC,2021,31354468
Lower-middle-income countries,OWID_LMC,2022,28985012
Lower-middle-income countries,OWID_LMC,2023,29357148
Lower-middle-income countries,OWID_LMC,2024,30664436
Luxembourg,LUX,1990,26
Luxembourg,LUX,1991,27
Luxembourg,LUX,1992,28
Luxembourg,LUX,1993,29
Luxembourg,LUX,1994,29
Luxembourg,LUX,1995,33
Luxembourg,LUX,1996,36
Luxembourg,LUX,1997,37
Luxembourg,LUX,1998,38
Luxembourg,LUX,1999,39
Luxembourg,LUX,2000,40
Luxembourg,LUX,2001,44
Luxembourg,LUX,2002,63
Luxembourg,LUX,2003,64
Luxembourg,LUX,2004,71
Luxembourg,LUX,2005,70
Luxembourg,LUX,2006,74
Luxembourg,LUX,2007,69
Luxembourg,LUX,2008,66
Luxembourg,LUX,2009,67
Luxembourg,LUX,2010,72
Luxembourg,LUX,2011,62
Luxembourg,LUX,2012,64
Luxembourg,LUX,2013,54
Luxembourg,LUX,2014,51
Luxembourg,LUX,2015,46
Luxembourg,LUX,2016,42
Luxembourg,LUX,2017,42
Luxembourg,LUX,2018,41
Luxembourg,LUX,2019,41
Luxembourg,LUX,2020,37
Luxembourg,LUX,2021,40
Luxembourg,LUX,2022,31
Luxembourg,LUX,2023,29
Luxembourg,LUX,2024,29
Macao,MAC,1994,0
Macao,MAC,1995,0
Macao,MAC,1996,0
Macao,MAC,1997,0
Macao,MAC,1998,0
Macao,MAC,1999,0
Macao,MAC,2000,0
Macao,MAC,2001,0
Macao,MAC,2002,0
Macao,MAC,2003,0
Macao,MAC,2004,0
Macao,MAC,2005,0
Macao,MAC,2006,0
Macao,MAC,2007,0
Macao,MAC,2008,0
Macao,MAC,2009,0
Macao,MAC,2010,0
Macao,MAC,2011,0
Macao,MAC,2012,0
Macao,MAC,2013,0
Macao,MAC,2014,0
Macao,MAC,2015,0
Macao,MAC,2016,0
Macao,MAC,2017,0
Macao,MAC,2018,0
Macao,MAC,2019,0
Macao,MAC,2020,0
Macao,MAC,2021,0
Macao,MAC,2022,0
Macao,MAC,2023,0
Macao,MAC,2024,0
Madagascar,MDG,1994,0
Madagascar,MDG,1995,0
Madagascar,MDG,1996,0
Madagascar,MDG,1997,0
Madagascar,MDG,1998,0
Madagascar,MDG,1999,0
Madagascar,MDG,2000,0
Madagascar,MDG,2001,0
Madagascar,MDG,2002,0
Madagascar,MDG,2003,0
Madagascar,MDG,2004,0
Madagascar,MDG,2005,0
Madagascar,MDG,2006,0
Madagascar,MDG,2007,0
Madagascar,MDG,2008,0
Madagascar,MDG,2009,0
Madagascar,MDG,2010,0
Madagascar,MDG,2011,0
Madagascar,MDG,2012,0
Madagascar,MDG,2013,0
Madagascar,MDG,2014,0
Madagascar,MDG,2015,0
Madagascar,MDG,2016,0
Madagascar,MDG,2017,0
Madagascar,MDG,2018,0
Madagascar,MDG,2019,0
Madagascar,MDG,2020,0
Madagascar,MDG,2021,0
Madagascar,MDG,2022,0
Madagascar,MDG,2023,0
Madagascar,MDG,2024,0
Malawi,MWI,1950,0
Malawi,MWI,1951,0
Malawi,MWI,1952,0
Malawi,MWI,1953,0
Malawi,MWI,1954,0
Malawi,MWI,1955,0
Malawi,MWI,1956,0
Malawi,MWI,1957,0
Malawi,MWI,1958,0
Malawi,MWI,1959,0
Malawi,MWI,1960,0
Malawi,MWI,1961,0
Malawi,MWI,1962,0
Malawi,MWI,1963,0
Malawi,MWI,1994,0
Malawi,MWI,1995,0
Malawi,MWI,1996,0
Malawi,MWI,1997,0
Malawi,MWI,1998,0
Malawi,MWI,1999,0
Malawi,MWI,2000,0
Malawi,MWI,2001,0
Malawi,MWI,2002,0
Malawi,MWI,2003,0
Malawi,MWI,2004,0
Malawi,MWI,2005,0
Malawi,MWI,2006,0
Malawi,MWI,2007,0
Malawi,MWI,2008,0
Malawi,MWI,2009,0
Malawi,MWI,2010,0
Malawi,MWI,2011,0
Malawi,MWI,2012,0
Malawi,MWI,2013,0
Malawi,MWI,2014,0
Malawi,MWI,2015,0
Malawi,MWI,2016,0
Malawi,MWI,2017,0
Malawi,MWI,2018,0
Malawi,MWI,2019,0
Malawi,MWI,2020,0
Malawi,MWI,2021,0
Malawi,MWI,2022,0
Malawi,MWI,2023,0
Malawi,MWI,2024,0
Malaysia,MYS,1950,0
Malaysia,MYS,1951,0
Malaysia,MYS,1952,0
Malaysia,MYS,1953,0
Malaysia,MYS,1954,0
Malaysia,MYS,1955,0
Malaysia,MYS,1956,0
Malaysia,MYS,1970,212459
Malaysia,MYS,1971,817072
Malaysia,MYS,1972,1143402
Malaysia,MYS,1973,1143168
Malaysia,MYS,1974,2385264
Malaysia,MYS,1975,2876240
Malaysia,MYS,1976,3422701
Malaysia,MYS,1977,3132720
Malaysia,MYS,1978,2729680
Malaysia,MYS,1979,3579728
Malaysia,MYS,1980,3429953
Malaysia,MYS,1981,2722352
Malaysia,MYS,1982,3140048
Malaysia,MYS,1983,4063376
Malaysia,MYS,1984,4507196
Malaysia,MYS,1985,2125120
Malaysia,MYS,1986,2609007
Malaysia,MYS,1987,2040848
Malaysia,MYS,1988,2758992
Malaysia,MYS,1989,3411184
Malaysia,MYS,1990,3063104
Malaysia,MYS,1991,3260960
Malaysia,MYS,1992,3176688
Malaysia,MYS,1993,5591030
Malaysia,MYS,1994,2618919
Malaysia,MYS,1995,2330023
Malaysia,MYS,1996,2811250
Malaysia,MYS,1997,3362663
Malaysia,MYS,1998,2531430
Malaysia,MYS,1999,2517478
Malaysia,MYS,2000,2592190
Malaysia,MYS,2001,2570236
Malaysia,MYS,2002,2614543
Malaysia,MYS,2003,3336059
Malaysia,MYS,2004,3351461
Malaysia,MYS,2005,3363063
Malaysia,MYS,2006,3533165
Malaysia,MYS,2007,3379641
Malaysia,MYS,2008,3550618
Malaysia,MYS,2009,3542917
Malaysia,MYS,2010,2766593
Malaysia,MYS,2011,3605036
Malaysia,MYS,2012,4443480
Malaysia,MYS,2013,5401730
Malaysia,MYS,2014,6435477
Malaysia,MYS,2015,7114053
Malaysia,MYS,2016,5829041
Malaysia,MYS,2017,5417655
Malaysia,MYS,2018,4057133.2
Malaysia,MYS,2019,3897840
Malaysia,MYS,2020,4554649
Malaysia,MYS,2021,3906719
Malaysia,MYS,2022,3026189
Malaysia,MYS,2023,2807829
Malaysia,MYS,2024,2879145
Maldives,MDV,1994,0
Maldives,MDV,1995,0
Maldives,MDV,1996,0
Maldives,MDV,1997,0
Maldives,MDV,1998,0
Maldives,MDV,1999,0
Maldives,MDV,2000,0
Maldives,MDV,2001,0
Maldives,MDV,2002,0
Maldives,MDV,2003,0
Maldives,MDV,2004,0
Maldives,MDV,2005,0
Maldives,MDV,2006,0
Maldives,MDV,2007,0
Maldives,MDV,2008,0
Maldives,MDV,2009,0
Maldives,MDV,2010,0
Maldives,MDV,2011,0
Maldives,MDV,2012,0
Maldives,MDV,2013,0
Maldives,MDV,2014,0
Maldives,MDV,2015,0
Maldives,MDV,2016,0
Maldives,MDV,2017,0
Maldives,MDV,2018,0
Maldives,MDV,2019,0
Maldives,MDV,2020,0
Maldives,MDV,2021,0
Maldives,MDV,2022,0
Maldives,MDV,2023,0
Maldives,MDV,2024,0
Mali,MLI,1994,0
Mali,MLI,1995,0
Mali,MLI,1996,0
Mali,MLI,1997,0
Mali,MLI,1998,0
Mali,MLI,1999,0
Mali,MLI,2000,0
Mali,MLI,2001,0
Mali,MLI,2002,0
Mali,MLI,2003,0
Mali,MLI,2004,0
Mali,MLI,2005,0
Mali,MLI,2006,0
Mali,MLI,2007,0
Mali,MLI,2008,0
Mali,MLI,2009,0
Mali,MLI,2010,0
Mali,MLI,2011,0
Mali,MLI,2012,0
Mali,MLI,2013,0
Mali,MLI,2014,0
Mali,MLI,2015,0
Mali,MLI,2016,0
Mali,MLI,2017,0
Mali,MLI,2018,0
Mali,MLI,2019,0
Mali,MLI,2020,0
Mali,MLI,2021,0
Mali,MLI,2022,0
Mali,MLI,2023,0
Mali,MLI,2024,0
Malta,MLT,1990,0
Malta,MLT,1991,0
Malta,MLT,1992,0
Malta,MLT,1993,0
Malta,MLT,1994,0
Malta,MLT,1995,0
Malta,MLT,1996,0
Malta,MLT,1997,0
Malta,MLT,1998,0
Malta,MLT,1999,0
Malta,MLT,2000,0
Malta,MLT,2001,0
Malta,MLT,2002,0
Malta,MLT,2003,0
Malta,MLT,2004,0
Malta,MLT,2005,0
Malta,MLT,2006,0
Malta,MLT,2007,0
Malta,MLT,2008,0
Malta,MLT,2009,0
Malta,MLT,2010,0
Malta,MLT,2011,0
Malta,MLT,2012,0
Malta,MLT,2013,0
Malta,MLT,2014,0
Malta,MLT,2015,0
Malta,MLT,2016,0
Malta,MLT,2017,0
Malta,MLT,2018,0
Malta,MLT,2019,0
Malta,MLT,2020,0
Malta,MLT,2021,0
Malta,MLT,2022,0
Malta,MLT,2023,0
Malta,MLT,2024,0
Marshall Islands,MHL,1994,0
Marshall Islands,MHL,1995,0
Marshall Islands,MHL,1996,0
Marshall Islands,MHL,1997,0
Marshall Islands,MHL,1998,0
Marshall Islands,MHL,1999,0
Marshall Islands,MHL,2000,0
Marshall Islands,MHL,2001,0
Marshall Islands,MHL,2002,0
Marshall Islands,MHL,2003,0
Marshall Islands,MHL,2004,0
Marshall Islands,MHL,2005,0
Marshall Islands,MHL,2006,0
Marshall Islands,MHL,2007,0
Marshall Islands,MHL,2008,0
Marshall Islands,MHL,2009,0
Marshall Islands,MHL,2010,0
Marshall Islands,MHL,2011,0
Marshall Islands,MHL,2012,0
Marshall Islands,MHL,2013,0
Marshall Islands,MHL,2014,0
Marshall Islands,MHL,2015,0
Marshall Islands,MHL,2016,0
Marshall Islands,MHL,2017,0
Marshall Islands,MHL,2018,0
Marshall Islands,MHL,2019,0
Marshall Islands,MHL,2020,0
Marshall Islands,MHL,2021,0
Marshall Islands,MHL,2022,0
Marshall Islands,MHL,2023,0
Marshall Islands,MHL,2024,0
Mauritania,MRT,1994,0
Mauritania,MRT,1995,0
Mauritania,MRT,1996,0
Mauritania,MRT,1997,0
Mauritania,MRT,1998,0
Mauritania,MRT,1999,0
Mauritania,MRT,2000,0
Mauritania,MRT,2001,0
Mauritania,MRT,2002,0
Mauritania,MRT,2003,0
Mauritania,MRT,2004,0
Mauritania,MRT,2005,1050
Mauritania,MRT,2006,128446
Mauritania,MRT,2007,119794
Mauritania,MRT,2008,61060
Mauritania,MRT,2009,52058
Mauritania,MRT,2010,49008
Mauritania,MRT,2011,75809
Mauritania,MRT,2012,102611
Mauritania,MRT,2013,106023
Mauritania,MRT,2014,67562
Mauritania,MRT,2015,78614
Mauritania,MRT,2016,91615
Mauritania,MRT,2017,74689
Mauritania,MRT,2018,0
Mauritania,MRT,2019,0
Mauritania,MRT,2020,0
Mauritania,MRT,2021,0
Mauritania,MRT,2022,0
Mauritania,MRT,2023,0
Mauritania,MRT,2024,5302
Mauritius,MUS,1994,0
Mauritius,MUS,1995,0
Mauritius,MUS,1996,0
Mauritius,MUS,1997,0
Mauritius,MUS,1998,0
Mauritius,MUS,1999,0
Mauritius,MUS,2000,0
Mauritius,MUS,2001,0
Mauritius,MUS,2002,0
Mauritius,MUS,2003,0
Mauritius,MUS,2004,0
Mauritius,MUS,2005,0
Mauritius,MUS,2006,0
Mauritius,MUS,2007,0
Mauritius,MUS,2008,0
Mauritius,MUS,2009,0
Mauritius,MUS,2010,0
Mauritius,MUS,2011,0
Mauritius,MUS,2012,0
Mauritius,MUS,2013,0
Mauritius,MUS,2014,0
Mauritius,MUS,2015,0
Mauritius,MUS,2016,0
Mauritius,MUS,2017,0
Mauritius,MUS,2018,0
Mauritius,MUS,2019,0
Mauritius,MUS,2020,0
Mauritius,MUS,2021,0
Mauritius,MUS,2022,0
Mauritius,MUS,2023,0
Mauritius,MUS,2024,0
Mexico,MEX,1950,2678384
Mexico,MEX,1951,3678656
Mexico,MEX,1952,3784912
Mexico,MEX,1953,3664000
Mexico,MEX,1954,3751557
Mexico,MEX,1955,4807168
Mexico,MEX,1956,4536032
Mexico,MEX,1957,6057042
Mexico,MEX,1958,7379296
Mexico,MEX,1959,8830240
Mexico,MEX,1960,8687344
Mexico,MEX,1961,7155792
Mexico,MEX,1962,4293961
Mexico,MEX,1963,5920697
Mexico,MEX,1964,7877211
Mexico,MEX,1965,5909744
Mexico,MEX,1966,6661152
Mexico,MEX,1967,5803540
Mexico,MEX,1968,5807440
Mexico,MEX,1969,6118661
Mexico,MEX,1970,9614336
Mexico,MEX,1971,10119968
Mexico,MEX,1972,8463840
Mexico,MEX,1973,7196096
Mexico,MEX,1974,10043024
Mexico,MEX,1975,10457056
Mexico,MEX,1976,11446336
Mexico,MEX,1977,7111689
Mexico,MEX,1978,10588960
Mexico,MEX,1979,8471168
Mexico,MEX,1980,9885607
Mexico,MEX,1981,11867696
Mexico,MEX,1982,17217342
Mexico,MEX,1983,11475648
Mexico,MEX,1984,7291360
Mexico,MEX,1985,6261776
Mexico,MEX,1986,4063325
Mexico,MEX,1987,4411509
Mexico,MEX,1988,2568433
Mexico,MEX,1989,2073844.9
Mexico,MEX,1990,1846677
Mexico,MEX,1991,1868661
Mexico,MEX,1992,1890603
Mexico,MEX,1993,2612432
Mexico,MEX,1994,2806449
Mexico,MEX,1995,3679089
Mexico,MEX,1996,4707803
Mexico,MEX,1997,6225221
Mexico,MEX,1998,6265602
Mexico,MEX,1999,5159300
Mexico,MEX,2000,5382886
Mexico,MEX,2001,4569531
Mexico,MEX,2002,3726546
Mexico,MEX,2003,3973161
Mexico,MEX,2004,3189110
Mexico,MEX,2005,3523614
Mexico,MEX,2006,4012092
Mexico,MEX,2007,5011702
Mexico,MEX,2008,6720925
Mexico,MEX,2009,5567641
Mexico,MEX,2010,4697251
Mexico,MEX,2011,6373758
Mexico,MEX,2012,8050264.5
Mexico,MEX,2013,8099832.5
Mexico,MEX,2014,9133108
Mexico,MEX,2015,9394480
Mexico,MEX,2016,8522085
Mexico,MEX,2017,7123260
Mexico,MEX,2018,7360420
Mexico,MEX,2019,8429853
Mexico,MEX,2020,10842072
Mexico,MEX,2021,12237033
Mexico,MEX,2022,10655503
Mexico,MEX,2023,10322937
Mexico,MEX,2024,10762474
Micronesia (country),FSM,1994,0
Micronesia (country),FSM,1995,0
Micronesia (country),FSM,1996,0
Micronesia (country),FSM,1997,0
Micronesia (country),FSM,1998,0
Micronesia (country),FSM,1999,0
Micronesia (country),FSM,2000,0
Micronesia (country),FSM,2001,0
Micronesia (country),FSM,2002,0
Micronesia (country),FSM,2003,0
Micronesia (country),FSM,2004,0
Micronesia (country),FSM,2005,0
Micronesia (country),FSM,2006,0
Micronesia (country),FSM,2007,0
Micronesia (country),FSM,2008,0
Micronesia (country),FSM,2009,0
Micronesia (country),FSM,2010,0
Micronesia (country),FSM,2011,0
Micronesia (country),FSM,2012,0
Micronesia (country),FSM,2013,0
Micronesia (country),FSM,2014,0
Micronesia (country),FSM,2015,0
Micronesia (country),FSM,2016,0
Micronesia (country),FSM,2017,0
Micronesia (country),FSM,2018,0
Micronesia (country),FSM,2019,0
Micronesia (country),FSM,2020,0
Micronesia (country),FSM,2021,0
Micronesia (country),FSM,2022,0
Micronesia (country),FSM,2023,0
Micronesia (country),FSM,2024,0
Moldova,MDA,1830,0
Moldova,MDA,1831,0
Moldova,MDA,1832,0
Moldova,MDA,1833,0
Moldova,MDA,1850,0
Moldova,MDA,1855,0
Moldova,MDA,1858,0
Moldova,MDA,1859,0
Moldova,MDA,1860,0
Moldova,MDA,1861,0
Moldova,MDA,1862,0
Moldova,MDA,1863,0
Moldova,MDA,1864,0
Moldova,MDA,1865,0
Moldova,MDA,1866,0
Moldova,MDA,1867,0
Moldova,MDA,1868,0
Moldova,MDA,1869,0
Moldova,MDA,1870,0
Moldova,MDA,1871,0
Moldova,MDA,1872,0
Moldova,MDA,1873,0
Moldova,MDA,1874,0
Moldova,MDA,1875,0
Moldova,MDA,1876,0
Moldova,MDA,1877,0
Moldova,MDA,1878,0
Moldova,MDA,1879,0
Moldova,MDA,1880,0
Moldova,MDA,1881,0
Moldova,MDA,1882,0
Moldova,MDA,1883,0
Moldova,MDA,1884,0
Moldova,MDA,1885,0
Moldova,MDA,1886,0
Moldova,MDA,1887,0
Moldova,MDA,1888,0
Moldova,MDA,1889,0
Moldova,MDA,1890,0
Moldova,MDA,1891,0
Moldova,MDA,1892,0
Moldova,MDA,1893,0
Moldova,MDA,1894,0
Moldova,MDA,1895,0
Moldova,MDA,1896,0
Moldova,MDA,1897,0
Moldova,MDA,1898,0
Moldova,MDA,1899,0
Moldova,MDA,1900,0
Moldova,MDA,1901,0
Moldova,MDA,1902,0
Moldova,MDA,1903,0
Moldova,MDA,1904,0
Moldova,MDA,1905,0
Moldova,MDA,1906,0
Moldova,MDA,1907,0
Moldova,MDA,1908,0
Moldova,MDA,1909,0
Moldova,MDA,1910,0
Moldova,MDA,1911,0
Moldova,MDA,1912,0
Moldova,MDA,1913,0
Moldova,MDA,1914,0
Moldova,MDA,1915,0
Moldova,MDA,1916,0
Moldova,MDA,1917,0
Moldova,MDA,1918,0
Moldova,MDA,1919,0
Moldova,MDA,1920,0
Moldova,MDA,1921,0
Moldova,MDA,1922,0
Moldova,MDA,1923,0
Moldova,MDA,1924,0
Moldova,MDA,1925,0
Moldova,MDA,1926,0
Moldova,MDA,1927,0
Moldova,MDA,1928,0
Moldova,MDA,1929,0
Moldova,MDA,1930,0
Moldova,MDA,1931,0
Moldova,MDA,1932,0
Moldova,MDA,1933,0
Moldova,MDA,1934,0
Moldova,MDA,1935,0
Moldova,MDA,1936,0
Moldova,MDA,1937,0
Moldova,MDA,1938,0
Moldova,MDA,1939,0
Moldova,MDA,1940,0
Moldova,MDA,1941,0
Moldova,MDA,1942,0
Moldova,MDA,1943,0
Moldova,MDA,1944,0
Moldova,MDA,1945,0
Moldova,MDA,1946,0
Moldova,MDA,1947,0
Moldova,MDA,1948,0
Moldova,MDA,1949,0
Moldova,MDA,1950,0
Moldova,MDA,1951,0
Moldova,MDA,1952,0
Moldova,MDA,1953,0
Moldova,MDA,1954,0
Moldova,MDA,1955,0
Moldova,MDA,1956,0
Moldova,MDA,1957,0
Moldova,MDA,1958,0
Moldova,MDA,1959,0
Moldova,MDA,1960,0
Moldova,MDA,1961,0
Moldova,MDA,1962,0
Moldova,MDA,1963,0
Moldova,MDA,1964,0
Moldova,MDA,1965,0
Moldova,MDA,1966,0
Moldova,MDA,1967,0
Moldova,MDA,1968,0
Moldova,MDA,1969,0
Moldova,MDA,1970,0
Moldova,MDA,1971,147667
Moldova,MDA,1972,139615
Moldova,MDA,1973,164220
Moldova,MDA,1974,178170
Moldova,MDA,1975,197589
Moldova,MDA,1976,220764
Moldova,MDA,1977,238377
Moldova,MDA,1978,252725.98
Moldova,MDA,1979,137385
Moldova,MDA,1980,138650
Moldova,MDA,1981,136433
Moldova,MDA,1982,136650
Moldova,MDA,1983,135401
Moldova,MDA,1984,135335
Moldova,MDA,1985,147960
Moldova,MDA,1986,129471.01
Moldova,MDA,1987,118746
Moldova,MDA,1988,261156
Moldova,MDA,1989,254662
Moldova,MDA,1990,168464
Moldova,MDA,1991,156719
Moldova,MDA,1994,0
Moldova,MDA,1995,0
Moldova,MDA,1996,0
Moldova,MDA,1997,0
Moldova,MDA,1998,0
Moldova,MDA,1999,0
Moldova,MDA,2000,0
Moldova,MDA,2001,0
Moldova,MDA,2002,0
Moldova,MDA,2003,0
Moldova,MDA,2004,0
Moldova,MDA,2005,0
Moldova,MDA,2006,0
Moldova,MDA,2007,0
Moldova,MDA,2008,0
Moldova,MDA,2009,0
Moldova,MDA,2010,0
Moldova,MDA,2011,0
Moldova,MDA,2012,0
Moldova,MDA,2013,0
Moldova,MDA,2014,0
Moldova,MDA,2015,0
Moldova,MDA,2016,0
Moldova,MDA,2017,0
Moldova,MDA,2018,0
Moldova,MDA,2019,0
Moldova,MDA,2020,0
Moldova,MDA,2021,0
Moldova,MDA,2022,0
Moldova,MDA,2023,0
Moldova,MDA,2024,0
Mongolia,MNG,1994,0
Mongolia,MNG,1995,0
Mongolia,MNG,1996,0
Mongolia,MNG,1997,0
Mongolia,MNG,1998,0
Mongolia,MNG,1999,0
Mongolia,MNG,2000,0
Mongolia,MNG,2001,0
Mongolia,MNG,2002,0
Mongolia,MNG,2003,0
Mongolia,MNG,2004,0
Mongolia,MNG,2005,0
Mongolia,MNG,2006,0
Mongolia,MNG,2007,0
Mongolia,MNG,2008,0
Mongolia,MNG,2009,0
Mongolia,MNG,2010,0
Mongolia,MNG,2011,0
Mongolia,MNG,2012,12900
Mongolia,MNG,2013,14509
Mongolia,MNG,2014,25476
Mongolia,MNG,2015,35474
Mongolia,MNG,2016,16598
Mongolia,MNG,2017,6065
Mongolia,MNG,2018,2508
Mongolia,MNG,2019,0
Mongolia,MNG,2020,164
Mongolia,MNG,2021,0
Mongolia,MNG,2022,0
Mongolia,MNG,2023,0
Mongolia,MNG,2024,0
Montenegro,MNE,1885,0
Montenegro,MNE,1890,0
Montenegro,MNE,1891,0
Montenegro,MNE,1892,0
Montenegro,MNE,1893,0
Montenegro,MNE,1894,0
Montenegro,MNE,1895,0
Montenegro,MNE,1896,0
Montenegro,MNE,1897,0
Montenegro,MNE,1898,0
Montenegro,MNE,1899,0
Montenegro,MNE,1900,0
Montenegro,MNE,1901,0
Montenegro,MNE,1902,0
Montenegro,MNE,1903,0
Montenegro,MNE,1904,0
Montenegro,MNE,1905,0
Montenegro,MNE,1906,0
Montenegro,MNE,1907,0
Montenegro,MNE,1908,0
Montenegro,MNE,1909,0
Montenegro,MNE,1910,0
Montenegro,MNE,1911,0
Montenegro,MNE,1912,0
Montenegro,MNE,1913,0
Montenegro,MNE,1919,0
Montenegro,MNE,1920,0
Montenegro,MNE,1921,0
Montenegro,MNE,1922,0
Montenegro,MNE,1923,0
Montenegro,MNE,1924,0
Montenegro,MNE,1925,0
Montenegro,MNE,1926,0
Montenegro,MNE,1927,0
Montenegro,MNE,1928,0
Montenegro,MNE,1929,0
Montenegro,MNE,1930,0
Montenegro,MNE,1931,0
Montenegro,MNE,1932,0
Montenegro,MNE,1933,0
Montenegro,MNE,1934,0
Montenegro,MNE,1935,0
Montenegro,MNE,1936,0
Montenegro,MNE,1937,0
Montenegro,MNE,1938,0
Montenegro,MNE,1939,0
Montenegro,MNE,1940,0
Montenegro,MNE,1943,0
Montenegro,MNE,1944,0
Montenegro,MNE,1945,0
Montenegro,MNE,1946,0
Montenegro,MNE,1947,0
Montenegro,MNE,1948,0
Montenegro,MNE,1949,0
Montenegro,MNE,1950,0
Montenegro,MNE,1951,0
Montenegro,MNE,1952,0
Montenegro,MNE,1953,0
Montenegro,MNE,1954,0
Montenegro,MNE,1955,0
Montenegro,MNE,1956,0
Montenegro,MNE,1957,0
Montenegro,MNE,1958,0
Montenegro,MNE,1959,0
Montenegro,MNE,1960,0
Montenegro,MNE,1961,0
Montenegro,MNE,1962,0
Montenegro,MNE,1963,0
Montenegro,MNE,1964,0
Montenegro,MNE,1965,0
Montenegro,MNE,1966,0
Montenegro,MNE,1967,0
Montenegro,MNE,1968,0
Montenegro,MNE,1969,0
Montenegro,MNE,1970,0
Montenegro,MNE,1971,0
Montenegro,MNE,1972,0
Montenegro,MNE,1973,0
Montenegro,MNE,1974,0
Montenegro,MNE,1975,0
Montenegro,MNE,1976,0
Montenegro,MNE,1977,0
Montenegro,MNE,1978,0
Montenegro,MNE,1979,0
Montenegro,MNE,1980,3266
Montenegro,MNE,1981,3139
Montenegro,MNE,1982,3170
Montenegro,MNE,1983,2752
Montenegro,MNE,1984,2662
Montenegro,MNE,1985,3068
Montenegro,MNE,1986,3089
Montenegro,MNE,1987,3691
Montenegro,MNE,1988,3774
Montenegro,MNE,1989,3984
Montenegro,MNE,1990,3885
Montenegro,MNE,1991,2580
Montenegro,MNE,1992,0
Montenegro,MNE,1993,0
Montenegro,MNE,1994,0
Montenegro,MNE,1995,0
Montenegro,MNE,1996,0
Montenegro,MNE,1997,0
Montenegro,MNE,1998,0
Montenegro,MNE,1999,0
Montenegro,MNE,2000,0
Montenegro,MNE,2001,0
Montenegro,MNE,2002,0
Montenegro,MNE,2003,0
Montenegro,MNE,2004,0
Montenegro,MNE,2005,0
Montenegro,MNE,2006,0
Montenegro,MNE,2007,0
Montenegro,MNE,2008,0
Montenegro,MNE,2009,0
Montenegro,MNE,2010,0
Montenegro,MNE,2011,0
Montenegro,MNE,2012,0
Montenegro,MNE,2013,0
Montenegro,MNE,2014,0
Montenegro,MNE,2015,0
Montenegro,MNE,2016,0
Montenegro,MNE,2017,0
Montenegro,MNE,2018,0
Montenegro,MNE,2019,0
Montenegro,MNE,2020,0
Montenegro,MNE,2021,0
Montenegro,MNE,2022,0
Montenegro,MNE,2023,0
Montenegro,MNE,2024,0
Montserrat,MSR,1994,0
Montserrat,MSR,1995,0
Montserrat,MSR,1996,0
Montserrat,MSR,1997,0
Montserrat,MSR,1998,0
Montserrat,MSR,1999,0
Montserrat,MSR,2000,0
Montserrat,MSR,2001,0
Montserrat,MSR,2002,0
Montserrat,MSR,2003,0
Montserrat,MSR,2004,0
Montserrat,MSR,2005,0
Montserrat,MSR,2006,0
Montserrat,MSR,2007,0
Montserrat,MSR,2008,0
Montserrat,MSR,2009,0
Montserrat,MSR,2010,0
Montserrat,MSR,2011,0
Montserrat,MSR,2012,0
Montserrat,MSR,2013,0
Montserrat,MSR,2014,0
Montserrat,MSR,2015,0
Montserrat,MSR,2016,0
Montserrat,MSR,2017,0
Montserrat,MSR,2018,0
Montserrat,MSR,2019,0
Montserrat,MSR,2020,0
Montserrat,MSR,2021,0
Montserrat,MSR,2022,0
Montserrat,MSR,2023,0
Montserrat,MSR,2024,0
Morocco,MAR,1994,0
Morocco,MAR,1995,0
Morocco,MAR,1996,0
Morocco,MAR,1997,0
Morocco,MAR,1998,0
Morocco,MAR,1999,0
Morocco,MAR,2000,0
Morocco,MAR,2001,0
Morocco,MAR,2002,0
Morocco,MAR,2003,0
Morocco,MAR,2004,0
Morocco,MAR,2005,0
Morocco,MAR,2006,0
Morocco,MAR,2007,0
Morocco,MAR,2008,0
Morocco,MAR,2009,0
Morocco,MAR,2010,0
Morocco,MAR,2011,0
Morocco,MAR,2012,0
Morocco,MAR,2013,0
Morocco,MAR,2014,0
Morocco,MAR,2015,0
Morocco,MAR,2016,0
Morocco,MAR,2017,0
Morocco,MAR,2018,0
Morocco,MAR,2019,0
Morocco,MAR,2020,0
Morocco,MAR,2021,0
Morocco,MAR,2022,0
Morocco,MAR,2023,0
Morocco,MAR,2024,0
Mozambique,MOZ,1994,0
Mozambique,MOZ,1995,0
Mozambique,MOZ,1996,0
Mozambique,MOZ,1997,0
Mozambique,MOZ,1998,0
Mozambique,MOZ,1999,0
Mozambique,MOZ,2000,0
Mozambique,MOZ,2001,0
Mozambique,MOZ,2002,0
Mozambique,MOZ,2003,0
Mozambique,MOZ,2004,0
Mozambique,MOZ,2005,0
Mozambique,MOZ,2006,0
Mozambique,MOZ,2007,0
Mozambique,MOZ,2008,0
Mozambique,MOZ,2009,0
Mozambique,MOZ,2010,0
Mozambique,MOZ,2011,0
Mozambique,MOZ,2012,73873
Mozambique,MOZ,2013,6271
Mozambique,MOZ,2014,21337
Mozambique,MOZ,2015,8884
Mozambique,MOZ,2016,4469
Mozambique,MOZ,2017,22433
Mozambique,MOZ,2018,13086
Mozambique,MOZ,2019,1940
Mozambique,MOZ,2020,318
Mozambique,MOZ,2021,0
Mozambique,MOZ,2022,826452
Mozambique,MOZ,2023,452033
Mozambique,MOZ,2024,146490
Myanmar,MMR,1970,314854
Myanmar,MMR,1971,340752
Myanmar,MMR,1972,417696
Myanmar,MMR,1973,458000
Myanmar,MMR,1974,395712
Myanmar,MMR,1975,300208
Myanmar,MMR,1976,238160
Myanmar,MMR,1977,421360
Myanmar,MMR,1978,399376
Myanmar,MMR,1979,439680
Myanmar,MMR,1980,491302
Myanmar,MMR,1981,58586
Myanmar,MMR,1982,84327
Myanmar,MMR,1983,95264
Myanmar,MMR,1984,84272
Myanmar,MMR,1985,73280
Myanmar,MMR,1986,98928
Myanmar,MMR,1987,98928
Myanmar,MMR,1988,18336
Myanmar,MMR,1989,10992
Myanmar,MMR,1990,7328
Myanmar,MMR,1991,7328
Myanmar,MMR,1992,10992
Myanmar,MMR,1993,14656
Myanmar,MMR,1994,0
Myanmar,MMR,1995,0
Myanmar,MMR,1996,0
Myanmar,MMR,1997,400
Myanmar,MMR,1998,21078
Myanmar,MMR,1999,29305
Myanmar,MMR,2000,50958
Myanmar,MMR,2001,46007
Myanmar,MMR,2002,60510
Myanmar,MMR,2003,60285
Myanmar,MMR,2004,63484.996
Myanmar,MMR,2005,44832
Myanmar,MMR,2006,48958
Myanmar,MMR,2007,57784
Myanmar,MMR,2008,53409
Myanmar,MMR,2009,55109
Myanmar,MMR,2010,53459
Myanmar,MMR,2011,93921
Myanmar,MMR,2012,134383
Myanmar,MMR,2013,158379
Myanmar,MMR,2014,133835
Myanmar,MMR,2015,108306
Myanmar,MMR,2016,81714
Myanmar,MMR,2017,67814
Myanmar,MMR,2018,45394
Myanmar,MMR,2019,43053
Myanmar,MMR,2020,47597
Myanmar,MMR,2021,39453
Myanmar,MMR,2022,24528
Myanmar,MMR,2023,20850
Myanmar,MMR,2024,18950
Namibia,NAM,1994,0
Namibia,NAM,1995,0
Namibia,NAM,1996,0
Namibia,NAM,1997,0
Namibia,NAM,1998,0
Namibia,NAM,1999,0
Namibia,NAM,2000,0
Namibia,NAM,2001,0
Namibia,NAM,2002,0
Namibia,NAM,2003,0
Namibia,NAM,2004,0
Namibia,NAM,2005,0
Namibia,NAM,2006,0
Namibia,NAM,2007,0
Namibia,NAM,2008,0
Namibia,NAM,2009,0
Namibia,NAM,2010,0
Namibia,NAM,2011,0
Namibia,NAM,2012,0
Namibia,NAM,2013,0
Namibia,NAM,2014,0
Namibia,NAM,2015,0
Namibia,NAM,2016,0
Namibia,NAM,2017,0
Namibia,NAM,2018,0
Namibia,NAM,2019,0
Namibia,NAM,2020,0
Namibia,NAM,2021,0
Namibia,NAM,2022,0
Namibia,NAM,2023,0
Namibia,NAM,2024,0
Nauru,NRU,1994,0
Nauru,NRU,1995,0
Nauru,NRU,1996,0
Nauru,NRU,1997,0
Nauru,NRU,1998,0
Nauru,NRU,1999,0
Nauru,NRU,2000,0
Nauru,NRU,2001,0
Nauru,NRU,2002,0
Nauru,NRU,2003,0
Nauru,NRU,2004,0
Nauru,NRU,2005,0
Nauru,NRU,2006,0
Nauru,NRU,2007,0
Nauru,NRU,2008,0
Nauru,NRU,2009,0
Nauru,NRU,2010,0
Nauru,NRU,2011,0
Nauru,NRU,2012,0
Nauru,NRU,2013,0
Nauru,NRU,2014,0
Nauru,NRU,2015,0
Nauru,NRU,2016,0
Nauru,NRU,2017,0
Nauru,NRU,2018,0
Nauru,NRU,2019,0
Nauru,NRU,2020,0
Nauru,NRU,2021,0
Nauru,NRU,2022,0
Nauru,NRU,2023,0
Nauru,NRU,2024,0
Nepal,NPL,1994,0
Nepal,NPL,1995,0
Nepal,NPL,1996,0
Nepal,NPL,1997,0
Nepal,NPL,1998,0
Nepal,NPL,1999,0
Nepal,NPL,2000,0
Nepal,NPL,2001,0
Nepal,NPL,2002,0
Nepal,NPL,2003,0
Nepal,NPL,2004,0
Nepal,NPL,2005,0
Nepal,NPL,2006,0
Nepal,NPL,2007,0
Nepal,NPL,2008,0
Nepal,NPL,2009,0
Nepal,NPL,2010,0
Nepal,NPL,2011,0
Nepal,NPL,2012,0
Nepal,NPL,2013,0
Nepal,NPL,2014,0
Nepal,NPL,2015,0
Nepal,NPL,2016,0
Nepal,NPL,2017,0
Nepal,NPL,2018,0
Nepal,NPL,2019,0
Nepal,NPL,2020,0
Nepal,NPL,2021,0
Nepal,NPL,2022,0
Nepal,NPL,2023,0
Nepal,NPL,2024,0
Netherlands,NLD,1950,0
Netherlands,NLD,1951,0
Netherlands,NLD,1952,0
Netherlands,NLD,1953,0
Netherlands,NLD,1969,80608
Netherlands,NLD,1970,91600
Netherlands,NLD,1971,95266
Netherlands,NLD,1972,58624
Netherlands,NLD,1973,32976
Netherlands,NLD,1974,36640
Netherlands,NLD,1975,43968
Netherlands,NLD,1976,43968
Netherlands,NLD,1977,40305
Netherlands,NLD,1978,32976
Netherlands,NLD,1979,21984
Netherlands,NLD,1980,29313
Netherlands,NLD,1981,47632
Netherlands,NLD,1982,47632
Netherlands,NLD,1983,47632
Netherlands,NLD,1984,76944
Netherlands,NLD,1985,91602
Netherlands,NLD,1986,219840
Netherlands,NLD,1987,164880
Netherlands,NLD,1988,117245
Netherlands,NLD,1989,249158
Netherlands,NLD,1990,885193
Netherlands,NLD,1991,818654
Netherlands,NLD,1992,752123
Netherlands,NLD,1993,685600
Netherlands,NLD,1994,619520
Netherlands,NLD,1995,552342
Netherlands,NLD,1996,496187
Netherlands,NLD,1997,606043
Netherlands,NLD,1998,418740
Netherlands,NLD,1999,308206
Netherlands,NLD,2000,351298
Netherlands,NLD,2001,254496.98
Netherlands,NLD,2002,1202277
Netherlands,NLD,2003,1126666
Netherlands,NLD,2004,1080473
Netherlands,NLD,2005,1161474
Netherlands,NLD,2006,1147372
Netherlands,NLD,2007,1211037
Netherlands,NLD,2008,999910
Netherlands,NLD,2009,1127061
Netherlands,NLD,2010,1134403
Netherlands,NLD,2011,976669
Netherlands,NLD,2012,863874
Netherlands,NLD,2013,1137380
Netherlands,NLD,2014,1091928
Netherlands,NLD,2015,1037446
Netherlands,NLD,2016,1103687
Netherlands,NLD,2017,1117981
Netherlands,NLD,2018,1101334
Netherlands,NLD,2019,1062171
Netherlands,NLD,2020,930707
Netherlands,NLD,2021,1123299
Netherlands,NLD,2022,1095771
Netherlands,NLD,2023,1038865
Netherlands,NLD,2024,1023004.06
New Caledonia,NCL,1994,0
New Caledonia,NCL,1995,0
New Caledonia,NCL,1996,0
New Caledonia,NCL,1997,0
New Caledonia,NCL,1998,0
New Caledonia,NCL,1999,0
New Caledonia,NCL,2000,0
New Caledonia,NCL,2001,0
New Caledonia,NCL,2002,0
New Caledonia,NCL,2003,0
New Caledonia,NCL,2004,0
New Caledonia,NCL,2005,0
New Caledonia,NCL,2006,0
New Caledonia,NCL,2007,0
New Caledonia,NCL,2008,0
New Caledonia,NCL,2009,0
New Caledonia,NCL,2010,0
New Caledonia,NCL,2011,0
New Caledonia,NCL,2012,0
New Caledonia,NCL,2013,0
New Caledonia,NCL,2014,0
New Caledonia,NCL,2015,0
New Caledonia,NCL,2016,0
New Caledonia,NCL,2017,0
New Caledonia,NCL,2018,0
New Caledonia,NCL,2019,0
New Caledonia,NCL,2020,0
New Caledonia,NCL,2021,0
New Caledonia,NCL,2022,0
New Caledonia,NCL,2023,0
New Caledonia,NCL,2024,0
New Zealand,NZL,1750,0
New Zealand,NZL,1751,0
New Zealand,NZL,1752,0
New Zealand,NZL,1753,0
New Zealand,NZL,1754,0
New Zealand,NZL,1755,0
New Zealand,NZL,1756,0
New Zealand,NZL,1757,0
New Zealand,NZL,1758,0
New Zealand,NZL,1759,0
New Zealand,NZL,1760,0
New Zealand,NZL,1761,0
New Zealand,NZL,1762,0
New Zealand,NZL,1763,0
New Zealand,NZL,1764,0
New Zealand,NZL,1765,0
New Zealand,NZL,1766,0
New Zealand,NZL,1767,0
New Zealand,NZL,1768,0
New Zealand,NZL,1769,0
New Zealand,NZL,1770,0
New Zealand,NZL,1771,0
New Zealand,NZL,1772,0
New Zealand,NZL,1773,0
New Zealand,NZL,1774,0
New Zealand,NZL,1775,0
New Zealand,NZL,1776,0
New Zealand,NZL,1777,0
New Zealand,NZL,1778,0
New Zealand,NZL,1779,0
New Zealand,NZL,1780,0
New Zealand,NZL,1781,0
New Zealand,NZL,1782,0
New Zealand,NZL,1783,0
New Zealand,NZL,1784,0
New Zealand,NZL,1785,0
New Zealand,NZL,1786,0
New Zealand,NZL,1787,0
New Zealand,NZL,1788,0
New Zealand,NZL,1789,0
New Zealand,NZL,1790,0
New Zealand,NZL,1791,0
New Zealand,NZL,1792,0
New Zealand,NZL,1793,0
New Zealand,NZL,1794,0
New Zealand,NZL,1795,0
New Zealand,NZL,1796,0
New Zealand,NZL,1797,0
New Zealand,NZL,1798,0
New Zealand,NZL,1799,0
New Zealand,NZL,1800,0
New Zealand,NZL,1801,0
New Zealand,NZL,1802,0
New Zealand,NZL,1803,0
New Zealand,NZL,1804,0
New Zealand,NZL,1805,0
New Zealand,NZL,1806,0
New Zealand,NZL,1807,0
New Zealand,NZL,1808,0
New Zealand,NZL,1809,0
New Zealand,NZL,1810,0
New Zealand,NZL,1811,0
New Zealand,NZL,1812,0
New Zealand,NZL,1813,0
New Zealand,NZL,1814,0
New Zealand,NZL,1815,0
New Zealand,NZL,1816,0
New Zealand,NZL,1817,0
New Zealand,NZL,1818,0
New Zealand,NZL,1819,0
New Zealand,NZL,1820,0
New Zealand,NZL,1821,0
New Zealand,NZL,1822,0
New Zealand,NZL,1823,0
New Zealand,NZL,1824,0
New Zealand,NZL,1825,0
New Zealand,NZL,1826,0
New Zealand,NZL,1827,0
New Zealand,NZL,1828,0
New Zealand,NZL,1829,0
New Zealand,NZL,1830,0
New Zealand,NZL,1831,0
New Zealand,NZL,1832,0
New Zealand,NZL,1833,0
New Zealand,NZL,1834,0
New Zealand,NZL,1835,0
New Zealand,NZL,1836,0
New Zealand,NZL,1837,0
New Zealand,NZL,1838,0
New Zealand,NZL,1839,0
New Zealand,NZL,1840,0
New Zealand,NZL,1841,0
New Zealand,NZL,1842,0
New Zealand,NZL,1843,0
New Zealand,NZL,1844,0
New Zealand,NZL,1845,0
New Zealand,NZL,1846,0
New Zealand,NZL,1847,0
New Zealand,NZL,1848,0
New Zealand,NZL,1849,0
New Zealand,NZL,1850,0
New Zealand,NZL,1851,0
New Zealand,NZL,1852,0
New Zealand,NZL,1853,0
New Zealand,NZL,1854,0
New Zealand,NZL,1855,0
New Zealand,NZL,1856,0
New Zealand,NZL,1857,0
New Zealand,NZL,1858,0
New Zealand,NZL,1859,0
New Zealand,NZL,1860,0
New Zealand,NZL,1861,0
New Zealand,NZL,1862,0
New Zealand,NZL,1863,0
New Zealand,NZL,1864,0
New Zealand,NZL,1970,18320
New Zealand,NZL,1971,25642
New Zealand,NZL,1972,40304
New Zealand,NZL,1973,47622
New Zealand,NZL,1974,54949
New Zealand,NZL,1975,65952
New Zealand,NZL,1976,128240.01
New Zealand,NZL,1977,172177
New Zealand,NZL,1978,87954
New Zealand,NZL,1979,172208
New Zealand,NZL,1980,381136
New Zealand,NZL,1981,76944
New Zealand,NZL,1982,102592
New Zealand,NZL,1983,98928
New Zealand,NZL,1984,62288
New Zealand,NZL,1985,0
New Zealand,NZL,1990,459728
New Zealand,NZL,1991,554487
New Zealand,NZL,1992,540147
New Zealand,NZL,1993,518333.03
New Zealand,NZL,1994,540617
New Zealand,NZL,1995,500101.97
New Zealand,NZL,1996,666222
New Zealand,NZL,1997,713470
New Zealand,NZL,1998,704690
New Zealand,NZL,1999,615735
New Zealand,NZL,2000,592752
New Zealand,NZL,2001,612244
New Zealand,NZL,2002,586307
New Zealand,NZL,2003,610739
New Zealand,NZL,2004,862701
New Zealand,NZL,2005,908589
New Zealand,NZL,2006,958246
New Zealand,NZL,2007,1020599.94
New Zealand,NZL,2008,1241392
New Zealand,NZL,2009,1365980
New Zealand,NZL,2010,1505118
New Zealand,NZL,2011,1459151
New Zealand,NZL,2012,1278077
New Zealand,NZL,2013,1091768
New Zealand,NZL,2014,1218488
New Zealand,NZL,2015,1346853
New Zealand,NZL,2016,1151309
New Zealand,NZL,2017,1087130
New Zealand,NZL,2018,991406
New Zealand,NZL,2019,911917
New Zealand,NZL,2020,778742
New Zealand,NZL,2021,727997
New Zealand,NZL,2022,887962
New Zealand,NZL,2023,777094
New Zealand,NZL,2024,972423
Nicaragua,NIC,1994,0
Nicaragua,NIC,1995,0
Nicaragua,NIC,1996,0
Nicaragua,NIC,1997,0
Nicaragua,NIC,1998,0
Nicaragua,NIC,1999,0
Nicaragua,NIC,2000,0
Nicaragua,NIC,2001,0
Nicaragua,NIC,2002,0
Nicaragua,NIC,2003,0
Nicaragua,NIC,2004,0
Nicaragua,NIC,2005,0
Nicaragua,NIC,2006,0
Nicaragua,NIC,2007,0
Nicaragua,NIC,2008,0
Nicaragua,NIC,2009,0
Nicaragua,NIC,2010,0
Nicaragua,NIC,2011,0
Nicaragua,NIC,2012,0
Nicaragua,NIC,2013,0
Nicaragua,NIC,2014,0
Nicaragua,NIC,2015,0
Nicaragua,NIC,2016,0
Nicaragua,NIC,2017,0
Nicaragua,NIC,2018,0
Nicaragua,NIC,2019,0
Nicaragua,NIC,2020,0
Nicaragua,NIC,2021,0
Nicaragua,NIC,2022,0
Nicaragua,NIC,2023,0
Nicaragua,NIC,2024,0
Niger,NER,1950,0
Niger,NER,1951,0
Niger,NER,1952,0
Niger,NER,1953,0
Niger,NER,1954,0
Niger,NER,1955,0
Niger,NER,1956,0
Niger,NER,1957,0
Niger,NER,1994,0
Niger,NER,1995,0
Niger,NER,1996,0
Niger,NER,1997,0
Niger,NER,1998,0
Niger,NER,1999,0
Niger,NER,2000,0
Niger,NER,2001,0
Niger,NER,2002,0
Niger,NER,2003,0
Niger,NER,2004,0
Niger,NER,2005,0
Niger,NER,2006,0
Niger,NER,2007,0
Niger,NER,2008,0
Niger,NER,2009,0
Niger,NER,2010,0
Niger,NER,2011,0
Niger,NER,2012,99368
Niger,NER,2013,179617
Niger,NER,2014,170980
Niger,NER,2015,98992
Niger,NER,2016,86113
Niger,NER,2017,73737
Niger,NER,2018,61426
Niger,NER,2019,56051
Niger,NER,2020,69933
Niger,NER,2021,93160
Niger,NER,2022,70803
Niger,NER,2023,70616
Niger,NER,2024,64785.004
Nigeria,NGA,1960,0
Nigeria,NGA,1961,0
Nigeria,NGA,1962,0
Nigeria,NGA,1963,1146832
Nigeria,NGA,1964,1876914
Nigeria,NGA,1965,4947942
Nigeria,NGA,1966,5193363
Nigeria,NGA,1967,4719232
Nigeria,NGA,1968,2528160
Nigeria,NGA,1969,7892256
Nigeria,NGA,1970,15352160
Nigeria,NGA,1971,24617548
Nigeria,NGA,1972,32408874
Nigeria,NGA,1973,38963756
Nigeria,NGA,1974,50431990
Nigeria,NGA,1975,35687360
Nigeria,NGA,1976,41296944
Nigeria,NGA,1977,33205680
Nigeria,NGA,1978,32833104
Nigeria,NGA,1979,52670000
Nigeria,NGA,1980,43004370
Nigeria,NGA,1981,29577452
Nigeria,NGA,1982,24647728
Nigeria,NGA,1983,24072480
Nigeria,NGA,1984,26204928
Nigeria,NGA,1985,26928988
Nigeria,NGA,1986,26769184
Nigeria,NGA,1987,23577840
Nigeria,NGA,1988,28352032
Nigeria,NGA,1994,45527484
Nigeria,NGA,1995,50926650
Nigeria,NGA,1996,61101076
Nigeria,NGA,1997,54772736
Nigeria,NGA,1998,48746670
Nigeria,NGA,1999,45405264
Nigeria,NGA,2000,51109550
Nigeria,NGA,2001,50406612
Nigeria,NGA,2002,39500668
Nigeria,NGA,2003,44806092
Nigeria,NGA,2004,42545204
Nigeria,NGA,2005,39957692
Nigeria,NGA,2006,35035656
Nigeria,NGA,2007,30565190
Nigeria,NGA,2008,29189120
Nigeria,NGA,2009,27981176
Nigeria,NGA,2010,28530864
Nigeria,NGA,2011,23310462
Nigeria,NGA,2012,18090062
Nigeria,NGA,2013,17560896
Nigeria,NGA,2014,15827087
Nigeria,NGA,2015,14396894
Nigeria,NGA,2016,13296875
Nigeria,NGA,2017,14374986
Nigeria,NGA,2018,14173086
Nigeria,NGA,2019,14588166
Nigeria,NGA,2020,13525954
Nigeria,NGA,2021,12458480
Nigeria,NGA,2022,9998531
Nigeria,NGA,2023,10878551
Nigeria,NGA,2024,12181573
Niue,NIU,1994,0
Niue,NIU,1995,0
Niue,NIU,1996,0
Niue,NIU,1997,0
Niue,NIU,1998,0
Niue,NIU,1999,0
Niue,NIU,2000,0
Niue,NIU,2001,0
Niue,NIU,2002,0
Niue,NIU,2003,0
Niue,NIU,2004,0
Niue,NIU,2005,0
Niue,NIU,2006,0
Niue,NIU,2007,0
Niue,NIU,2008,0
Niue,NIU,2009,0
Niue,NIU,2010,0
Niue,NIU,2011,0
Niue,NIU,2012,0
Niue,NIU,2013,0
Niue,NIU,2014,0
Niue,NIU,2015,0
Niue,NIU,2016,0
Niue,NIU,2017,0
Niue,NIU,2018,0
Niue,NIU,2019,0
Niue,NIU,2020,0
Niue,NIU,2021,0
Niue,NIU,2022,0
Niue,NIU,2023,0
Niue,NIU,2024,0
North America,OWID_NAM,1926,0
North America,OWID_NAM,1927,0
North America,OWID_NAM,1928,0
North America,OWID_NAM,1929,0
North America,OWID_NAM,1930,0
North America,OWID_NAM,1931,0
North America,OWID_NAM,1932,0
North America,OWID_NAM,1933,0
North America,OWID_NAM,1934,0
North America,OWID_NAM,1935,0
North America,OWID_NAM,1936,0
North America,OWID_NAM,1937,0
North America,OWID_NAM,1938,0
North America,OWID_NAM,1939,0
North America,OWID_NAM,1940,0
North America,OWID_NAM,1941,0
North America,OWID_NAM,1942,0
North America,OWID_NAM,1943,0
North America,OWID_NAM,1944,0
North America,OWID_NAM,1945,0
North America,OWID_NAM,1946,0
North America,OWID_NAM,1947,0
North America,OWID_NAM,1948,0
North America,OWID_NAM,1949,0
North America,OWID_NAM,1950,45800000
North America,OWID_NAM,1951,46378972
North America,OWID_NAM,1952,49467596
North America,OWID_NAM,1953,48555264
North America,OWID_NAM,1954,42703484
North America,OWID_NAM,1955,48544380
North America,OWID_NAM,1956,54384750
North America,OWID_NAM,1957,53806344
North America,OWID_NAM,1958,45613136
North America,OWID_NAM,1959,42740560
North America,OWID_NAM,1960,42209220
North America,OWID_NAM,1961,39347696
North America,OWID_NAM,1962,31825256
North America,OWID_NAM,1963,31103368
North America,OWID_NAM,1964,30520732
North America,OWID_NAM,1965,27307444
North America,OWID_NAM,1966,31136672
North America,OWID_NAM,1967,36372264
North America,OWID_NAM,1968,37918788
North America,OWID_NAM,1969,38907744
North America,OWID_NAM,1970,42587456
North America,OWID_NAM,1971,31711908
North America,OWID_NAM,1972,27652156
North America,OWID_NAM,1973,26912090
North America,OWID_NAM,1974,25944752
North America,OWID_NAM,1975,24090824
North America,OWID_NAM,1976,25091072
North America,OWID_NAM,1977,20529236
North America,OWID_NAM,1978,24475498
North America,OWID_NAM,1979,23472300
North America,OWID_NAM,1980,23588100
North America,OWID_NAM,1981,24014694
North America,OWID_NAM,1982,30984168
North America,OWID_NAM,1983,26040052
North America,OWID_NAM,1984,24050492
North America,OWID_NAM,1985,24109120
North America,OWID_NAM,1986,21054810
North America,OWID_NAM,1987,22584948
North America,OWID_NAM,1988,20995932
North America,OWID_NAM,1989,18535242
North America,OWID_NAM,1990,58840800
North America,OWID_NAM,1991,58581136
North America,OWID_NAM,1992,59332800
North America,OWID_NAM,1993,59462730
North America,OWID_NAM,1994,58813070
North America,OWID_NAM,1995,57896784
North America,OWID_NAM,1996,58954052
North America,OWID_NAM,1997,60500216
North America,OWID_NAM,1998,59759876
North America,OWID_NAM,1999,56845624
North America,OWID_NAM,2000,57585570
North America,OWID_NAM,2001,55928930
North America,OWID_NAM,2002,55753950
North America,OWID_NAM,2003,55576452
North America,OWID_NAM,2004,55948040
North America,OWID_NAM,2005,56292200
North America,OWID_NAM,2006,58154224
North America,OWID_NAM,2007,59710148
North America,OWID_NAM,2008,62266530
North America,OWID_NAM,2009,58591820
North America,OWID_NAM,2010,60241790
North America,OWID_NAM,2011,65177590
North America,OWID_NAM,2012,71817980
North America,OWID_NAM,2013,78481410
North America,OWID_NAM,2014,85123830
North America,OWID_NAM,2015,85950380
North America,OWID_NAM,2016,74018450
North America,OWID_NAM,2017,76956020
North America,OWID_NAM,2018,90327440
North America,OWID_NAM,2019,108285960
North America,OWID_NAM,2020,92604320
North America,OWID_NAM,2021,88830300
North America,OWID_NAM,2022,86331940
North America,OWID_NAM,2023,89271890
North America,OWID_NAM,2024,89573820
North America (excl. USA),,1926,0
North America (excl. USA),,1927,0
North America (excl. USA),,1928,0
North America (excl. USA),,1929,0
North America (excl. USA),,1930,0
North America (excl. USA),,1931,0
North America (excl. USA),,1932,0
North America (excl. USA),,1933,0
North America (excl. USA),,1934,0
North America (excl. USA),,1935,0
North America (excl. USA),,1936,0
North America (excl. USA),,1937,0
North America (excl. USA),,1938,0
North America (excl. USA),,1939,0
North America (excl. USA),,1940,0
North America (excl. USA),,1941,0
North America (excl. USA),,1942,0
North America (excl. USA),,1943,0
North America (excl. USA),,1944,0
North America (excl. USA),,1945,0
North America (excl. USA),,1946,0
North America (excl. USA),,1947,0
North America (excl. USA),,1948,0
North America (excl. USA),,1949,0
North America (excl. USA),,1950,2678384
North America (excl. USA),,1951,3678656
North America (excl. USA),,1952,3784912
North America (excl. USA),,1953,4935408
North America (excl. USA),,1954,3751557
North America (excl. USA),,1955,6899357
North America (excl. USA),,1956,7855616
North America (excl. USA),,1957,10248658
North America (excl. USA),,1958,11515952
North America (excl. USA),,1959,11984944
North America (excl. USA),,1960,11893283
North America (excl. USA),,1961,11149552
North America (excl. USA),,1962,8903273
North America (excl. USA),,1963,10453065
North America (excl. USA),,1964,12109131
North America (excl. USA),,1965,10119619
North America (excl. USA),,1966,10904064
North America (excl. USA),,1967,9987828
North America (excl. USA),,1968,10101700
North America (excl. USA),,1969,10592352
North America (excl. USA),,1970,16338559
North America (excl. USA),,1971,16451360
North America (excl. USA),,1972,14344518
North America (excl. USA),,1973,13725344
North America (excl. USA),,1974,17044896
North America (excl. USA),,1975,16979000
North America (excl. USA),,1976,17752080
North America (excl. USA),,1977,13267188
North America (excl. USA),,1978,16352410
North America (excl. USA),,1979,14605426
North America (excl. USA),,1980,16897636
North America (excl. USA),,1981,18782502
North America (excl. USA),,1982,25993800
North America (excl. USA),,1983,20950752
North America (excl. USA),,1984,18261376
North America (excl. USA),,1985,19008832
North America (excl. USA),,1986,15811630
North America (excl. USA),,1987,15953109
North America (excl. USA),,1988,13352835
North America (excl. USA),,1989,10939770
North America (excl. USA),,1990,16173219
North America (excl. USA),,1991,16733272
North America (excl. USA),,1992,17877234
North America (excl. USA),,1993,18363708
North America (excl. USA),,1994,17762974
North America (excl. USA),,1995,18620508
North America (excl. USA),,1996,21068424
North America (excl. USA),,1997,22589396
North America (excl. USA),,1998,24179616
North America (excl. USA),,1999,21351334
North America (excl. USA),,2000,21601784
North America (excl. USA),,2001,20221796
North America (excl. USA),,2002,19663092
North America (excl. USA),,2003,19438812
North America (excl. USA),,2004,19124202
North America (excl. USA),,2005,19276724
North America (excl. USA),,2006,20150990
North America (excl. USA),,2007,21229312
North America (excl. USA),,2008,22214976
North America (excl. USA),,2009,19989812
North America (excl. USA),,2010,19346198
North America (excl. USA),,2011,21413248
North America (excl. USA),,2012,24325708
North America (excl. USA),,2013,25458904
North America (excl. USA),,2014,26375604
North America (excl. USA),,2015,25376184
North America (excl. USA),,2016,22363644
North America (excl. USA),,2017,21684248
North America (excl. USA),,2018,22405744
North America (excl. USA),,2019,23766424
North America (excl. USA),,2020,26519332
North America (excl. USA),,2021,28609716
North America (excl. USA),,2022,27449912
North America (excl. USA),,2023,27943730
North America (excl. USA),,2024,28245660
North Korea,PRK,1905,0
North Korea,PRK,1909,0
North Korea,PRK,1910,0
North Korea,PRK,1911,0
North Korea,PRK,1912,0
North Korea,PRK,1913,0
North Korea,PRK,1914,0
North Korea,PRK,1915,0
North Korea,PRK,1916,0
North Korea,PRK,1918,0
North Korea,PRK,1919,0
North Korea,PRK,1920,0
North Korea,PRK,1921,0
North Korea,PRK,1922,0
North Korea,PRK,1923,0
North Korea,PRK,1924,0
North Korea,PRK,1925,0
North Korea,PRK,1926,0
North Korea,PRK,1927,0
North Korea,PRK,1928,0
North Korea,PRK,1929,0
North Korea,PRK,1930,0
North Korea,PRK,1931,0
North Korea,PRK,1932,0
North Korea,PRK,1933,0
North Korea,PRK,1934,0
North Korea,PRK,1935,0
North Korea,PRK,1936,0
North Korea,PRK,1937,0
North Korea,PRK,1938,0
North Korea,PRK,1939,0
North Korea,PRK,1940,0
North Korea,PRK,1941,0
North Korea,PRK,1942,0
North Korea,PRK,1943,0
North Korea,PRK,1944,0
North Korea,PRK,1994,0
North Korea,PRK,1995,0
North Korea,PRK,1996,0
North Korea,PRK,1997,0
North Korea,PRK,1998,0
North Korea,PRK,1999,0
North Korea,PRK,2000,0
North Korea,PRK,2001,0
North Korea,PRK,2002,0
North Korea,PRK,2003,0
North Korea,PRK,2004,0
North Korea,PRK,2005,0
North Korea,PRK,2006,0
North Korea,PRK,2007,0
North Korea,PRK,2008,0
North Korea,PRK,2009,0
North Korea,PRK,2010,0
North Korea,PRK,2011,0
North Korea,PRK,2012,0
North Korea,PRK,2013,0
North Korea,PRK,2014,0
North Korea,PRK,2015,0
North Korea,PRK,2016,0
North Korea,PRK,2017,0
North Korea,PRK,2018,0
North Korea,PRK,2019,0
North Korea,PRK,2020,0
North Korea,PRK,2021,0
North Korea,PRK,2022,0
North Korea,PRK,2023,0
North Korea,PRK,2024,0
North Macedonia,MKD,1885,0
North Macedonia,MKD,1890,0
North Macedonia,MKD,1891,0
North Macedonia,MKD,1892,0
North Macedonia,MKD,1893,0
North Macedonia,MKD,1894,0
North Macedonia,MKD,1895,0
North Macedonia,MKD,1896,0
North Macedonia,MKD,1897,0
North Macedonia,MKD,1898,0
North Macedonia,MKD,1899,0
North Macedonia,MKD,1900,0
North Macedonia,MKD,1901,0
North Macedonia,MKD,1902,0
North Macedonia,MKD,1903,0
North Macedonia,MKD,1904,0
North Macedonia,MKD,1905,0
North Macedonia,MKD,1906,0
North Macedonia,MKD,1907,0
North Macedonia,MKD,1908,0
North Macedonia,MKD,1909,0
North Macedonia,MKD,1910,0
North Macedonia,MKD,1911,0
North Macedonia,MKD,1912,0
North Macedonia,MKD,1913,0
North Macedonia,MKD,1919,0
North Macedonia,MKD,1920,0
North Macedonia,MKD,1921,0
North Macedonia,MKD,1922,0
North Macedonia,MKD,1923,0
North Macedonia,MKD,1924,0
North Macedonia,MKD,1925,0
North Macedonia,MKD,1926,0
North Macedonia,MKD,1927,0
North Macedonia,MKD,1928,0
North Macedonia,MKD,1929,0
North Macedonia,MKD,1930,0
North Macedonia,MKD,1931,0
North Macedonia,MKD,1932,0
North Macedonia,MKD,1933,0
North Macedonia,MKD,1934,0
North Macedonia,MKD,1935,0
North Macedonia,MKD,1936,0
North Macedonia,MKD,1937,0
North Macedonia,MKD,1938,0
North Macedonia,MKD,1939,0
North Macedonia,MKD,1940,0
North Macedonia,MKD,1943,0
North Macedonia,MKD,1944,0
North Macedonia,MKD,1945,0
North Macedonia,MKD,1946,0
North Macedonia,MKD,1947,0
North Macedonia,MKD,1948,0
North Macedonia,MKD,1949,0
North Macedonia,MKD,1950,0
North Macedonia,MKD,1951,0
North Macedonia,MKD,1952,0
North Macedonia,MKD,1953,0
North Macedonia,MKD,1954,0
North Macedonia,MKD,1955,0
North Macedonia,MKD,1956,0
North Macedonia,MKD,1957,0
North Macedonia,MKD,1958,0
North Macedonia,MKD,1959,0
North Macedonia,MKD,1960,0
North Macedonia,MKD,1961,0
North Macedonia,MKD,1962,0
North Macedonia,MKD,1963,0
North Macedonia,MKD,1964,0
North Macedonia,MKD,1965,0
North Macedonia,MKD,1966,0
North Macedonia,MKD,1967,0
North Macedonia,MKD,1968,0
North Macedonia,MKD,1969,0
North Macedonia,MKD,1970,0
North Macedonia,MKD,1971,0
North Macedonia,MKD,1972,0
North Macedonia,MKD,1973,0
North Macedonia,MKD,1974,0
North Macedonia,MKD,1975,0
North Macedonia,MKD,1976,0
North Macedonia,MKD,1977,0
North Macedonia,MKD,1978,0
North Macedonia,MKD,1979,0
North Macedonia,MKD,1980,12140
North Macedonia,MKD,1981,13128
North Macedonia,MKD,1982,12799
North Macedonia,MKD,1983,11449
North Macedonia,MKD,1984,11381
North Macedonia,MKD,1985,13212
North Macedonia,MKD,1986,13113
North Macedonia,MKD,1987,15758
North Macedonia,MKD,1988,15922.001
North Macedonia,MKD,1989,17024
North Macedonia,MKD,1990,16446
North Macedonia,MKD,1991,10054
North Macedonia,MKD,1994,0
North Macedonia,MKD,1995,0
North Macedonia,MKD,1996,0
North Macedonia,MKD,1997,0
North Macedonia,MKD,1998,0
North Macedonia,MKD,1999,0
North Macedonia,MKD,2000,0
North Macedonia,MKD,2001,0
North Macedonia,MKD,2002,0
North Macedonia,MKD,2003,0
North Macedonia,MKD,2004,0
North Macedonia,MKD,2005,0
North Macedonia,MKD,2006,0
North Macedonia,MKD,2007,0
North Macedonia,MKD,2008,0
North Macedonia,MKD,2009,0
North Macedonia,MKD,2010,0
North Macedonia,MKD,2011,0
North Macedonia,MKD,2012,0
North Macedonia,MKD,2013,0
North Macedonia,MKD,2014,0
North Macedonia,MKD,2015,0
North Macedonia,MKD,2016,0
North Macedonia,MKD,2017,0
North Macedonia,MKD,2018,0
North Macedonia,MKD,2019,0
North Macedonia,MKD,2020,0
North Macedonia,MKD,2021,0
North Macedonia,MKD,2022,0
North Macedonia,MKD,2023,0
North Macedonia,MKD,2024,0
Norway,NOR,1750,0
Norway,NOR,1751,0
Norway,NOR,1752,0
Norway,NOR,1753,0
Norway,NOR,1754,0
Norway,NOR,1755,0
Norway,NOR,1756,0
Norway,NOR,1757,0
Norway,NOR,1758,0
Norway,NOR,1759,0
Norway,NOR,1760,0
Norway,NOR,1761,0
Norway,NOR,1762,0
Norway,NOR,1763,0
Norway,NOR,1764,0
Norway,NOR,1765,0
Norway,NOR,1766,0
Norway,NOR,1767,0
Norway,NOR,1768,0
Norway,NOR,1769,0
Norway,NOR,1770,0
Norway,NOR,1771,0
Norway,NOR,1772,0
Norway,NOR,1773,0
Norway,NOR,1774,0
Norway,NOR,1775,0
Norway,NOR,1776,0
Norway,NOR,1777,0
Norway,NOR,1778,0
Norway,NOR,1779,0
Norway,NOR,1780,0
Norway,NOR,1781,0
Norway,NOR,1782,0
Norway,NOR,1783,0
Norway,NOR,1784,0
Norway,NOR,1785,0
Norway,NOR,1786,0
Norway,NOR,1787,0
Norway,NOR,1788,0
Norway,NOR,1789,0
Norway,NOR,1790,0
Norway,NOR,1791,0
Norway,NOR,1792,0
Norway,NOR,1793,0
Norway,NOR,1794,0
Norway,NOR,1795,0
Norway,NOR,1796,0
Norway,NOR,1797,0
Norway,NOR,1798,0
Norway,NOR,1799,0
Norway,NOR,1800,0
Norway,NOR,1801,0
Norway,NOR,1802,0
Norway,NOR,1803,0
Norway,NOR,1804,0
Norway,NOR,1805,0
Norway,NOR,1806,0
Norway,NOR,1807,0
Norway,NOR,1808,0
Norway,NOR,1809,0
Norway,NOR,1810,0
Norway,NOR,1811,0
Norway,NOR,1812,0
Norway,NOR,1813,0
Norway,NOR,1814,0
Norway,NOR,1815,0
Norway,NOR,1816,0
Norway,NOR,1817,0
Norway,NOR,1818,0
Norway,NOR,1819,0
Norway,NOR,1820,0
Norway,NOR,1821,0
Norway,NOR,1822,0
Norway,NOR,1823,0
Norway,NOR,1824,0
Norway,NOR,1825,0
Norway,NOR,1826,0
Norway,NOR,1827,0
Norway,NOR,1828,0
Norway,NOR,1829,0
Norway,NOR,1830,0
Norway,NOR,1831,0
Norway,NOR,1832,0
Norway,NOR,1833,0
Norway,NOR,1834,0
Norway,NOR,1835,0
Norway,NOR,1836,0
Norway,NOR,1837,0
Norway,NOR,1838,0
Norway,NOR,1839,0
Norway,NOR,1840,0
Norway,NOR,1841,0
Norway,NOR,1842,0
Norway,NOR,1843,0
Norway,NOR,1844,0
Norway,NOR,1845,0
Norway,NOR,1846,0
Norway,NOR,1847,0
Norway,NOR,1848,0
Norway,NOR,1849,0
Norway,NOR,1850,0
Norway,NOR,1851,0
Norway,NOR,1852,0
Norway,NOR,1853,0
Norway,NOR,1854,0
Norway,NOR,1855,0
Norway,NOR,1856,0
Norway,NOR,1857,0
Norway,NOR,1858,0
Norway,NOR,1859,0
Norway,NOR,1860,0
Norway,NOR,1861,0
Norway,NOR,1862,0
Norway,NOR,1863,0
Norway,NOR,1864,0
Norway,NOR,1865,0
Norway,NOR,1866,0
Norway,NOR,1867,0
Norway,NOR,1868,0
Norway,NOR,1869,0
Norway,NOR,1870,0
Norway,NOR,1871,0
Norway,NOR,1872,0
Norway,NOR,1873,0
Norway,NOR,1874,0
Norway,NOR,1875,0
Norway,NOR,1876,0
Norway,NOR,1877,0
Norway,NOR,1878,0
Norway,NOR,1879,0
Norway,NOR,1880,0
Norway,NOR,1881,0
Norway,NOR,1882,0
Norway,NOR,1883,0
Norway,NOR,1884,0
Norway,NOR,1885,0
Norway,NOR,1886,0
Norway,NOR,1887,0
Norway,NOR,1888,0
Norway,NOR,1889,0
Norway,NOR,1890,0
Norway,NOR,1891,0
Norway,NOR,1892,0
Norway,NOR,1893,0
Norway,NOR,1894,0
Norway,NOR,1895,0
Norway,NOR,1896,0
Norway,NOR,1897,0
Norway,NOR,1898,0
Norway,NOR,1899,0
Norway,NOR,1900,0
Norway,NOR,1901,0
Norway,NOR,1902,0
Norway,NOR,1903,0
Norway,NOR,1904,0
Norway,NOR,1905,0
Norway,NOR,1906,0
Norway,NOR,1907,0
Norway,NOR,1908,0
Norway,NOR,1909,0
Norway,NOR,1910,0
Norway,NOR,1911,0
Norway,NOR,1912,0
Norway,NOR,1913,0
Norway,NOR,1914,0
Norway,NOR,1915,0
Norway,NOR,1916,0
Norway,NOR,1917,0
Norway,NOR,1918,0
Norway,NOR,1919,0
Norway,NOR,1920,0
Norway,NOR,1921,0
Norway,NOR,1922,0
Norway,NOR,1923,0
Norway,NOR,1924,0
Norway,NOR,1925,0
Norway,NOR,1926,0
Norway,NOR,1927,0
Norway,NOR,1928,0
Norway,NOR,1929,0
Norway,NOR,1930,0
Norway,NOR,1931,0
Norway,NOR,1932,0
Norway,NOR,1933,0
Norway,NOR,1934,0
Norway,NOR,1935,0
Norway,NOR,1936,0
Norway,NOR,1937,0
Norway,NOR,1938,0
Norway,NOR,1939,0
Norway,NOR,1940,0
Norway,NOR,1941,0
Norway,NOR,1942,0
Norway,NOR,1943,0
Norway,NOR,1944,0
Norway,NOR,1945,0
Norway,NOR,1946,0
Norway,NOR,1947,0
Norway,NOR,1948,0
Norway,NOR,1949,0
Norway,NOR,1950,0
Norway,NOR,1951,0
Norway,NOR,1952,0
Norway,NOR,1953,0
Norway,NOR,1954,0
Norway,NOR,1955,0
Norway,NOR,1956,0
Norway,NOR,1957,0
Norway,NOR,1958,0
Norway,NOR,1959,0
Norway,NOR,1960,0
Norway,NOR,1961,0
Norway,NOR,1962,0
Norway,NOR,1963,0
Norway,NOR,1964,0
Norway,NOR,1965,0
Norway,NOR,1966,0
Norway,NOR,1967,0
Norway,NOR,1968,0
Norway,NOR,1971,205212
Norway,NOR,1972,1058896
Norway,NOR,1973,1044240
Norway,NOR,1974,1091872
Norway,NOR,1975,872032
Norway,NOR,1976,883024
Norway,NOR,1977,1146967
Norway,NOR,1978,373767
Norway,NOR,1979,578912
Norway,NOR,1980,1025821
Norway,NOR,1981,1070168
Norway,NOR,1982,1114516
Norway,NOR,1983,1158863
Norway,NOR,1984,1203210
Norway,NOR,1985,1247558
Norway,NOR,1986,1291905
Norway,NOR,1987,1336252
Norway,NOR,1988,1467130
Norway,NOR,1989,1598008
Norway,NOR,1990,1916320
Norway,NOR,1991,1404348
Norway,NOR,1992,1398360
Norway,NOR,1993,1612509
Norway,NOR,1994,1692457
Norway,NOR,1995,1829535
Norway,NOR,1996,2072815
Norway,NOR,1997,1938943
Norway,NOR,1998,2009978
Norway,NOR,1999,2626051
Norway,NOR,2000,2775431
Norway,NOR,2001,2388234
Norway,NOR,2002,1922821
Norway,NOR,2003,1786744
Norway,NOR,2004,1717813
Norway,NOR,2005,1590639
Norway,NOR,2006,1429547
Norway,NOR,2007,2817018
Norway,NOR,2008,2351877
Norway,NOR,2009,1498570
Norway,NOR,2010,1542304
Norway,NOR,2011,1528044
Norway,NOR,2012,1399983
Norway,NOR,2013,1490795
Norway,NOR,2014,1388558
Norway,NOR,2015,1507958
Norway,NOR,2016,1455976
Norway,NOR,2017,1098819
Norway,NOR,2018,1042626
Norway,NOR,2019,952657
Norway,NOR,2020,827904
Norway,NOR,2021,722545
Norway,NOR,2022,788506
Norway,NOR,2023,1514628
Norway,NOR,2024,1493173
Oceania,OWID_OCE,1750,0
Oceania,OWID_OCE,1751,0
Oceania,OWID_OCE,1752,0
Oceania,OWID_OCE,1753,0
Oceania,OWID_OCE,1754,0
Oceania,OWID_OCE,1755,0
Oceania,OWID_OCE,1756,0
Oceania,OWID_OCE,1757,0
Oceania,OWID_OCE,1758,0
Oceania,OWID_OCE,1759,0
Oceania,OWID_OCE,1760,0
Oceania,OWID_OCE,1761,0
Oceania,OWID_OCE,1762,0
Oceania,OWID_OCE,1763,0
Oceania,OWID_OCE,1764,0
Oceania,OWID_OCE,1765,0
Oceania,OWID_OCE,1766,0
Oceania,OWID_OCE,1767,0
Oceania,OWID_OCE,1768,0
Oceania,OWID_OCE,1769,0
Oceania,OWID_OCE,1770,0
Oceania,OWID_OCE,1771,0
Oceania,OWID_OCE,1772,0
Oceania,OWID_OCE,1773,0
Oceania,OWID_OCE,1774,0
Oceania,OWID_OCE,1775,0
Oceania,OWID_OCE,1776,0
Oceania,OWID_OCE,1777,0
Oceania,OWID_OCE,1778,0
Oceania,OWID_OCE,1779,0
Oceania,OWID_OCE,1780,0
Oceania,OWID_OCE,1781,0
Oceania,OWID_OCE,1782,0
Oceania,OWID_OCE,1783,0
Oceania,OWID_OCE,1784,0
Oceania,OWID_OCE,1785,0
Oceania,OWID_OCE,1786,0
Oceania,OWID_OCE,1787,0
Oceania,OWID_OCE,1788,0
Oceania,OWID_OCE,1789,0
Oceania,OWID_OCE,1790,0
Oceania,OWID_OCE,1791,0
Oceania,OWID_OCE,1792,0
Oceania,OWID_OCE,1793,0
Oceania,OWID_OCE,1794,0
Oceania,OWID_OCE,1795,0
Oceania,OWID_OCE,1796,0
Oceania,OWID_OCE,1797,0
Oceania,OWID_OCE,1798,0
Oceania,OWID_OCE,1799,0
Oceania,OWID_OCE,1800,0
Oceania,OWID_OCE,1801,0
Oceania,OWID_OCE,1802,0
Oceania,OWID_OCE,1803,0
Oceania,OWID_OCE,1804,0
Oceania,OWID_OCE,1805,0
Oceania,OWID_OCE,1806,0
Oceania,OWID_OCE,1807,0
Oceania,OWID_OCE,1808,0
Oceania,OWID_OCE,1809,0
Oceania,OWID_OCE,1810,0
Oceania,OWID_OCE,1811,0
Oceania,OWID_OCE,1812,0
Oceania,OWID_OCE,1813,0
Oceania,OWID_OCE,1814,0
Oceania,OWID_OCE,1815,0
Oceania,OWID_OCE,1816,0
Oceania,OWID_OCE,1817,0
Oceania,OWID_OCE,1818,0
Oceania,OWID_OCE,1819,0
Oceania,OWID_OCE,1820,0
Oceania,OWID_OCE,1821,0
Oceania,OWID_OCE,1822,0
Oceania,OWID_OCE,1823,0
Oceania,OWID_OCE,1824,0
Oceania,OWID_OCE,1825,0
Oceania,OWID_OCE,1826,0
Oceania,OWID_OCE,1827,0
Oceania,OWID_OCE,1828,0
Oceania,OWID_OCE,1829,0
Oceania,OWID_OCE,1830,0
Oceania,OWID_OCE,1831,0
Oceania,OWID_OCE,1832,0
Oceania,OWID_OCE,1833,0
Oceania,OWID_OCE,1834,0
Oceania,OWID_OCE,1835,0
Oceania,OWID_OCE,1836,0
Oceania,OWID_OCE,1837,0
Oceania,OWID_OCE,1838,0
Oceania,OWID_OCE,1839,0
Oceania,OWID_OCE,1840,0
Oceania,OWID_OCE,1841,0
Oceania,OWID_OCE,1842,0
Oceania,OWID_OCE,1843,0
Oceania,OWID_OCE,1844,0
Oceania,OWID_OCE,1845,0
Oceania,OWID_OCE,1846,0
Oceania,OWID_OCE,1847,0
Oceania,OWID_OCE,1848,0
Oceania,OWID_OCE,1849,0
Oceania,OWID_OCE,1850,0
Oceania,OWID_OCE,1851,0
Oceania,OWID_OCE,1852,0
Oceania,OWID_OCE,1853,0
Oceania,OWID_OCE,1854,0
Oceania,OWID_OCE,1855,0
Oceania,OWID_OCE,1856,0
Oceania,OWID_OCE,1857,0
Oceania,OWID_OCE,1858,0
Oceania,OWID_OCE,1859,0
Oceania,OWID_OCE,1860,0
Oceania,OWID_OCE,1861,0
Oceania,OWID_OCE,1862,0
Oceania,OWID_OCE,1863,0
Oceania,OWID_OCE,1864,0
Oceania,OWID_OCE,1970,18320
Oceania,OWID_OCE,1971,25642
Oceania,OWID_OCE,1972,40304
Oceania,OWID_OCE,1973,47622
Oceania,OWID_OCE,1974,54949
Oceania,OWID_OCE,1975,65952
Oceania,OWID_OCE,1976,128240.01
Oceania,OWID_OCE,1977,172177
Oceania,OWID_OCE,1978,87954
Oceania,OWID_OCE,1979,172208
Oceania,OWID_OCE,1980,381136
Oceania,OWID_OCE,1981,76944
Oceania,OWID_OCE,1982,102592
Oceania,OWID_OCE,1983,538608
Oceania,OWID_OCE,1984,337084
Oceania,OWID_OCE,1985,351749
Oceania,OWID_OCE,1986,318768
Oceania,OWID_OCE,1987,256480.02
Oceania,OWID_OCE,1988,348080
Oceania,OWID_OCE,1989,534951
Oceania,OWID_OCE,1990,7632972
Oceania,OWID_OCE,1991,7459030
Oceania,OWID_OCE,1992,7748531
Oceania,OWID_OCE,1993,7562002
Oceania,OWID_OCE,1994,7338990
Oceania,OWID_OCE,1995,7467526
Oceania,OWID_OCE,1996,7340317
Oceania,OWID_OCE,1997,7349596
Oceania,OWID_OCE,1998,8179826
Oceania,OWID_OCE,1999,7806121
Oceania,OWID_OCE,2000,8709739
Oceania,OWID_OCE,2001,8798907
Oceania,OWID_OCE,2002,8660179
Oceania,OWID_OCE,2003,7781852
Oceania,OWID_OCE,2004,7841370
Oceania,OWID_OCE,2005,8341267
Oceania,OWID_OCE,2006,8678027
Oceania,OWID_OCE,2007,8909519
Oceania,OWID_OCE,2008,9395017
Oceania,OWID_OCE,2009,9435316
Oceania,OWID_OCE,2010,9640880
Oceania,OWID_OCE,2011,9337381
Oceania,OWID_OCE,2012,9618524
Oceania,OWID_OCE,2013,9994625
Oceania,OWID_OCE,2014,10976105
Oceania,OWID_OCE,2015,12216003
Oceania,OWID_OCE,2016,13700862
Oceania,OWID_OCE,2017,16023003
Oceania,OWID_OCE,2018,17941098
Oceania,OWID_OCE,2019,21107690
Oceania,OWID_OCE,2020,18090502
Oceania,OWID_OCE,2021,16190846
Oceania,OWID_OCE,2022,18143154
Oceania,OWID_OCE,2023,17164162
Oceania,OWID_OCE,2024,17248552
Oman,OMN,1971,1824672
Oman,OMN,1972,1824672
Oman,OMN,1973,1821510
Oman,OMN,1974,1879632
Oman,OMN,1975,6529248
Oman,OMN,1976,7191935
Oman,OMN,1977,7126480
Oman,OMN,1978,5764425
Oman,OMN,1979,5068569
Oman,OMN,1980,2751664
Oman,OMN,1981,3081424
Oman,OMN,1982,2484192
Oman,OMN,1983,2685712
Oman,OMN,1984,1853984
Oman,OMN,1985,974624
Oman,OMN,1986,1290207
Oman,OMN,1987,1183014
Oman,OMN,1988,1425296
Oman,OMN,1989,1341024
Oman,OMN,1990,1370336
Oman,OMN,1991,1230716
Oman,OMN,1992,1194831
Oman,OMN,1993,1143168
Oman,OMN,1994,3206013
Oman,OMN,1995,3707993
Oman,OMN,1996,3949882
Oman,OMN,1997,4538701
Oman,OMN,1998,3719695
Oman,OMN,1999,4019117.8
Oman,OMN,2000,4219650
Oman,OMN,2001,4500170
Oman,OMN,2002,4670397
Oman,OMN,2003,5508756
Oman,OMN,2004,5215584
Oman,OMN,2005,4899259
Oman,OMN,2006,4238253
Oman,OMN,2007,3799158
Oman,OMN,2008,3788806
Oman,OMN,2009,3554569
Oman,OMN,2010,3321381
Oman,OMN,2011,3647051
Oman,OMN,2012,3972721
Oman,OMN,2013,4427877
Oman,OMN,2014,4875842
Oman,OMN,2015,4574206
Oman,OMN,2016,4556237
Oman,OMN,2017,4889910
Oman,OMN,2018,4503726
Oman,OMN,2019,4946599
Oman,OMN,2020,4731549
Oman,OMN,2021,4652527
Oman,OMN,2022,3894876
Oman,OMN,2023,3552209
Oman,OMN,2024,3824691
Pakistan,PAK,1946,0
Pakistan,PAK,1947,0
Pakistan,PAK,1948,0
Pakistan,PAK,1949,0
Pakistan,PAK,1950,0
Pakistan,PAK,1951,0
Pakistan,PAK,1952,0
Pakistan,PAK,1953,0
Pakistan,PAK,1954,0
Pakistan,PAK,1955,0
Pakistan,PAK,1956,0
Pakistan,PAK,1957,0
Pakistan,PAK,1958,0
Pakistan,PAK,1959,0
Pakistan,PAK,1960,0
Pakistan,PAK,1961,0
Pakistan,PAK,1962,0
Pakistan,PAK,1963,0
Pakistan,PAK,1964,0
Pakistan,PAK,1965,0
Pakistan,PAK,1966,0
Pakistan,PAK,1967,0
Pakistan,PAK,1968,0
Pakistan,PAK,1969,0
Pakistan,PAK,1970,1036955
Pakistan,PAK,1971,1034190.06
Pakistan,PAK,1972,410368
Pakistan,PAK,1973,498213
Pakistan,PAK,1974,615552
Pakistan,PAK,1975,615552
Pakistan,PAK,1976,721808
Pakistan,PAK,1977,721808
Pakistan,PAK,1978,941648
Pakistan,PAK,1979,1095536
Pakistan,PAK,1980,1432624
Pakistan,PAK,1981,1439952
Pakistan,PAK,1982,1216567
Pakistan,PAK,1983,1612160
Pakistan,PAK,1984,1564662
Pakistan,PAK,1985,1414304
Pakistan,PAK,1986,1388656
Pakistan,PAK,1987,1817344
Pakistan,PAK,1988,1974772
Pakistan,PAK,1994,0
Pakistan,PAK,1995,0
Pakistan,PAK,1996,0
Pakistan,PAK,1997,0
Pakistan,PAK,1998,0
Pakistan,PAK,1999,0
Pakistan,PAK,2000,0
Pakistan,PAK,2001,0
Pakistan,PAK,2002,0
Pakistan,PAK,2003,0
Pakistan,PAK,2004,0
Pakistan,PAK,2005,0
Pakistan,PAK,2006,0
Pakistan,PAK,2007,0
Pakistan,PAK,2008,0
Pakistan,PAK,2009,0
Pakistan,PAK,2010,0
Pakistan,PAK,2011,0
Pakistan,PAK,2012,1001865
Pakistan,PAK,2013,1140808
Pakistan,PAK,2014,863904
Pakistan,PAK,2015,896256
Pakistan,PAK,2016,815459
Pakistan,PAK,2017,681787
Pakistan,PAK,2018,574852
Pakistan,PAK,2019,462654
Pakistan,PAK,2020,453972
Pakistan,PAK,2021,441776
Pakistan,PAK,2022,451714
Pakistan,PAK,2023,426989
Pakistan,PAK,2024,467744
Palau,PLW,1994,0
Palau,PLW,1995,0
Palau,PLW,1996,0
Palau,PLW,1997,0
Palau,PLW,1998,0
Palau,PLW,1999,0
Palau,PLW,2000,0
Palau,PLW,2001,0
Palau,PLW,2002,0
Palau,PLW,2003,0
Palau,PLW,2004,0
Palau,PLW,2005,0
Palau,PLW,2006,0
Palau,PLW,2007,0
Palau,PLW,2008,0
Palau,PLW,2009,0
Palau,PLW,2010,0
Palau,PLW,2011,0
Palau,PLW,2012,0
Palau,PLW,2013,0
Palau,PLW,2014,0
Palau,PLW,2015,0
Palau,PLW,2016,0
Palau,PLW,2017,0
Palau,PLW,2018,0
Palau,PLW,2019,0
Palau,PLW,2020,0
Palau,PLW,2021,0
Palau,PLW,2022,0
Palau,PLW,2023,0
Palau,PLW,2024,0
Palestine,PSE,1994,0
Palestine,PSE,1995,0
Palestine,PSE,1996,0
Palestine,PSE,1997,0
Palestine,PSE,1998,0
Palestine,PSE,1999,0
Palestine,PSE,2000,0
Palestine,PSE,2001,0
Palestine,PSE,2002,0
Palestine,PSE,2003,0
Palestine,PSE,2004,0
Palestine,PSE,2005,0
Palestine,PSE,2006,0
Palestine,PSE,2007,0
Palestine,PSE,2008,0
Palestine,PSE,2009,0
Palestine,PSE,2010,0
Palestine,PSE,2011,0
Palestine,PSE,2012,0
Palestine,PSE,2013,0
Palestine,PSE,2014,0
Palestine,PSE,2015,0
Palestine,PSE,2016,0
Palestine,PSE,2017,0
Palestine,PSE,2018,0
Palestine,PSE,2019,0
Palestine,PSE,2020,0
Palestine,PSE,2021,0
Palestine,PSE,2022,0
Palestine,PSE,2023,0
Palestine,PSE,2024,0
Panama,PAN,1994,0
Panama,PAN,1995,0
Panama,PAN,1996,0
Panama,PAN,1997,0
Panama,PAN,1998,0
Panama,PAN,1999,0
Panama,PAN,2000,0
Panama,PAN,2001,0
Panama,PAN,2002,0
Panama,PAN,2003,0
Panama,PAN,2004,0
Panama,PAN,2005,0
Panama,PAN,2006,0
Panama,PAN,2007,0
Panama,PAN,2008,0
Panama,PAN,2009,0
Panama,PAN,2010,0
Panama,PAN,2011,0
Panama,PAN,2012,0
Panama,PAN,2013,0
Panama,PAN,2014,0
Panama,PAN,2015,0
Panama,PAN,2016,0
Panama,PAN,2017,0
Panama,PAN,2018,0
Panama,PAN,2019,0
Panama,PAN,2020,0
Panama,PAN,2021,0
Panama,PAN,2022,0
Panama,PAN,2023,0
Panama,PAN,2024,0
Papua New Guinea,PNG,1994,5851
Papua New Guinea,PNG,1995,0
Papua New Guinea,PNG,1996,2650
Papua New Guinea,PNG,1997,39006
Papua New Guinea,PNG,1998,670957
Papua New Guinea,PNG,1999,108267
Papua New Guinea,PNG,2000,274169
Papua New Guinea,PNG,2001,129971
Papua New Guinea,PNG,2002,177978
Papua New Guinea,PNG,2003,114643
Papua New Guinea,PNG,2004,209684
Papua New Guinea,PNG,2005,598021
Papua New Guinea,PNG,2006,745744
Papua New Guinea,PNG,2007,465875
Papua New Guinea,PNG,2008,752070
Papua New Guinea,PNG,2009,175328
Papua New Guinea,PNG,2010,54109
Papua New Guinea,PNG,2011,73501
Papua New Guinea,PNG,2012,92893
Papua New Guinea,PNG,2013,98518
Papua New Guinea,PNG,2014,548282
Papua New Guinea,PNG,2015,138627
Papua New Guinea,PNG,2016,176190
Papua New Guinea,PNG,2017,94267
Papua New Guinea,PNG,2018,88290
Papua New Guinea,PNG,2019,64145.996
Papua New Guinea,PNG,2020,102732
Papua New Guinea,PNG,2021,123725
Papua New Guinea,PNG,2022,159546
Papua New Guinea,PNG,2023,128121
Papua New Guinea,PNG,2024,17183
Paraguay,PRY,1994,0
Paraguay,PRY,1995,0
Paraguay,PRY,1996,0
Paraguay,PRY,1997,0
Paraguay,PRY,1998,0
Paraguay,PRY,1999,0
Paraguay,PRY,2000,0
Paraguay,PRY,2001,0
Paraguay,PRY,2002,0
Paraguay,PRY,2003,0
Paraguay,PRY,2004,0
Paraguay,PRY,2005,0
Paraguay,PRY,2006,0
Paraguay,PRY,2007,0
Paraguay,PRY,2008,0
Paraguay,PRY,2009,0
Paraguay,PRY,2010,0
Paraguay,PRY,2011,0
Paraguay,PRY,2012,0
Paraguay,PRY,2013,0
Paraguay,PRY,2014,0
Paraguay,PRY,2015,0
Paraguay,PRY,2016,0
Paraguay,PRY,2017,0
Paraguay,PRY,2018,0
Paraguay,PRY,2019,0
Paraguay,PRY,2020,0
Paraguay,PRY,2021,0
Paraguay,PRY,2022,0
Paraguay,PRY,2023,0
Paraguay,PRY,2024,0
Peru,PER,1970,1612492
Peru,PER,1971,1278736
Peru,PER,1972,1311712
Peru,PER,1973,1436288
Peru,PER,1974,1689394
Peru,PER,1975,1187136
Peru,PER,1976,1370336
Peru,PER,1977,1461706
Peru,PER,1978,1231305
Peru,PER,1979,1058896
Peru,PER,1980,773104
Peru,PER,1981,575160
Peru,PER,1982,399376
Peru,PER,1983,465411
Peru,PER,1984,355408
Peru,PER,1985,333361
Peru,PER,1986,377392
Peru,PER,1987,494570
Peru,PER,1988,439616
Peru,PER,1989,454336
Peru,PER,1990,381056
Peru,PER,1991,344355
Peru,PER,1994,417667
Peru,PER,1995,474426
Peru,PER,1996,492729
Peru,PER,1997,461974
Peru,PER,1998,453298
Peru,PER,1999,388787
Peru,PER,2000,365583
Peru,PER,2001,318176
Peru,PER,2002,305399
Peru,PER,2003,352456
Peru,PER,2004,271643
Peru,PER,2005,228237
Peru,PER,2006,161251
Peru,PER,2007,124220
Peru,PER,2008,116219
Peru,PER,2009,75112
Peru,PER,2010,93915
Peru,PER,2011,166613
Peru,PER,2012,239312
Peru,PER,2013,258157.02
Peru,PER,2014,368675
Peru,PER,2015,424850
Peru,PER,2016,229680
Peru,PER,2017,176925
Peru,PER,2018,180777
Peru,PER,2019,111975
Peru,PER,2020,155776
Peru,PER,2021,121278
Peru,PER,2022,147939
Peru,PER,2023,127066
Peru,PER,2024,213436
Philippines,PHL,1994,35756
Philippines,PHL,1995,14252
Philippines,PHL,1996,10002
Philippines,PHL,1997,7626
Philippines,PHL,1998,11102
Philippines,PHL,1999,11827
Philippines,PHL,2000,9051
Philippines,PHL,2001,22054
Philippines,PHL,2002,110468
Philippines,PHL,2003,71686
Philippines,PHL,2004,34556
Philippines,PHL,2005,31005
Philippines,PHL,2006,30080
Philippines,PHL,2007,32930
Philippines,PHL,2008,30105
Philippines,PHL,2009,118319
Philippines,PHL,2010,110668
Philippines,PHL,2011,165509
Philippines,PHL,2012,220351
Philippines,PHL,2013,241770
Philippines,PHL,2014,299687
Philippines,PHL,2015,303389
Philippines,PHL,2016,320696
Philippines,PHL,2017,248277
Philippines,PHL,2018,205494
Philippines,PHL,2019,157972
Philippines,PHL,2020,149120
Philippines,PHL,2021,162886
Philippines,PHL,2022,135280
Philippines,PHL,2023,117818
Philippines,PHL,2024,110149
Poland,POL,1990,4235478
Poland,POL,1991,2832214
Poland,POL,1992,2830328
Poland,POL,1993,2689523
Poland,POL,1994,1725153
Poland,POL,1995,2914072
Poland,POL,1996,2497648
Poland,POL,1997,3203021
Poland,POL,1998,2708526
Poland,POL,1999,3532630
Poland,POL,2000,3382787
Poland,POL,2001,2871117
Poland,POL,2002,3012316
Poland,POL,2003,3564540
Poland,POL,2004,2713700
Poland,POL,2005,3387098
Poland,POL,2006,3975612
Poland,POL,2007,3610941
Poland,POL,2008,3575500
Poland,POL,2009,2872266
Poland,POL,2010,3488797
Poland,POL,2011,4021526.8
Poland,POL,2012,4211888
Poland,POL,2013,4801655
Poland,POL,2014,4702019
Poland,POL,2015,4746858
Poland,POL,2016,4553509
Poland,POL,2017,4663026
Poland,POL,2018,4835440
Poland,POL,2019,4343708
Poland,POL,2020,4225053
Poland,POL,2021,4283107
Poland,POL,2022,4055685
Poland,POL,2023,3570942
Poland,POL,2024,3570942
Portugal,PRT,1990,56586
Portugal,PRT,1991,60494
Portugal,PRT,1992,68145
Portugal,PRT,1993,84578
Portugal,PRT,1994,279478
Portugal,PRT,1995,417386
Portugal,PRT,1996,367423
Portugal,PRT,1997,469798
Portugal,PRT,1998,441168
Portugal,PRT,1999,384496
Portugal,PRT,2000,346334
Portugal,PRT,2001,428260
Portugal,PRT,2002,418853
Portugal,PRT,2003,467181
Portugal,PRT,2004,482425
Portugal,PRT,2005,563221
Portugal,PRT,2006,535567
Portugal,PRT,2007,553991
Portugal,PRT,2008,503987
Portugal,PRT,2009,468925
Portugal,PRT,2010,565696
Portugal,PRT,2011,522818.03
Portugal,PRT,2012,607053
Portugal,PRT,2013,1183616
Portugal,PRT,2014,1015641
Portugal,PRT,2015,1139333
Portugal,PRT,2016,1065740
Portugal,PRT,2017,1144148
Portugal,PRT,2018,1047842
Portugal,PRT,2019,1133222
Portugal,PRT,2020,1012769
Portugal,PRT,2021,944820
Portugal,PRT,2022,1174634
Portugal,PRT,2023,1023553.94
Portugal,PRT,2024,1023553.94
Qatar,QAT,1963,5770800
Qatar,QAT,1964,5964814
Qatar,QAT,1965,5964804
Qatar,QAT,1966,5961328
Qatar,QAT,1967,6250784
Qatar,QAT,1968,5847744
Qatar,QAT,1969,5206544
Qatar,QAT,1970,5210208
Qatar,QAT,1971,6749088
Qatar,QAT,1972,8225680.5
Qatar,QAT,1973,8910848
Qatar,QAT,1974,7408608
Qatar,QAT,1975,6210480
Qatar,QAT,1976,6260323
Qatar,QAT,1977,5158912
Qatar,QAT,1978,6088024
Qatar,QAT,1979,4452897
Qatar,QAT,1980,2741439
Qatar,QAT,1981,952640
Qatar,QAT,1982,926717
Qatar,QAT,1983,168544
Qatar,QAT,1984,1732557
Qatar,QAT,1985,1337360
Qatar,QAT,1986,0
Qatar,QAT,1987,0
Qatar,QAT,1988,0
Qatar,QAT,1989,0
Qatar,QAT,1994,2039076.1
Qatar,QAT,1995,1838894
Qatar,QAT,1996,2755341
Qatar,QAT,1997,5393113
Qatar,QAT,1998,5165951
Qatar,QAT,1999,5492454
Qatar,QAT,2000,6302783
Qatar,QAT,2001,5179104
Qatar,QAT,2002,4939315
Qatar,QAT,2003,5789751
Qatar,QAT,2004,5184254
Qatar,QAT,2005,4360848
Qatar,QAT,2006,4318091
Qatar,QAT,2007,4561105
Qatar,QAT,2008,4297938
Qatar,QAT,2009,4105357.2
Qatar,QAT,2010,3468955
Qatar,QAT,2011,2919203
Qatar,QAT,2012,2369452
Qatar,QAT,2013,1536656
Qatar,QAT,2014,1990122
Qatar,QAT,2015,1954411
Qatar,QAT,2016,1667109
Qatar,QAT,2017,1875876
Qatar,QAT,2018,1827469
Qatar,QAT,2019,1600189
Qatar,QAT,2020,1797076
Qatar,QAT,2021,1793412
Qatar,QAT,2022,1856423
Qatar,QAT,2023,2165971
Qatar,QAT,2024,1744753
Romania,ROU,1990,1176617
Romania,ROU,1991,1008452.06
Romania,ROU,1992,1034374
Romania,ROU,1993,1048235.06
Romania,ROU,1994,1053078
Romania,ROU,1995,1084473
Romania,ROU,1996,1080100
Romania,ROU,1997,1077643
Romania,ROU,1998,1462195
Romania,ROU,1999,1308868
Romania,ROU,2000,953984
Romania,ROU,2001,552019
Romania,ROU,2002,731121
Romania,ROU,2003,909408
Romania,ROU,2004,899115
Romania,ROU,2005,1151260
Romania,ROU,2006,1452690
Romania,ROU,2007,1260400
Romania,ROU,2008,1384760
Romania,ROU,2009,1076900
Romania,ROU,2010,1159374
Romania,ROU,2011,879835
Romania,ROU,2012,838537
Romania,ROU,2013,840727
Romania,ROU,2014,824542
Romania,ROU,2015,784915
Romania,ROU,2016,835269
Romania,ROU,2017,776168
Romania,ROU,2018,860994
Romania,ROU,2019,862138
Romania,ROU,2020,794366
Romania,ROU,2021,753028
Romania,ROU,2022,807693
Romania,ROU,2023,795922
Romania,ROU,2024,795922
Russia,RUS,1830,0
Russia,RUS,1831,0
Russia,RUS,1832,0
Russia,RUS,1833,0
Russia,RUS,1850,0
Russia,RUS,1855,0
Russia,RUS,1858,0
Russia,RUS,1859,0
Russia,RUS,1860,0
Russia,RUS,1861,0
Russia,RUS,1862,0
Russia,RUS,1863,0
Russia,RUS,1864,0
Russia,RUS,1865,0
Russia,RUS,1866,0
Russia,RUS,1867,0
Russia,RUS,1868,0
Russia,RUS,1869,0
Russia,RUS,1870,0
Russia,RUS,1871,0
Russia,RUS,1872,0
Russia,RUS,1873,0
Russia,RUS,1874,0
Russia,RUS,1875,0
Russia,RUS,1876,0
Russia,RUS,1877,0
Russia,RUS,1878,0
Russia,RUS,1879,0
Russia,RUS,1880,0
Russia,RUS,1881,0
Russia,RUS,1882,0
Russia,RUS,1883,0
Russia,RUS,1884,0
Russia,RUS,1885,0
Russia,RUS,1886,0
Russia,RUS,1887,0
Russia,RUS,1888,0
Russia,RUS,1889,0
Russia,RUS,1890,0
Russia,RUS,1891,0
Russia,RUS,1892,0
Russia,RUS,1893,0
Russia,RUS,1894,0
Russia,RUS,1895,0
Russia,RUS,1896,0
Russia,RUS,1897,0
Russia,RUS,1898,0
Russia,RUS,1899,0
Russia,RUS,1900,0
Russia,RUS,1901,0
Russia,RUS,1902,0
Russia,RUS,1903,0
Russia,RUS,1904,0
Russia,RUS,1905,0
Russia,RUS,1906,0
Russia,RUS,1907,0
Russia,RUS,1908,0
Russia,RUS,1909,0
Russia,RUS,1910,0
Russia,RUS,1911,0
Russia,RUS,1912,0
Russia,RUS,1913,0
Russia,RUS,1914,0
Russia,RUS,1915,0
Russia,RUS,1916,0
Russia,RUS,1917,0
Russia,RUS,1918,0
Russia,RUS,1919,0
Russia,RUS,1920,0
Russia,RUS,1921,0
Russia,RUS,1922,0
Russia,RUS,1923,0
Russia,RUS,1924,0
Russia,RUS,1925,0
Russia,RUS,1926,0
Russia,RUS,1927,0
Russia,RUS,1928,0
Russia,RUS,1929,0
Russia,RUS,1930,0
Russia,RUS,1931,0
Russia,RUS,1932,0
Russia,RUS,1933,0
Russia,RUS,1934,0
Russia,RUS,1935,0
Russia,RUS,1936,0
Russia,RUS,1937,0
Russia,RUS,1938,0
Russia,RUS,1939,0
Russia,RUS,1940,0
Russia,RUS,1941,0
Russia,RUS,1942,0
Russia,RUS,1943,0
Russia,RUS,1944,0
Russia,RUS,1945,0
Russia,RUS,1946,0
Russia,RUS,1947,0
Russia,RUS,1948,0
Russia,RUS,1949,0
Russia,RUS,1950,0
Russia,RUS,1951,0
Russia,RUS,1952,0
Russia,RUS,1953,0
Russia,RUS,1954,0
Russia,RUS,1955,0
Russia,RUS,1956,0
Russia,RUS,1957,0
Russia,RUS,1958,0
Russia,RUS,1959,0
Russia,RUS,1960,0
Russia,RUS,1961,0
Russia,RUS,1962,0
Russia,RUS,1963,0
Russia,RUS,1964,0
Russia,RUS,1965,0
Russia,RUS,1966,0
Russia,RUS,1967,0
Russia,RUS,1968,0
Russia,RUS,1969,0
Russia,RUS,1970,0
Russia,RUS,1971,13181247
Russia,RUS,1972,12603708
Russia,RUS,1973,14984478
Russia,RUS,1974,16439692
Russia,RUS,1975,18250698
Russia,RUS,1976,20252924
Russia,RUS,1977,21857226
Russia,RUS,1978,23482880
Russia,RUS,1979,12727426
Russia,RUS,1980,12769505
Russia,RUS,1981,12672985
Russia,RUS,1982,12607484
Russia,RUS,1983,12397678
Russia,RUS,1984,12209526
Russia,RUS,1985,13020442
Russia,RUS,1986,11393434
Russia,RUS,1987,10449638
Russia,RUS,1988,22981758
Russia,RUS,1989,22410226
Russia,RUS,1990,34830108
Russia,RUS,1991,35282532
Russia,RUS,1992,29047738
Russia,RUS,1993,23689626
Russia,RUS,1994,20281772
Russia,RUS,1995,21563624
Russia,RUS,1996,21757648
Russia,RUS,1997,23353446
Russia,RUS,1998,23419102
Russia,RUS,1999,25201488
Russia,RUS,2000,25300802
Russia,RUS,2001,25865414
Russia,RUS,2002,36360790
Russia,RUS,2003,36130880
Russia,RUS,2004,41243970
Russia,RUS,2005,43153944
Russia,RUS,2006,43817810
Russia,RUS,2007,52501440
Russia,RUS,2008,38283170
Russia,RUS,2009,39698544
Russia,RUS,2010,49469810
Russia,RUS,2011,53209564
Russia,RUS,2012,54515412
Russia,RUS,2013,50437452
Russia,RUS,2014,39980844
Russia,RUS,2015,34493424
Russia,RUS,2016,37689350
Russia,RUS,2017,43536990
Russia,RUS,2018,51135940
Russia,RUS,2019,64373050
Russia,RUS,2020,60715756
Russia,RUS,2021,61997410
Russia,RUS,2022,64037324
Russia,RUS,2023,67359300
Russia,RUS,2024,67359300
Rwanda,RWA,1950,0
Rwanda,RWA,1951,0
Rwanda,RWA,1952,0
Rwanda,RWA,1953,0
Rwanda,RWA,1954,0
Rwanda,RWA,1955,0
Rwanda,RWA,1956,0
Rwanda,RWA,1957,0
Rwanda,RWA,1958,0
Rwanda,RWA,1959,0
Rwanda,RWA,1960,0
Rwanda,RWA,1961,0
Rwanda,RWA,1984,0
Rwanda,RWA,1985,0
Rwanda,RWA,1986,0
Rwanda,RWA,1987,0
Rwanda,RWA,1988,0
Rwanda,RWA,1989,0
Rwanda,RWA,1990,0
Rwanda,RWA,1991,0
Rwanda,RWA,1992,3664
Rwanda,RWA,1993,3664
Rwanda,RWA,1994,3664
Rwanda,RWA,1995,3664
Rwanda,RWA,1996,3664
Rwanda,RWA,1997,3664
Rwanda,RWA,1998,0
Rwanda,RWA,1999,0
Rwanda,RWA,2000,0
Rwanda,RWA,2001,0
Rwanda,RWA,2002,0
Rwanda,RWA,2003,0
Rwanda,RWA,2004,0
Rwanda,RWA,2005,0
Rwanda,RWA,2006,0
Rwanda,RWA,2007,0
Rwanda,RWA,2008,0
Rwanda,RWA,2009,0
Rwanda,RWA,2010,0
Rwanda,RWA,2011,0
Rwanda,RWA,2012,0
Rwanda,RWA,2013,0
Rwanda,RWA,2014,0
Rwanda,RWA,2015,0
Rwanda,RWA,2016,0
Rwanda,RWA,2017,0
Rwanda,RWA,2018,0
Rwanda,RWA,2019,0
Rwanda,RWA,2020,0
Rwanda,RWA,2021,0
Rwanda,RWA,2022,0
Rwanda,RWA,2023,0
Rwanda,RWA,2024,0
Ryukyu Islands (GCP),,1994,0
Ryukyu Islands (GCP),,1995,0
Ryukyu Islands (GCP),,1996,0
Ryukyu Islands (GCP),,1997,0
Ryukyu Islands (GCP),,1998,0
Ryukyu Islands (GCP),,1999,0
Ryukyu Islands (GCP),,2000,0
Ryukyu Islands (GCP),,2001,0
Ryukyu Islands (GCP),,2002,0
Ryukyu Islands (GCP),,2003,0
Ryukyu Islands (GCP),,2004,0
Ryukyu Islands (GCP),,2005,0
Ryukyu Islands (GCP),,2006,0
Ryukyu Islands (GCP),,2007,0
Ryukyu Islands (GCP),,2008,0
Ryukyu Islands (GCP),,2009,0
Ryukyu Islands (GCP),,2010,0
Ryukyu Islands (GCP),,2011,0
Ryukyu Islands (GCP),,2012,0
Ryukyu Islands (GCP),,2013,0
Ryukyu Islands (GCP),,2014,0
Ryukyu Islands (GCP),,2015,0
Ryukyu Islands (GCP),,2016,0
Ryukyu Islands (GCP),,2017,0
Ryukyu Islands (GCP),,2018,0
Ryukyu Islands (GCP),,2019,0
Ryukyu Islands (GCP),,2020,0
Ryukyu Islands (GCP),,2021,0
Ryukyu Islands (GCP),,2022,0
Ryukyu Islands (GCP),,2023,0
Ryukyu Islands (GCP),,2024,0
Saint Helena,SHN,1994,0
Saint Helena,SHN,1995,0
Saint Helena,SHN,1996,0
Saint Helena,SHN,1997,0
Saint Helena,SHN,1998,0
Saint Helena,SHN,1999,0
Saint Helena,SHN,2000,0
Saint Helena,SHN,2001,0
Saint Helena,SHN,2002,0
Saint Helena,SHN,2003,0
Saint Helena,SHN,2004,0
Saint Helena,SHN,2005,0
Saint Helena,SHN,2006,0
Saint Helena,SHN,2007,0
Saint Helena,SHN,2008,0
Saint Helena,SHN,2009,0
Saint Helena,SHN,2010,0
Saint Helena,SHN,2011,0
Saint Helena,SHN,2012,0
Saint Helena,SHN,2013,0
Saint Helena,SHN,2014,0
Saint Helena,SHN,2015,0
Saint Helena,SHN,2016,0
Saint Helena,SHN,2017,0
Saint Helena,SHN,2018,0
Saint Helena,SHN,2019,0
Saint Helena,SHN,2020,0
Saint Helena,SHN,2021,0
Saint Helena,SHN,2022,0
Saint Helena,SHN,2023,0
Saint Helena,SHN,2024,0
Saint Kitts and Nevis,KNA,1950,0
Saint Kitts and Nevis,KNA,1951,0
Saint Kitts and Nevis,KNA,1952,0
Saint Kitts and Nevis,KNA,1953,0
Saint Kitts and Nevis,KNA,1954,0
Saint Kitts and Nevis,KNA,1955,0
Saint Kitts and Nevis,KNA,1956,0
Saint Kitts and Nevis,KNA,1957,0
Saint Kitts and Nevis,KNA,1958,0
Saint Kitts and Nevis,KNA,1959,0
Saint Kitts and Nevis,KNA,1960,0
Saint Kitts and Nevis,KNA,1961,0
Saint Kitts and Nevis,KNA,1962,0
Saint Kitts and Nevis,KNA,1963,0
Saint Kitts and Nevis,KNA,1964,0
Saint Kitts and Nevis,KNA,1965,0
Saint Kitts and Nevis,KNA,1966,0
Saint Kitts and Nevis,KNA,1967,0
Saint Kitts and Nevis,KNA,1968,0
Saint Kitts and Nevis,KNA,1969,0
Saint Kitts and Nevis,KNA,1970,0
Saint Kitts and Nevis,KNA,1971,0
Saint Kitts and Nevis,KNA,1972,0
Saint Kitts and Nevis,KNA,1973,0
Saint Kitts and Nevis,KNA,1974,0
Saint Kitts and Nevis,KNA,1975,0
Saint Kitts and Nevis,KNA,1976,0
Saint Kitts and Nevis,KNA,1977,0
Saint Kitts and Nevis,KNA,1978,0
Saint Kitts and Nevis,KNA,1979,0
Saint Kitts and Nevis,KNA,1980,0
Saint Kitts and Nevis,KNA,1994,0
Saint Kitts and Nevis,KNA,1995,0
Saint Kitts and Nevis,KNA,1996,0
Saint Kitts and Nevis,KNA,1997,0
Saint Kitts and Nevis,KNA,1998,0
Saint Kitts and Nevis,KNA,1999,0
Saint Kitts and Nevis,KNA,2000,0
Saint Kitts and Nevis,KNA,2001,0
Saint Kitts and Nevis,KNA,2002,0
Saint Kitts and Nevis,KNA,2003,0
Saint Kitts and Nevis,KNA,2004,0
Saint Kitts and Nevis,KNA,2005,0
Saint Kitts and Nevis,KNA,2006,0
Saint Kitts and Nevis,KNA,2007,0
Saint Kitts and Nevis,KNA,2008,0
Saint Kitts and Nevis,KNA,2009,0
Saint Kitts and Nevis,KNA,2010,0
Saint Kitts and Nevis,KNA,2011,0
Saint Kitts and Nevis,KNA,2012,0
Saint Kitts and Nevis,KNA,2013,0
Saint Kitts and Nevis,KNA,2014,0
Saint Kitts and Nevis,KNA,2015,0
Saint Kitts and Nevis,KNA,2016,0
Saint Kitts and Nevis,KNA,2017,0
Saint Kitts and Nevis,KNA,2018,0
Saint Kitts and Nevis,KNA,2019,0
Saint Kitts and Nevis,KNA,2020,0
Saint Kitts and Nevis,KNA,2021,0
Saint Kitts and Nevis,KNA,2022,0
Saint Kitts and Nevis,KNA,2023,0
Saint Kitts and Nevis,KNA,2024,0
Saint Lucia,LCA,1994,0
Saint Lucia,LCA,1995,0
Saint Lucia,LCA,1996,0
Saint Lucia,LCA,1997,0
Saint Lucia,LCA,1998,0
Saint Lucia,LCA,1999,0
Saint Lucia,LCA,2000,0
Saint Lucia,LCA,2001,0
Saint Lucia,LCA,2002,0
Saint Lucia,LCA,2003,0
Saint Lucia,LCA,2004,0
Saint Lucia,LCA,2005,0
Saint Lucia,LCA,2006,0
Saint Lucia,LCA,2007,0
Saint Lucia,LCA,2008,0
Saint Lucia,LCA,2009,0
Saint Lucia,LCA,2010,0
Saint Lucia,LCA,2011,0
Saint Lucia,LCA,2012,0
Saint Lucia,LCA,2013,0
Saint Lucia,LCA,2014,0
Saint Lucia,LCA,2015,0
Saint Lucia,LCA,2016,0
Saint Lucia,LCA,2017,0
Saint Lucia,LCA,2018,0
Saint Lucia,LCA,2019,0
Saint Lucia,LCA,2020,0
Saint Lucia,LCA,2021,0
Saint Lucia,LCA,2022,0
Saint Lucia,LCA,2023,0
Saint Lucia,LCA,2024,0
Saint Pierre and Miquelon,SPM,1994,0
Saint Pierre and Miquelon,SPM,1995,0
Saint Pierre and Miquelon,SPM,1996,0
Saint Pierre and Miquelon,SPM,1997,0
Saint Pierre and Miquelon,SPM,1998,0
Saint Pierre and Miquelon,SPM,1999,0
Saint Pierre and Miquelon,SPM,2000,0
Saint Pierre and Miquelon,SPM,2001,0
Saint Pierre and Miquelon,SPM,2002,0
Saint Pierre and Miquelon,SPM,2003,0
Saint Pierre and Miquelon,SPM,2004,0
Saint Pierre and Miquelon,SPM,2005,0
Saint Pierre and Miquelon,SPM,2006,0
Saint Pierre and Miquelon,SPM,2007,0
Saint Pierre and Miquelon,SPM,2008,0
Saint Pierre and Miquelon,SPM,2009,0
Saint Pierre and Miquelon,SPM,2010,0
Saint Pierre and Miquelon,SPM,2011,0
Saint Pierre and Miquelon,SPM,2012,0
Saint Pierre and Miquelon,SPM,2013,0
Saint Pierre and Miquelon,SPM,2014,0
Saint Pierre and Miquelon,SPM,2015,0
Saint Pierre and Miquelon,SPM,2016,0
Saint Pierre and Miquelon,SPM,2017,0
Saint Pierre and Miquelon,SPM,2018,0
Saint Pierre and Miquelon,SPM,2019,0
Saint Pierre and Miquelon,SPM,2020,0
Saint Pierre and Miquelon,SPM,2021,0
Saint Pierre and Miquelon,SPM,2022,0
Saint Pierre and Miquelon,SPM,2023,0
Saint Pierre and Miquelon,SPM,2024,0
Saint Vincent and the Grenadines,VCT,1994,0
Saint Vincent and the Grenadines,VCT,1995,0
Saint Vincent and the Grenadines,VCT,1996,0
Saint Vincent and the Grenadines,VCT,1997,0
Saint Vincent and the Grenadines,VCT,1998,0
Saint Vincent and the Grenadines,VCT,1999,0
Saint Vincent and the Grenadines,VCT,2000,0
Saint Vincent and the Grenadines,VCT,2001,0
Saint Vincent and the Grenadines,VCT,2002,0
Saint Vincent and the Grenadines,VCT,2003,0
Saint Vincent and the Grenadines,VCT,2004,0
Saint Vincent and the Grenadines,VCT,2005,0
Saint Vincent and the Grenadines,VCT,2006,0
Saint Vincent and the Grenadines,VCT,2007,0
Saint Vincent and the Grenadines,VCT,2008,0
Saint Vincent and the Grenadines,VCT,2009,0
Saint Vincent and the Grenadines,VCT,2010,0
Saint Vincent and the Grenadines,VCT,2011,0
Saint Vincent and the Grenadines,VCT,2012,0
Saint Vincent and the Grenadines,VCT,2013,0
Saint Vincent and the Grenadines,VCT,2014,0
Saint Vincent and the Grenadines,VCT,2015,0
Saint Vincent and the Grenadines,VCT,2016,0
Saint Vincent and the Grenadines,VCT,2017,0
Saint Vincent and the Grenadines,VCT,2018,0
Saint Vincent and the Grenadines,VCT,2019,0
Saint Vincent and the Grenadines,VCT,2020,0
Saint Vincent and the Grenadines,VCT,2021,0
Saint Vincent and the Grenadines,VCT,2022,0
Saint Vincent and the Grenadines,VCT,2023,0
Saint Vincent and the Grenadines,VCT,2024,0
Samoa,WSM,1994,0
Samoa,WSM,1995,0
Samoa,WSM,1996,0
Samoa,WSM,1997,0
Samoa,WSM,1998,0
Samoa,WSM,1999,0
Samoa,WSM,2000,0
Samoa,WSM,2001,0
Samoa,WSM,2002,0
Samoa,WSM,2003,0
Samoa,WSM,2004,0
Samoa,WSM,2005,0
Samoa,WSM,2006,0
Samoa,WSM,2007,0
Samoa,WSM,2008,0
Samoa,WSM,2009,0
Samoa,WSM,2010,0
Samoa,WSM,2011,0
Samoa,WSM,2012,0
Samoa,WSM,2013,0
Samoa,WSM,2014,0
Samoa,WSM,2015,0
Samoa,WSM,2016,0
Samoa,WSM,2017,0
Samoa,WSM,2018,0
Samoa,WSM,2019,0
Samoa,WSM,2020,0
Samoa,WSM,2021,0
Samoa,WSM,2022,0
Samoa,WSM,2023,0
Samoa,WSM,2024,0
Sao Tome and Principe,STP,1994,0
Sao Tome and Principe,STP,1995,0
Sao Tome and Principe,STP,1996,0
Sao Tome and Principe,STP,1997,0
Sao Tome and Principe,STP,1998,0
Sao Tome and Principe,STP,1999,0
Sao Tome and Principe,STP,2000,0
Sao Tome and Principe,STP,2001,0
Sao Tome and Principe,STP,2002,0
Sao Tome and Principe,STP,2003,0
Sao Tome and Principe,STP,2004,0
Sao Tome and Principe,STP,2005,0
Sao Tome and Principe,STP,2006,0
Sao Tome and Principe,STP,2007,0
Sao Tome and Principe,STP,2008,0
Sao Tome and Principe,STP,2009,0
Sao Tome and Principe,STP,2010,0
Sao Tome and Principe,STP,2011,0
Sao Tome and Principe,STP,2012,0
Sao Tome and Principe,STP,2013,0
Sao Tome and Principe,STP,2014,0
Sao Tome and Principe,STP,2015,0
Sao Tome and Principe,STP,2016,0
Sao Tome and Principe,STP,2017,0
Sao Tome and Principe,STP,2018,0
Sao Tome and Principe,STP,2019,0
Sao Tome and Principe,STP,2020,0
Sao Tome and Principe,STP,2021,0
Sao Tome and Principe,STP,2022,0
Sao Tome and Principe,STP,2023,0
Sao Tome and Principe,STP,2024,0
Saudi Arabia,SAU,1950,0
Saudi Arabia,SAU,1951,0
Saudi Arabia,SAU,1952,0
Saudi Arabia,SAU,1953,0
Saudi Arabia,SAU,1954,0
Saudi Arabia,SAU,1955,0
Saudi Arabia,SAU,1956,0
Saudi Arabia,SAU,1957,0
Saudi Arabia,SAU,1958,0
Saudi Arabia,SAU,1959,0
Saudi Arabia,SAU,1960,0
Saudi Arabia,SAU,1961,0
Saudi Arabia,SAU,1962,0
Saudi Arabia,SAU,1963,0
Saudi Arabia,SAU,1964,0
Saudi Arabia,SAU,1965,0
Saudi Arabia,SAU,1966,0
Saudi Arabia,SAU,1967,18682736
Saudi Arabia,SAU,1968,20248376
Saudi Arabia,SAU,1969,23592496
Saudi Arabia,SAU,1970,28529258
Saudi Arabia,SAU,1971,38270480
Saudi Arabia,SAU,1972,52048070
Saudi Arabia,SAU,1973,73082140
Saudi Arabia,SAU,1974,75185280
Saudi Arabia,SAU,1975,56106830
Saudi Arabia,SAU,1976,71967224
Saudi Arabia,SAU,1977,71942640
Saudi Arabia,SAU,1978,62621424
Saudi Arabia,SAU,1979,65131264
Saudi Arabia,SAU,1980,73800290
Saudi Arabia,SAU,1981,49207520
Saudi Arabia,SAU,1982,41111036
Saudi Arabia,SAU,1983,31392436
Saudi Arabia,SAU,1984,8115760
Saudi Arabia,SAU,1985,5961455
Saudi Arabia,SAU,1986,4616640
Saudi Arabia,SAU,1987,3847200
Saudi Arabia,SAU,1988,6346048
Saudi Arabia,SAU,1989,7885070
Saudi Arabia,SAU,1990,461664
Saudi Arabia,SAU,1991,864717
Saudi Arabia,SAU,1992,538608
Saudi Arabia,SAU,1993,729136
Saudi Arabia,SAU,1994,6716775
Saudi Arabia,SAU,1995,6172412
Saudi Arabia,SAU,1996,6839094
Saudi Arabia,SAU,1997,7767818
Saudi Arabia,SAU,1998,6744904
Saudi Arabia,SAU,1999,6094162
Saudi Arabia,SAU,2000,7078257
Saudi Arabia,SAU,2001,6558074
Saudi Arabia,SAU,2002,6417477
Saudi Arabia,SAU,2003,7704408
Saudi Arabia,SAU,2004,6853309
Saudi Arabia,SAU,2005,7377680
Saudi Arabia,SAU,2006,7960536
Saudi Arabia,SAU,2007,7980377
Saudi Arabia,SAU,2008,8007231
Saudi Arabia,SAU,2009,7370579
Saudi Arabia,SAU,2010,6888177
Saudi Arabia,SAU,2011,5267098
Saudi Arabia,SAU,2012,3646019
Saudi Arabia,SAU,2013,3758332
Saudi Arabia,SAU,2014,3654616
Saudi Arabia,SAU,2015,4048100
Saudi Arabia,SAU,2016,3883928
Saudi Arabia,SAU,2017,4352303
Saudi Arabia,SAU,2018,4337221
Saudi Arabia,SAU,2019,3948856
Saudi Arabia,SAU,2020,4256532
Saudi Arabia,SAU,2021,3991556
Saudi Arabia,SAU,2022,3496024
Saudi Arabia,SAU,2023,4677474
Saudi Arabia,SAU,2024,4622074
Senegal,SEN,1949,0
Senegal,SEN,1950,0
Senegal,SEN,1951,0
Senegal,SEN,1952,0
Senegal,SEN,1953,0
Senegal,SEN,1954,0
Senegal,SEN,1955,0
Senegal,SEN,1956,0
Senegal,SEN,1957,0
Senegal,SEN,1994,0
Senegal,SEN,1995,0
Senegal,SEN,1996,0
Senegal,SEN,1997,0
Senegal,SEN,1998,0
Senegal,SEN,1999,0
Senegal,SEN,2000,0
Senegal,SEN,2001,0
Senegal,SEN,2002,0
Senegal,SEN,2003,0
Senegal,SEN,2004,0
Senegal,SEN,2005,0
Senegal,SEN,2006,0
Senegal,SEN,2007,0
Senegal,SEN,2008,0
Senegal,SEN,2009,0
Senegal,SEN,2010,0
Senegal,SEN,2011,0
Senegal,SEN,2012,0
Senegal,SEN,2013,0
Senegal,SEN,2014,0
Senegal,SEN,2015,0
Senegal,SEN,2016,0
Senegal,SEN,2017,11354
Senegal,SEN,2018,0
Senegal,SEN,2019,0
Senegal,SEN,2020,0
Senegal,SEN,2021,0
Senegal,SEN,2022,0
Senegal,SEN,2023,0
Senegal,SEN,2024,113740
Serbia,SRB,1885,0
Serbia,SRB,1890,0
Serbia,SRB,1891,0
Serbia,SRB,1892,0
Serbia,SRB,1893,0
Serbia,SRB,1894,0
Serbia,SRB,1895,0
Serbia,SRB,1896,0
Serbia,SRB,1897,0
Serbia,SRB,1898,0
Serbia,SRB,1899,0
Serbia,SRB,1900,0
Serbia,SRB,1901,0
Serbia,SRB,1902,0
Serbia,SRB,1903,0
Serbia,SRB,1904,0
Serbia,SRB,1905,0
Serbia,SRB,1906,0
Serbia,SRB,1907,0
Serbia,SRB,1908,0
Serbia,SRB,1909,0
Serbia,SRB,1910,0
Serbia,SRB,1911,0
Serbia,SRB,1912,0
Serbia,SRB,1913,0
Serbia,SRB,1919,0
Serbia,SRB,1920,0
Serbia,SRB,1921,0
Serbia,SRB,1922,0
Serbia,SRB,1923,0
Serbia,SRB,1924,0
Serbia,SRB,1925,0
Serbia,SRB,1926,0
Serbia,SRB,1927,0
Serbia,SRB,1928,0
Serbia,SRB,1929,0
Serbia,SRB,1930,0
Serbia,SRB,1931,0
Serbia,SRB,1932,0
Serbia,SRB,1933,0
Serbia,SRB,1934,0
Serbia,SRB,1935,0
Serbia,SRB,1936,0
Serbia,SRB,1937,0
Serbia,SRB,1938,0
Serbia,SRB,1939,0
Serbia,SRB,1940,0
Serbia,SRB,1943,0
Serbia,SRB,1944,0
Serbia,SRB,1945,0
Serbia,SRB,1946,0
Serbia,SRB,1947,0
Serbia,SRB,1948,0
Serbia,SRB,1949,0
Serbia,SRB,1950,0
Serbia,SRB,1951,0
Serbia,SRB,1952,0
Serbia,SRB,1953,0
Serbia,SRB,1954,0
Serbia,SRB,1955,0
Serbia,SRB,1956,0
Serbia,SRB,1957,0
Serbia,SRB,1958,0
Serbia,SRB,1959,0
Serbia,SRB,1960,0
Serbia,SRB,1961,0
Serbia,SRB,1962,0
Serbia,SRB,1963,0
Serbia,SRB,1964,0
Serbia,SRB,1965,0
Serbia,SRB,1966,0
Serbia,SRB,1967,0
Serbia,SRB,1968,0
Serbia,SRB,1969,0
Serbia,SRB,1970,0
Serbia,SRB,1971,0
Serbia,SRB,1972,0
Serbia,SRB,1973,0
Serbia,SRB,1974,0
Serbia,SRB,1975,0
Serbia,SRB,1976,0
Serbia,SRB,1977,0
Serbia,SRB,1978,0
Serbia,SRB,1979,0
Serbia,SRB,1980,84320
Serbia,SRB,1981,77677
Serbia,SRB,1982,78041
Serbia,SRB,1983,67626
Serbia,SRB,1984,64512.996
Serbia,SRB,1985,74370
Serbia,SRB,1986,75296
Serbia,SRB,1987,88542
Serbia,SRB,1988,91225
Serbia,SRB,1989,95442
Serbia,SRB,1990,94970
Serbia,SRB,1991,62501
Serbia,SRB,1992,0
Serbia,SRB,1993,0
Serbia,SRB,1994,0
Serbia,SRB,1995,0
Serbia,SRB,1996,0
Serbia,SRB,1997,0
Serbia,SRB,1998,0
Serbia,SRB,1999,0
Serbia,SRB,2000,0
Serbia,SRB,2001,0
Serbia,SRB,2002,0
Serbia,SRB,2003,0
Serbia,SRB,2004,0
Serbia,SRB,2005,0
Serbia,SRB,2006,0
Serbia,SRB,2007,0
Serbia,SRB,2008,0
Serbia,SRB,2009,0
Serbia,SRB,2010,0
Serbia,SRB,2011,0
Serbia,SRB,2012,19683
Serbia,SRB,2013,23287
Serbia,SRB,2014,18865
Serbia,SRB,2015,27709
Serbia,SRB,2016,8976
Serbia,SRB,2017,0
Serbia,SRB,2018,0
Serbia,SRB,2019,0
Serbia,SRB,2020,426
Serbia,SRB,2021,2611
Serbia,SRB,2022,500.00003
Serbia,SRB,2023,0
Serbia,SRB,2024,0
Seychelles,SYC,1994,0
Seychelles,SYC,1995,0
Seychelles,SYC,1996,0
Seychelles,SYC,1997,0
Seychelles,SYC,1998,0
Seychelles,SYC,1999,0
Seychelles,SYC,2000,0
Seychelles,SYC,2001,0
Seychelles,SYC,2002,0
Seychelles,SYC,2003,0
Seychelles,SYC,2004,0
Seychelles,SYC,2005,0
Seychelles,SYC,2006,0
Seychelles,SYC,2007,0
Seychelles,SYC,2008,0
Seychelles,SYC,2009,0
Seychelles,SYC,2010,0
Seychelles,SYC,2011,0
Seychelles,SYC,2012,0
Seychelles,SYC,2013,0
Seychelles,SYC,2014,0
Seychelles,SYC,2015,0
Seychelles,SYC,2016,0
Seychelles,SYC,2017,0
Seychelles,SYC,2018,0
Seychelles,SYC,2019,0
Seychelles,SYC,2020,0
Seychelles,SYC,2021,0
Seychelles,SYC,2022,0
Seychelles,SYC,2023,0
Seychelles,SYC,2024,0
Sierra Leone,SLE,1994,0
Sierra Leone,SLE,1995,0
Sierra Leone,SLE,1996,0
Sierra Leone,SLE,1997,0
Sierra Leone,SLE,1998,0
Sierra Leone,SLE,1999,0
Sierra Leone,SLE,2000,0
Sierra Leone,SLE,2001,0
Sierra Leone,SLE,2002,0
Sierra Leone,SLE,2003,0
Sierra Leone,SLE,2004,0
Sierra Leone,SLE,2005,0
Sierra Leone,SLE,2006,0
Sierra Leone,SLE,2007,0
Sierra Leone,SLE,2008,0
Sierra Leone,SLE,2009,0
Sierra Leone,SLE,2010,0
Sierra Leone,SLE,2011,0
Sierra Leone,SLE,2012,0
Sierra Leone,SLE,2013,0
Sierra Leone,SLE,2014,0
Sierra Leone,SLE,2015,0
Sierra Leone,SLE,2016,0
Sierra Leone,SLE,2017,0
Sierra Leone,SLE,2018,0
Sierra Leone,SLE,2019,0
Sierra Leone,SLE,2020,0
Sierra Leone,SLE,2021,0
Sierra Leone,SLE,2022,0
Sierra Leone,SLE,2023,0
Sierra Leone,SLE,2024,0
Singapore,SGP,1950,0
Singapore,SGP,1951,0
Singapore,SGP,1952,0
Singapore,SGP,1953,0
Singapore,SGP,1954,0
Singapore,SGP,1955,0
Singapore,SGP,1956,0
Singapore,SGP,1994,0
Singapore,SGP,1995,0
Singapore,SGP,1996,0
Singapore,SGP,1997,0
Singapore,SGP,1998,0
Singapore,SGP,1999,0
Singapore,SGP,2000,0
Singapore,SGP,2001,0
Singapore,SGP,2002,0
Singapore,SGP,2003,0
Singapore,SGP,2004,0
Singapore,SGP,2005,0
Singapore,SGP,2006,0
Singapore,SGP,2007,0
Singapore,SGP,2008,0
Singapore,SGP,2009,0
Singapore,SGP,2010,0
Singapore,SGP,2011,0
Singapore,SGP,2012,0
Singapore,SGP,2013,0
Singapore,SGP,2014,0
Singapore,SGP,2015,0
Singapore,SGP,2016,0
Singapore,SGP,2017,0
Singapore,SGP,2018,0
Singapore,SGP,2019,0
Singapore,SGP,2020,0
Singapore,SGP,2021,0
Singapore,SGP,2022,0
Singapore,SGP,2023,0
Singapore,SGP,2024,0
Sint Maarten (Dutch part),SXM,1926,0
Sint Maarten (Dutch part),SXM,1927,0
Sint Maarten (Dutch part),SXM,1928,0
Sint Maarten (Dutch part),SXM,1929,0
Sint Maarten (Dutch part),SXM,1930,0
Sint Maarten (Dutch part),SXM,1931,0
Sint Maarten (Dutch part),SXM,1932,0
Sint Maarten (Dutch part),SXM,1933,0
Sint Maarten (Dutch part),SXM,1934,0
Sint Maarten (Dutch part),SXM,1935,0
Sint Maarten (Dutch part),SXM,1936,0
Sint Maarten (Dutch part),SXM,1937,0
Sint Maarten (Dutch part),SXM,1938,0
Sint Maarten (Dutch part),SXM,1939,0
Sint Maarten (Dutch part),SXM,1940,0
Sint Maarten (Dutch part),SXM,1941,0
Sint Maarten (Dutch part),SXM,1942,0
Sint Maarten (Dutch part),SXM,1943,0
Sint Maarten (Dutch part),SXM,1944,0
Sint Maarten (Dutch part),SXM,1945,0
Sint Maarten (Dutch part),SXM,1946,0
Sint Maarten (Dutch part),SXM,1947,0
Sint Maarten (Dutch part),SXM,1948,0
Sint Maarten (Dutch part),SXM,1949,0
Sint Maarten (Dutch part),SXM,1950,0
Sint Maarten (Dutch part),SXM,1951,0
Sint Maarten (Dutch part),SXM,1952,0
Sint Maarten (Dutch part),SXM,1953,0
Sint Maarten (Dutch part),SXM,1954,0
Sint Maarten (Dutch part),SXM,1955,0
Sint Maarten (Dutch part),SXM,1956,0
Sint Maarten (Dutch part),SXM,1957,0
Sint Maarten (Dutch part),SXM,1958,0
Sint Maarten (Dutch part),SXM,1959,0
Sint Maarten (Dutch part),SXM,1960,0
Sint Maarten (Dutch part),SXM,1961,0
Sint Maarten (Dutch part),SXM,1962,0
Sint Maarten (Dutch part),SXM,1963,0
Sint Maarten (Dutch part),SXM,1964,0
Sint Maarten (Dutch part),SXM,1965,0
Sint Maarten (Dutch part),SXM,1966,0
Sint Maarten (Dutch part),SXM,1967,0
Sint Maarten (Dutch part),SXM,1968,0
Sint Maarten (Dutch part),SXM,1969,0
Sint Maarten (Dutch part),SXM,1970,0
Sint Maarten (Dutch part),SXM,1971,0
Sint Maarten (Dutch part),SXM,1972,0
Sint Maarten (Dutch part),SXM,1973,0
Sint Maarten (Dutch part),SXM,1974,0
Sint Maarten (Dutch part),SXM,1975,0
Sint Maarten (Dutch part),SXM,1976,0
Sint Maarten (Dutch part),SXM,1977,0
Sint Maarten (Dutch part),SXM,1978,0
Sint Maarten (Dutch part),SXM,1979,0
Sint Maarten (Dutch part),SXM,1980,0
Sint Maarten (Dutch part),SXM,1981,0
Sint Maarten (Dutch part),SXM,1982,0
Sint Maarten (Dutch part),SXM,1983,0
Sint Maarten (Dutch part),SXM,1984,0
Sint Maarten (Dutch part),SXM,1985,0
Sint Maarten (Dutch part),SXM,1986,0
Sint Maarten (Dutch part),SXM,1987,0
Sint Maarten (Dutch part),SXM,1988,0
Sint Maarten (Dutch part),SXM,1989,0
Sint Maarten (Dutch part),SXM,1990,0
Sint Maarten (Dutch part),SXM,1991,0
Sint Maarten (Dutch part),SXM,1992,0
Sint Maarten (Dutch part),SXM,1993,0
Sint Maarten (Dutch part),SXM,1994,0
Sint Maarten (Dutch part),SXM,1995,0
Sint Maarten (Dutch part),SXM,1996,0
Sint Maarten (Dutch part),SXM,1997,0
Sint Maarten (Dutch part),SXM,1998,0
Sint Maarten (Dutch part),SXM,1999,0
Sint Maarten (Dutch part),SXM,2000,0
Sint Maarten (Dutch part),SXM,2001,0
Sint Maarten (Dutch part),SXM,2002,0
Sint Maarten (Dutch part),SXM,2003,0
Sint Maarten (Dutch part),SXM,2004,0
Sint Maarten (Dutch part),SXM,2005,0
Sint Maarten (Dutch part),SXM,2006,0
Sint Maarten (Dutch part),SXM,2007,0
Sint Maarten (Dutch part),SXM,2008,0
Sint Maarten (Dutch part),SXM,2009,0
Sint Maarten (Dutch part),SXM,2010,0
Sint Maarten (Dutch part),SXM,2011,0
Sint Maarten (Dutch part),SXM,2012,0
Sint Maarten (Dutch part),SXM,2013,0
Sint Maarten (Dutch part),SXM,2014,0
Sint Maarten (Dutch part),SXM,2015,0
Sint Maarten (Dutch part),SXM,2016,0
Sint Maarten (Dutch part),SXM,2017,0
Sint Maarten (Dutch part),SXM,2018,0
Sint Maarten (Dutch part),SXM,2019,0
Sint Maarten (Dutch part),SXM,2020,0
Sint Maarten (Dutch part),SXM,2021,0
Sint Maarten (Dutch part),SXM,2022,0
Sint Maarten (Dutch part),SXM,2023,0
Sint Maarten (Dutch part),SXM,2024,0
Slovakia,SVK,1860,0
Slovakia,SVK,1861,0
Slovakia,SVK,1862,0
Slovakia,SVK,1863,0
Slovakia,SVK,1864,0
Slovakia,SVK,1865,0
Slovakia,SVK,1866,0
Slovakia,SVK,1867,0
Slovakia,SVK,1868,0
Slovakia,SVK,1869,0
Slovakia,SVK,1870,0
Slovakia,SVK,1871,0
Slovakia,SVK,1872,0
Slovakia,SVK,1873,0
Slovakia,SVK,1874,0
Slovakia,SVK,1875,0
Slovakia,SVK,1876,0
Slovakia,SVK,1877,0
Slovakia,SVK,1878,0
Slovakia,SVK,1879,0
Slovakia,SVK,1880,0
Slovakia,SVK,1881,0
Slovakia,SVK,1882,0
Slovakia,SVK,1883,0
Slovakia,SVK,1884,0
Slovakia,SVK,1885,0
Slovakia,SVK,1886,0
Slovakia,SVK,1887,0
Slovakia,SVK,1888,0
Slovakia,SVK,1889,0
Slovakia,SVK,1890,0
Slovakia,SVK,1891,0
Slovakia,SVK,1892,0
Slovakia,SVK,1893,0
Slovakia,SVK,1894,0
Slovakia,SVK,1895,0
Slovakia,SVK,1896,0
Slovakia,SVK,1897,0
Slovakia,SVK,1898,0
Slovakia,SVK,1899,0
Slovakia,SVK,1900,0
Slovakia,SVK,1901,0
Slovakia,SVK,1902,0
Slovakia,SVK,1903,0
Slovakia,SVK,1904,0
Slovakia,SVK,1905,0
Slovakia,SVK,1906,0
Slovakia,SVK,1907,0
Slovakia,SVK,1908,0
Slovakia,SVK,1909,0
Slovakia,SVK,1910,0
Slovakia,SVK,1911,0
Slovakia,SVK,1912,0
Slovakia,SVK,1913,0
Slovakia,SVK,1914,0
Slovakia,SVK,1915,0
Slovakia,SVK,1916,0
Slovakia,SVK,1917,0
Slovakia,SVK,1918,0
Slovakia,SVK,1919,0
Slovakia,SVK,1920,0
Slovakia,SVK,1921,0
Slovakia,SVK,1922,0
Slovakia,SVK,1923,0
Slovakia,SVK,1924,0
Slovakia,SVK,1925,0
Slovakia,SVK,1926,0
Slovakia,SVK,1927,0
Slovakia,SVK,1928,0
Slovakia,SVK,1929,0
Slovakia,SVK,1930,0
Slovakia,SVK,1931,0
Slovakia,SVK,1932,0
Slovakia,SVK,1933,0
Slovakia,SVK,1934,0
Slovakia,SVK,1935,0
Slovakia,SVK,1936,0
Slovakia,SVK,1937,0
Slovakia,SVK,1938,0
Slovakia,SVK,1939,0
Slovakia,SVK,1940,0
Slovakia,SVK,1941,0
Slovakia,SVK,1942,0
Slovakia,SVK,1943,0
Slovakia,SVK,1944,0
Slovakia,SVK,1945,0
Slovakia,SVK,1946,0
Slovakia,SVK,1947,0
Slovakia,SVK,1948,0
Slovakia,SVK,1949,0
Slovakia,SVK,1950,0
Slovakia,SVK,1951,0
Slovakia,SVK,1952,0
Slovakia,SVK,1953,0
Slovakia,SVK,1954,0
Slovakia,SVK,1955,0
Slovakia,SVK,1956,0
Slovakia,SVK,1957,0
Slovakia,SVK,1958,0
Slovakia,SVK,1959,0
Slovakia,SVK,1960,0
Slovakia,SVK,1961,0
Slovakia,SVK,1962,0
Slovakia,SVK,1963,0
Slovakia,SVK,1964,0
Slovakia,SVK,1965,0
Slovakia,SVK,1966,0
Slovakia,SVK,1967,0
Slovakia,SVK,1968,0
Slovakia,SVK,1969,0
Slovakia,SVK,1970,0
Slovakia,SVK,1971,0
Slovakia,SVK,1972,0
Slovakia,SVK,1973,0
Slovakia,SVK,1974,0
Slovakia,SVK,1975,0
Slovakia,SVK,1976,0
Slovakia,SVK,1977,0
Slovakia,SVK,1978,0
Slovakia,SVK,1979,0
Slovakia,SVK,1980,0
Slovakia,SVK,1981,0
Slovakia,SVK,1982,0
Slovakia,SVK,1983,0
Slovakia,SVK,1984,0
Slovakia,SVK,1985,0
Slovakia,SVK,1986,0
Slovakia,SVK,1987,0
Slovakia,SVK,1988,0
Slovakia,SVK,1989,0
Slovakia,SVK,1990,76862
Slovakia,SVK,1991,69266
Slovakia,SVK,1992,66404
Slovakia,SVK,1993,64274
Slovakia,SVK,1994,68654
Slovakia,SVK,1995,72564
Slovakia,SVK,1996,73505
Slovakia,SVK,1997,73298
Slovakia,SVK,1998,74179
Slovakia,SVK,1999,74304
Slovakia,SVK,2000,70158
Slovakia,SVK,2001,70137
Slovakia,SVK,2002,70602
Slovakia,SVK,2003,75396
Slovakia,SVK,2004,79971
Slovakia,SVK,2005,74983
Slovakia,SVK,2006,84677
Slovakia,SVK,2007,75304
Slovakia,SVK,2008,75116
Slovakia,SVK,2009,73885
Slovakia,SVK,2010,71664
Slovakia,SVK,2011,72314
Slovakia,SVK,2012,63824.996
Slovakia,SVK,2013,68251
Slovakia,SVK,2014,73950
Slovakia,SVK,2015,71840
Slovakia,SVK,2016,82042
Slovakia,SVK,2017,90453
Slovakia,SVK,2018,94994
Slovakia,SVK,2019,83587
Slovakia,SVK,2020,80384
Slovakia,SVK,2021,76831
Slovakia,SVK,2022,88200
Slovakia,SVK,2023,81545
Slovakia,SVK,2024,81545
Slovenia,SVN,1885,0
Slovenia,SVN,1890,0
Slovenia,SVN,1891,0
Slovenia,SVN,1892,0
Slovenia,SVN,1893,0
Slovenia,SVN,1894,0
Slovenia,SVN,1895,0
Slovenia,SVN,1896,0
Slovenia,SVN,1897,0
Slovenia,SVN,1898,0
Slovenia,SVN,1899,0
Slovenia,SVN,1900,0
Slovenia,SVN,1901,0
Slovenia,SVN,1902,0
Slovenia,SVN,1903,0
Slovenia,SVN,1904,0
Slovenia,SVN,1905,0
Slovenia,SVN,1906,0
Slovenia,SVN,1907,0
Slovenia,SVN,1908,0
Slovenia,SVN,1909,0
Slovenia,SVN,1910,0
Slovenia,SVN,1911,0
Slovenia,SVN,1912,0
Slovenia,SVN,1913,0
Slovenia,SVN,1919,0
Slovenia,SVN,1920,0
Slovenia,SVN,1921,0
Slovenia,SVN,1922,0
Slovenia,SVN,1923,0
Slovenia,SVN,1924,0
Slovenia,SVN,1925,0
Slovenia,SVN,1926,0
Slovenia,SVN,1927,0
Slovenia,SVN,1928,0
Slovenia,SVN,1929,0
Slovenia,SVN,1930,0
Slovenia,SVN,1931,0
Slovenia,SVN,1932,0
Slovenia,SVN,1933,0
Slovenia,SVN,1934,0
Slovenia,SVN,1935,0
Slovenia,SVN,1936,0
Slovenia,SVN,1937,0
Slovenia,SVN,1938,0
Slovenia,SVN,1939,0
Slovenia,SVN,1940,0
Slovenia,SVN,1943,0
Slovenia,SVN,1944,0
Slovenia,SVN,1945,0
Slovenia,SVN,1946,0
Slovenia,SVN,1947,0
Slovenia,SVN,1948,0
Slovenia,SVN,1949,0
Slovenia,SVN,1950,0
Slovenia,SVN,1951,0
Slovenia,SVN,1952,0
Slovenia,SVN,1953,0
Slovenia,SVN,1954,0
Slovenia,SVN,1955,0
Slovenia,SVN,1956,0
Slovenia,SVN,1957,0
Slovenia,SVN,1958,0
Slovenia,SVN,1959,0
Slovenia,SVN,1960,0
Slovenia,SVN,1961,0
Slovenia,SVN,1962,0
Slovenia,SVN,1963,0
Slovenia,SVN,1964,0
Slovenia,SVN,1965,0
Slovenia,SVN,1966,0
Slovenia,SVN,1967,0
Slovenia,SVN,1968,0
Slovenia,SVN,1969,0
Slovenia,SVN,1970,0
Slovenia,SVN,1971,0
Slovenia,SVN,1972,0
Slovenia,SVN,1973,0
Slovenia,SVN,1974,0
Slovenia,SVN,1975,0
Slovenia,SVN,1976,0
Slovenia,SVN,1977,0
Slovenia,SVN,1978,0
Slovenia,SVN,1979,0
Slovenia,SVN,1980,17632
Slovenia,SVN,1981,19626
Slovenia,SVN,1982,18770
Slovenia,SVN,1983,16963
Slovenia,SVN,1984,16870
Slovenia,SVN,1985,19618
Slovenia,SVN,1986,19398
Slovenia,SVN,1987,23074
Slovenia,SVN,1988,23286
Slovenia,SVN,1989,24848
Slovenia,SVN,1990,100819
Slovenia,SVN,1991,93018
Slovenia,SVN,1992,120024
Slovenia,SVN,1993,107873
Slovenia,SVN,1994,103696
Slovenia,SVN,1995,118293
Slovenia,SVN,1996,115323
Slovenia,SVN,1997,123210
Slovenia,SVN,1998,116258
Slovenia,SVN,1999,117263
Slovenia,SVN,2000,117595
Slovenia,SVN,2001,134937
Slovenia,SVN,2002,143800
Slovenia,SVN,2003,158469
Slovenia,SVN,2004,161019
Slovenia,SVN,2005,165555
Slovenia,SVN,2006,179962
Slovenia,SVN,2007,186811
Slovenia,SVN,2008,171671
Slovenia,SVN,2009,173348
Slovenia,SVN,2010,174098
Slovenia,SVN,2011,186618
Slovenia,SVN,2012,189898
Slovenia,SVN,2013,154708
Slovenia,SVN,2014,110616
Slovenia,SVN,2015,116882
Slovenia,SVN,2016,129830
Slovenia,SVN,2017,139165
Slovenia,SVN,2018,130953
Slovenia,SVN,2019,124603
Slovenia,SVN,2020,125109
Slovenia,SVN,2021,112833
Slovenia,SVN,2022,86802
Slovenia,SVN,2023,98870
Slovenia,SVN,2024,98870
Solomon Islands,SLB,1994,0
Solomon Islands,SLB,1995,0
Solomon Islands,SLB,1996,0
Solomon Islands,SLB,1997,0
Solomon Islands,SLB,1998,0
Solomon Islands,SLB,1999,0
Solomon Islands,SLB,2000,0
Solomon Islands,SLB,2001,0
Solomon Islands,SLB,2002,0
Solomon Islands,SLB,2003,0
Solomon Islands,SLB,2004,0
Solomon Islands,SLB,2005,0
Solomon Islands,SLB,2006,0
Solomon Islands,SLB,2007,0
Solomon Islands,SLB,2008,0
Solomon Islands,SLB,2009,0
Solomon Islands,SLB,2010,0
Solomon Islands,SLB,2011,0
Solomon Islands,SLB,2012,0
Solomon Islands,SLB,2013,0
Solomon Islands,SLB,2014,0
Solomon Islands,SLB,2015,0
Solomon Islands,SLB,2016,0
Solomon Islands,SLB,2017,0
Solomon Islands,SLB,2018,0
Solomon Islands,SLB,2019,0
Solomon Islands,SLB,2020,0
Solomon Islands,SLB,2021,0
Solomon Islands,SLB,2022,0
Solomon Islands,SLB,2023,0
Solomon Islands,SLB,2024,0
Somalia,SOM,1994,0
Somalia,SOM,1995,0
Somalia,SOM,1996,0
Somalia,SOM,1997,0
Somalia,SOM,1998,0
Somalia,SOM,1999,0
Somalia,SOM,2000,0
Somalia,SOM,2001,0
Somalia,SOM,2002,0
Somalia,SOM,2003,0
Somalia,SOM,2004,0
Somalia,SOM,2005,0
Somalia,SOM,2006,0
Somalia,SOM,2007,0
Somalia,SOM,2008,0
Somalia,SOM,2009,0
Somalia,SOM,2010,0
Somalia,SOM,2011,0
Somalia,SOM,2012,0
Somalia,SOM,2013,0
Somalia,SOM,2014,0
Somalia,SOM,2015,0
Somalia,SOM,2016,0
Somalia,SOM,2017,0
Somalia,SOM,2018,0
Somalia,SOM,2019,0
Somalia,SOM,2020,0
Somalia,SOM,2021,0
Somalia,SOM,2022,0
Somalia,SOM,2023,0
Somalia,SOM,2024,0
South Africa,ZAF,1994,124170
South Africa,ZAF,1995,115268
South Africa,ZAF,1996,122970
South Africa,ZAF,1997,205833
South Africa,ZAF,1998,245989
South Africa,ZAF,1999,204108
South Africa,ZAF,2000,251465
South Africa,ZAF,2001,253966
South Africa,ZAF,2002,218335
South Africa,ZAF,2003,293147
South Africa,ZAF,2004,282820
South Africa,ZAF,2005,270593
South Africa,ZAF,2006,214809
South Africa,ZAF,2007,157850
South Africa,ZAF,2008,171127
South Africa,ZAF,2009,169377
South Africa,ZAF,2010,192731
South Africa,ZAF,2011,133081
South Africa,ZAF,2012,73431
South Africa,ZAF,2013,51141
South Africa,ZAF,2014,51951
South Africa,ZAF,2015,44599
South Africa,ZAF,2016,41510
South Africa,ZAF,2017,29737
South Africa,ZAF,2018,57138
South Africa,ZAF,2019,41705
South Africa,ZAF,2020,54737
South Africa,ZAF,2021,52399
South Africa,ZAF,2022,37764
South Africa,ZAF,2023,44185
South Africa,ZAF,2024,4963
South America,OWID_SAM,1950,27824416
South America,OWID_SAM,1951,33496288
South America,OWID_SAM,1952,35896210
South America,OWID_SAM,1953,32792792
South America,OWID_SAM,1954,34911756
South America,OWID_SAM,1955,36650980
South America,OWID_SAM,1956,41034572
South America,OWID_SAM,1957,43913076
South America,OWID_SAM,1958,39630896
South America,OWID_SAM,1959,37744750
South America,OWID_SAM,1960,34251070
South America,OWID_SAM,1961,32481400
South America,OWID_SAM,1962,37969304
South America,OWID_SAM,1963,34042164
South America,OWID_SAM,1964,35117256
South America,OWID_SAM,1965,37055730
South America,OWID_SAM,1966,37647170
South America,OWID_SAM,1967,42819310
South America,OWID_SAM,1968,41764948
South America,OWID_SAM,1969,44343110
South America,OWID_SAM,1970,46980524
South America,OWID_SAM,1971,42023356
South America,OWID_SAM,1972,39108390
South America,OWID_SAM,1973,39642176
South America,OWID_SAM,1974,28983132
South America,OWID_SAM,1975,18091820
South America,OWID_SAM,1976,21645966
South America,OWID_SAM,1977,19661084
South America,OWID_SAM,1978,19510504
South America,OWID_SAM,1979,19859528
South America,OWID_SAM,1980,17806448
South America,OWID_SAM,1981,15216767
South America,OWID_SAM,1982,15128354
South America,OWID_SAM,1983,15535793
South America,OWID_SAM,1984,18020112
South America,OWID_SAM,1985,16667467
South America,OWID_SAM,1986,16858364
South America,OWID_SAM,1987,17763002
South America,OWID_SAM,1988,19719760
South America,OWID_SAM,1989,18078124
South America,OWID_SAM,1990,28178700
South America,OWID_SAM,1991,27252768
South America,OWID_SAM,1992,27703030
South America,OWID_SAM,1993,31586728
South America,OWID_SAM,1994,19502288
South America,OWID_SAM,1995,20543334
South America,OWID_SAM,1996,19839424
South America,OWID_SAM,1997,22797396
South America,OWID_SAM,1998,22788658
South America,OWID_SAM,1999,22603270
South America,OWID_SAM,2000,23077074
South America,OWID_SAM,2001,23258096
South America,OWID_SAM,2002,21256506
South America,OWID_SAM,2003,20731524
South America,OWID_SAM,2004,20161214
South America,OWID_SAM,2005,22750820
South America,OWID_SAM,2006,21080862
South America,OWID_SAM,2007,21776880
South America,OWID_SAM,2008,23378068
South America,OWID_SAM,2009,28076042
South America,OWID_SAM,2010,25248154
South America,OWID_SAM,2011,29243324
South America,OWID_SAM,2012,34973492
South America,OWID_SAM,2013,38870464
South America,OWID_SAM,2014,41791148
South America,OWID_SAM,2015,40510460
South America,OWID_SAM,2016,39308370
South America,OWID_SAM,2017,34946284
South America,OWID_SAM,2018,37454468
South America,OWID_SAM,2019,40156964
South America,OWID_SAM,2020,39121590
South America,OWID_SAM,2021,38603972
South America,OWID_SAM,2022,39318760
South America,OWID_SAM,2023,39173404
South America,OWID_SAM,2024,39861864
South Korea,KOR,1905,0
South Korea,KOR,1909,0
South Korea,KOR,1910,0
South Korea,KOR,1911,0
South Korea,KOR,1912,0
South Korea,KOR,1913,0
South Korea,KOR,1914,0
South Korea,KOR,1915,0
South Korea,KOR,1916,0
South Korea,KOR,1918,0
South Korea,KOR,1919,0
South Korea,KOR,1920,0
South Korea,KOR,1921,0
South Korea,KOR,1922,0
South Korea,KOR,1923,0
South Korea,KOR,1924,0
South Korea,KOR,1925,0
South Korea,KOR,1926,0
South Korea,KOR,1927,0
South Korea,KOR,1928,0
South Korea,KOR,1929,0
South Korea,KOR,1930,0
South Korea,KOR,1931,0
South Korea,KOR,1932,0
South Korea,KOR,1933,0
South Korea,KOR,1934,0
South Korea,KOR,1935,0
South Korea,KOR,1936,0
South Korea,KOR,1937,0
South Korea,KOR,1938,0
South Korea,KOR,1939,0
South Korea,KOR,1940,0
South Korea,KOR,1941,0
South Korea,KOR,1942,0
South Korea,KOR,1943,0
South Korea,KOR,1944,0
South Korea,KOR,1994,0
South Korea,KOR,1995,0
South Korea,KOR,1996,0
South Korea,KOR,1997,0
South Korea,KOR,1998,0
South Korea,KOR,1999,0
South Korea,KOR,2000,0
South Korea,KOR,2001,0
South Korea,KOR,2002,0
South Korea,KOR,2003,0
South Korea,KOR,2004,0
South Korea,KOR,2005,0
South Korea,KOR,2006,0
South Korea,KOR,2007,0
South Korea,KOR,2008,0
South Korea,KOR,2009,0
South Korea,KOR,2010,0
South Korea,KOR,2011,0
South Korea,KOR,2012,0
South Korea,KOR,2013,0
South Korea,KOR,2014,0
South Korea,KOR,2015,0
South Korea,KOR,2016,0
South Korea,KOR,2017,0
South Korea,KOR,2018,0
South Korea,KOR,2019,0
South Korea,KOR,2020,310
South Korea,KOR,2021,6083
South Korea,KOR,2022,6083
South Korea,KOR,2023,6083
South Korea,KOR,2024,6083
South Sudan,SSD,1950,0
South Sudan,SSD,1951,0
South Sudan,SSD,1952,0
South Sudan,SSD,1953,0
South Sudan,SSD,1954,0
South Sudan,SSD,1955,0
South Sudan,SSD,1956,0
South Sudan,SSD,1957,0
South Sudan,SSD,1958,0
South Sudan,SSD,1959,0
South Sudan,SSD,1960,0
South Sudan,SSD,1961,0
South Sudan,SSD,1962,0
South Sudan,SSD,1963,0
South Sudan,SSD,1964,0
South Sudan,SSD,1965,0
South Sudan,SSD,1966,0
South Sudan,SSD,1967,0
South Sudan,SSD,1968,0
South Sudan,SSD,1969,0
South Sudan,SSD,1970,0
South Sudan,SSD,1971,0
South Sudan,SSD,1972,0
South Sudan,SSD,1973,0
South Sudan,SSD,1974,0
South Sudan,SSD,1975,0
South Sudan,SSD,1976,0
South Sudan,SSD,1977,0
South Sudan,SSD,1978,0
South Sudan,SSD,1979,0
South Sudan,SSD,1980,0
South Sudan,SSD,1981,0
South Sudan,SSD,1982,0
South Sudan,SSD,1983,0
South Sudan,SSD,1984,0
South Sudan,SSD,1985,0
South Sudan,SSD,1986,0
South Sudan,SSD,1987,0
South Sudan,SSD,1988,0
South Sudan,SSD,1989,0
South Sudan,SSD,1990,0
South Sudan,SSD,1991,0
South Sudan,SSD,1992,0
South Sudan,SSD,1993,0
South Sudan,SSD,1994,0
South Sudan,SSD,1995,0
South Sudan,SSD,1996,0
South Sudan,SSD,1997,0
South Sudan,SSD,1998,0
South Sudan,SSD,1999,0
South Sudan,SSD,2000,0
South Sudan,SSD,2001,0
South Sudan,SSD,2002,0
South Sudan,SSD,2003,0
South Sudan,SSD,2004,0
South Sudan,SSD,2005,0
South Sudan,SSD,2006,0
South Sudan,SSD,2007,0
South Sudan,SSD,2008,0
South Sudan,SSD,2009,0
South Sudan,SSD,2010,0
South Sudan,SSD,2011,0
South Sudan,SSD,2012,0
South Sudan,SSD,2013,0
South Sudan,SSD,2014,0
South Sudan,SSD,2015,0
South Sudan,SSD,2016,0
South Sudan,SSD,2017,0
South Sudan,SSD,2018,0
South Sudan,SSD,2019,0
South Sudan,SSD,2020,0
South Sudan,SSD,2021,0
South Sudan,SSD,2022,0
South Sudan,SSD,2023,0
South Sudan,SSD,2024,0
Spain,ESP,1986,153885
Spain,ESP,1987,139232
Spain,ESP,1988,142899
Spain,ESP,1989,146560
Spain,ESP,1990,1755642
Spain,ESP,1991,1804169
Spain,ESP,1992,1968035
Spain,ESP,1993,1952910
Spain,ESP,1994,2152846
Spain,ESP,1995,1915334
Spain,ESP,1996,1826817
Spain,ESP,1997,1915966
Spain,ESP,1998,2016773
Spain,ESP,1999,2107937
Spain,ESP,2000,2242516
Spain,ESP,2001,2087752.1
Spain,ESP,2002,2092758
Spain,ESP,2003,1973340
Spain,ESP,2004,2275213
Spain,ESP,2005,2323723
Spain,ESP,2006,2436137
Spain,ESP,2007,2585534
Spain,ESP,2008,2321050
Spain,ESP,2009,2272519
Spain,ESP,2010,2289194
Spain,ESP,2011,2749849
Spain,ESP,2012,3382813
Spain,ESP,2013,3839286
Spain,ESP,2014,4058894.2
Spain,ESP,2015,3776715
Spain,ESP,2016,3830978
Spain,ESP,2017,3851843
Spain,ESP,2018,3914241
Spain,ESP,2019,3844097
Spain,ESP,2020,3621924
Spain,ESP,2021,3562594
Spain,ESP,2022,3875395
Spain,ESP,2023,3532068
Spain,ESP,2024,3532068
Sri Lanka,LKA,1994,0
Sri Lanka,LKA,1995,0
Sri Lanka,LKA,1996,0
Sri Lanka,LKA,1997,0
Sri Lanka,LKA,1998,0
Sri Lanka,LKA,1999,0
Sri Lanka,LKA,2000,0
Sri Lanka,LKA,2001,0
Sri Lanka,LKA,2002,0
Sri Lanka,LKA,2003,0
Sri Lanka,LKA,2004,0
Sri Lanka,LKA,2005,0
Sri Lanka,LKA,2006,0
Sri Lanka,LKA,2007,0
Sri Lanka,LKA,2008,0
Sri Lanka,LKA,2009,0
Sri Lanka,LKA,2010,0
Sri Lanka,LKA,2011,0
Sri Lanka,LKA,2012,0
Sri Lanka,LKA,2013,0
Sri Lanka,LKA,2014,0
Sri Lanka,LKA,2015,0
Sri Lanka,LKA,2016,0
Sri Lanka,LKA,2017,0
Sri Lanka,LKA,2018,0
Sri Lanka,LKA,2019,0
Sri Lanka,LKA,2020,0
Sri Lanka,LKA,2021,0
Sri Lanka,LKA,2022,0
Sri Lanka,LKA,2023,0
Sri Lanka,LKA,2024,0
Sudan,SDN,1950,0
Sudan,SDN,1951,0
Sudan,SDN,1952,0
Sudan,SDN,1953,0
Sudan,SDN,1954,0
Sudan,SDN,1955,0
Sudan,SDN,1956,0
Sudan,SDN,1957,0
Sudan,SDN,1958,0
Sudan,SDN,1959,0
Sudan,SDN,1960,0
Sudan,SDN,1961,0
Sudan,SDN,1962,0
Sudan,SDN,1963,0
Sudan,SDN,1964,0
Sudan,SDN,1965,0
Sudan,SDN,1966,0
Sudan,SDN,1967,0
Sudan,SDN,1968,0
Sudan,SDN,1969,0
Sudan,SDN,1970,0
Sudan,SDN,1971,0
Sudan,SDN,1972,0
Sudan,SDN,1973,0
Sudan,SDN,1974,0
Sudan,SDN,1975,0
Sudan,SDN,1976,0
Sudan,SDN,1977,0
Sudan,SDN,1978,0
Sudan,SDN,1979,0
Sudan,SDN,1980,0
Sudan,SDN,1981,0
Sudan,SDN,1982,0
Sudan,SDN,1983,0
Sudan,SDN,1984,0
Sudan,SDN,1985,0
Sudan,SDN,1986,0
Sudan,SDN,1987,0
Sudan,SDN,1988,0
Sudan,SDN,1989,0
Sudan,SDN,1990,0
Sudan,SDN,1991,0
Sudan,SDN,1992,0
Sudan,SDN,1993,0
Sudan,SDN,1994,41407
Sudan,SDN,1995,47708
Sudan,SDN,1996,56109
Sudan,SDN,1997,67611
Sudan,SDN,1998,74037
Sudan,SDN,1999,94090
Sudan,SDN,2000,220885
Sudan,SDN,2001,182829
Sudan,SDN,2002,193281
Sudan,SDN,2003,205608
Sudan,SDN,2004,363483
Sudan,SDN,2005,499730
Sudan,SDN,2006,527759
Sudan,SDN,2007,619999
Sudan,SDN,2008,503530.97
Sudan,SDN,2009,573292
Sudan,SDN,2010,628401
Sudan,SDN,2011,651560
Sudan,SDN,2012,674720
Sudan,SDN,2013,832378
Sudan,SDN,2014,890817
Sudan,SDN,2015,1023484.94
Sudan,SDN,2016,726367
Sudan,SDN,2017,720033
Sudan,SDN,2018,684334
Sudan,SDN,2019,522920
Sudan,SDN,2020,454019
Sudan,SDN,2021,455806
Sudan,SDN,2022,399234
Sudan,SDN,2023,249172
Sudan,SDN,2024,21733
Suriname,SUR,1994,0
Suriname,SUR,1995,0
Suriname,SUR,1996,0
Suriname,SUR,1997,0
Suriname,SUR,1998,0
Suriname,SUR,1999,0
Suriname,SUR,2000,0
Suriname,SUR,2001,0
Suriname,SUR,2002,0
Suriname,SUR,2003,0
Suriname,SUR,2004,0
Suriname,SUR,2005,0
Suriname,SUR,2006,0
Suriname,SUR,2007,0
Suriname,SUR,2008,0
Suriname,SUR,2009,0
Suriname,SUR,2010,0
Suriname,SUR,2011,0
Suriname,SUR,2012,0
Suriname,SUR,2013,0
Suriname,SUR,2014,0
Suriname,SUR,2015,0
Suriname,SUR,2016,0
Suriname,SUR,2017,0
Suriname,SUR,2018,0
Suriname,SUR,2019,0
Suriname,SUR,2020,0
Suriname,SUR,2021,0
Suriname,SUR,2022,4164
Suriname,SUR,2023,0
Suriname,SUR,2024,0
Sweden,SWE,1990,336293
Sweden,SWE,1991,283804
Sweden,SWE,1992,311356
Sweden,SWE,1993,344773
Sweden,SWE,1994,295196
Sweden,SWE,1995,336855
Sweden,SWE,1996,322068
Sweden,SWE,1997,357905
Sweden,SWE,1998,365102
Sweden,SWE,1999,375240
Sweden,SWE,2000,374418
Sweden,SWE,2001,372745
Sweden,SWE,2002,367894
Sweden,SWE,2003,395806
Sweden,SWE,2004,387022
Sweden,SWE,2005,364249
Sweden,SWE,2006,811870
Sweden,SWE,2007,848127
Sweden,SWE,2008,861504
Sweden,SWE,2009,864528
Sweden,SWE,2010,825483
Sweden,SWE,2011,839146
Sweden,SWE,2012,840812
Sweden,SWE,2013,701072
Sweden,SWE,2014,777306
Sweden,SWE,2015,826716
Sweden,SWE,2016,645227
Sweden,SWE,2017,805885
Sweden,SWE,2018,829462
Sweden,SWE,2019,543960
Sweden,SWE,2020,449320
Sweden,SWE,2021,15224
Sweden,SWE,2022,18689
Sweden,SWE,2023,12354
Sweden,SWE,2024,12354
Switzerland,CHE,1990,26049
Switzerland,CHE,1991,38865
Switzerland,CHE,1992,35920
Switzerland,CHE,1993,39622
Switzerland,CHE,1994,40574
Switzerland,CHE,1995,38712
Switzerland,CHE,1996,44242
Switzerland,CHE,1997,41430
Switzerland,CHE,1998,42146
Switzerland,CHE,1999,42339
Switzerland,CHE,2000,38656
Switzerland,CHE,2001,40969
Switzerland,CHE,2002,40949
Switzerland,CHE,2003,38646
Switzerland,CHE,2004,43406
Switzerland,CHE,2005,57281
Switzerland,CHE,2006,44673
Switzerland,CHE,2007,42138
Switzerland,CHE,2008,44056
Switzerland,CHE,2009,43269
Switzerland,CHE,2010,45257
Switzerland,CHE,2011,56018
Switzerland,CHE,2012,44164
Switzerland,CHE,2013,37642
Switzerland,CHE,2014,33186
Switzerland,CHE,2015,27314
Switzerland,CHE,2016,28081
Switzerland,CHE,2017,30965
Switzerland,CHE,2018,27697
Switzerland,CHE,2019,33160
Switzerland,CHE,2020,26214
Switzerland,CHE,2021,19434
Switzerland,CHE,2022,21669
Switzerland,CHE,2023,14012
Switzerland,CHE,2024,14012
Syria,SYR,1970,326276
Syria,SYR,1971,381056
Syria,SYR,1972,362907
Syria,SYR,1973,362568
Syria,SYR,1974,348080
Syria,SYR,1975,403040
Syria,SYR,1976,695975
Syria,SYR,1977,860825
Syria,SYR,1978,1007599.94
Syria,SYR,1979,743671
Syria,SYR,1980,685168
Syria,SYR,1981,835392
Syria,SYR,1982,835517
Syria,SYR,1983,787863
Syria,SYR,1984,732719
Syria,SYR,1985,688832
Syria,SYR,1986,150206
Syria,SYR,1987,4454973
Syria,SYR,1988,3484464
Syria,SYR,1989,2531555
Syria,SYR,1990,4070704
Syria,SYR,1991,4986704
Syria,SYR,1992,5880720
Syria,SYR,1993,6885212
Syria,SYR,1994,6923008
Syria,SYR,1995,6740028
Syria,SYR,1996,6663316
Syria,SYR,1997,6275004
Syria,SYR,1998,5893618
Syria,SYR,1999,5906670
Syria,SYR,2000,6217845
Syria,SYR,2001,4371999
Syria,SYR,2002,3024159
Syria,SYR,2003,2883636
Syria,SYR,2004,2426013
Syria,SYR,2005,2356952
Syria,SYR,2006,2031275
Syria,SYR,2007,1963639
Syria,SYR,2008,1659365
Syria,SYR,2009,2021622.9
Syria,SYR,2010,1859147
Syria,SYR,2011,1596739
Syria,SYR,2012,1334330
Syria,SYR,2013,802063
Syria,SYR,2014,731943
Syria,SYR,2015,979265
Syria,SYR,2016,740117
Syria,SYR,2017,2238430
Syria,SYR,2018,1339463
Syria,SYR,2019,1751433
Syria,SYR,2020,1838051
Syria,SYR,2021,1956680
Syria,SYR,2022,2002902
Syria,SYR,2023,2036125.9
Syria,SYR,2024,2143933
Taiwan,TWN,1750,0
Taiwan,TWN,1751,0
Taiwan,TWN,1752,0
Taiwan,TWN,1753,0
Taiwan,TWN,1754,0
Taiwan,TWN,1755,0
Taiwan,TWN,1756,0
Taiwan,TWN,1757,0
Taiwan,TWN,1758,0
Taiwan,TWN,1759,0
Taiwan,TWN,1760,0
Taiwan,TWN,1761,0
Taiwan,TWN,1762,0
Taiwan,TWN,1763,0
Taiwan,TWN,1764,0
Taiwan,TWN,1765,0
Taiwan,TWN,1766,0
Taiwan,TWN,1767,0
Taiwan,TWN,1768,0
Taiwan,TWN,1769,0
Taiwan,TWN,1770,0
Taiwan,TWN,1771,0
Taiwan,TWN,1772,0
Taiwan,TWN,1773,0
Taiwan,TWN,1774,0
Taiwan,TWN,1775,0
Taiwan,TWN,1776,0
Taiwan,TWN,1777,0
Taiwan,TWN,1778,0
Taiwan,TWN,1779,0
Taiwan,TWN,1780,0
Taiwan,TWN,1781,0
Taiwan,TWN,1782,0
Taiwan,TWN,1783,0
Taiwan,TWN,1784,0
Taiwan,TWN,1785,0
Taiwan,TWN,1786,0
Taiwan,TWN,1787,0
Taiwan,TWN,1788,0
Taiwan,TWN,1789,0
Taiwan,TWN,1790,0
Taiwan,TWN,1791,0
Taiwan,TWN,1792,0
Taiwan,TWN,1793,0
Taiwan,TWN,1794,0
Taiwan,TWN,1795,0
Taiwan,TWN,1796,0
Taiwan,TWN,1797,0
Taiwan,TWN,1798,0
Taiwan,TWN,1799,0
Taiwan,TWN,1800,0
Taiwan,TWN,1801,0
Taiwan,TWN,1802,0
Taiwan,TWN,1803,0
Taiwan,TWN,1804,0
Taiwan,TWN,1805,0
Taiwan,TWN,1806,0
Taiwan,TWN,1807,0
Taiwan,TWN,1808,0
Taiwan,TWN,1809,0
Taiwan,TWN,1810,0
Taiwan,TWN,1811,0
Taiwan,TWN,1812,0
Taiwan,TWN,1813,0
Taiwan,TWN,1814,0
Taiwan,TWN,1815,0
Taiwan,TWN,1816,0
Taiwan,TWN,1817,0
Taiwan,TWN,1818,0
Taiwan,TWN,1819,0
Taiwan,TWN,1820,0
Taiwan,TWN,1821,0
Taiwan,TWN,1822,0
Taiwan,TWN,1823,0
Taiwan,TWN,1824,0
Taiwan,TWN,1825,0
Taiwan,TWN,1826,0
Taiwan,TWN,1827,0
Taiwan,TWN,1828,0
Taiwan,TWN,1829,0
Taiwan,TWN,1830,0
Taiwan,TWN,1831,0
Taiwan,TWN,1832,0
Taiwan,TWN,1833,0
Taiwan,TWN,1834,0
Taiwan,TWN,1835,0
Taiwan,TWN,1836,0
Taiwan,TWN,1837,0
Taiwan,TWN,1838,0
Taiwan,TWN,1839,0
Taiwan,TWN,1840,0
Taiwan,TWN,1841,0
Taiwan,TWN,1842,0
Taiwan,TWN,1843,0
Taiwan,TWN,1844,0
Taiwan,TWN,1845,0
Taiwan,TWN,1846,0
Taiwan,TWN,1847,0
Taiwan,TWN,1848,0
Taiwan,TWN,1849,0
Taiwan,TWN,1850,0
Taiwan,TWN,1851,0
Taiwan,TWN,1852,0
Taiwan,TWN,1853,0
Taiwan,TWN,1854,0
Taiwan,TWN,1855,0
Taiwan,TWN,1856,0
Taiwan,TWN,1857,0
Taiwan,TWN,1858,0
Taiwan,TWN,1859,0
Taiwan,TWN,1860,0
Taiwan,TWN,1861,0
Taiwan,TWN,1862,0
Taiwan,TWN,1863,0
Taiwan,TWN,1864,0
Taiwan,TWN,1865,0
Taiwan,TWN,1866,0
Taiwan,TWN,1867,0
Taiwan,TWN,1868,0
Taiwan,TWN,1869,0
Taiwan,TWN,1870,0
Taiwan,TWN,1871,0
Taiwan,TWN,1872,0
Taiwan,TWN,1873,0
Taiwan,TWN,1874,0
Taiwan,TWN,1875,0
Taiwan,TWN,1876,0
Taiwan,TWN,1877,0
Taiwan,TWN,1878,0
Taiwan,TWN,1879,0
Taiwan,TWN,1880,0
Taiwan,TWN,1881,0
Taiwan,TWN,1882,0
Taiwan,TWN,1883,0
Taiwan,TWN,1884,0
Taiwan,TWN,1885,0
Taiwan,TWN,1886,0
Taiwan,TWN,1887,0
Taiwan,TWN,1888,0
Taiwan,TWN,1889,0
Taiwan,TWN,1890,0
Taiwan,TWN,1891,0
Taiwan,TWN,1892,0
Taiwan,TWN,1893,0
Taiwan,TWN,1894,0
Taiwan,TWN,1895,0
Taiwan,TWN,1896,0
Taiwan,TWN,1897,0
Taiwan,TWN,1898,0
Taiwan,TWN,1899,0
Taiwan,TWN,1900,0
Taiwan,TWN,1901,0
Taiwan,TWN,1902,0
Taiwan,TWN,1903,0
Taiwan,TWN,1904,0
Taiwan,TWN,1905,0
Taiwan,TWN,1906,0
Taiwan,TWN,1907,0
Taiwan,TWN,1908,0
Taiwan,TWN,1909,0
Taiwan,TWN,1910,0
Taiwan,TWN,1911,0
Taiwan,TWN,1912,0
Taiwan,TWN,1913,0
Taiwan,TWN,1914,0
Taiwan,TWN,1915,0
Taiwan,TWN,1916,0
Taiwan,TWN,1917,0
Taiwan,TWN,1918,0
Taiwan,TWN,1919,0
Taiwan,TWN,1920,0
Taiwan,TWN,1921,0
Taiwan,TWN,1922,0
Taiwan,TWN,1923,0
Taiwan,TWN,1924,0
Taiwan,TWN,1925,0
Taiwan,TWN,1926,0
Taiwan,TWN,1927,0
Taiwan,TWN,1928,0
Taiwan,TWN,1929,0
Taiwan,TWN,1930,0
Taiwan,TWN,1931,0
Taiwan,TWN,1932,0
Taiwan,TWN,1933,0
Taiwan,TWN,1934,0
Taiwan,TWN,1935,0
Taiwan,TWN,1936,0
Taiwan,TWN,1937,0
Taiwan,TWN,1938,0
Taiwan,TWN,1939,0
Taiwan,TWN,1940,0
Taiwan,TWN,1941,0
Taiwan,TWN,1942,0
Taiwan,TWN,1943,0
Taiwan,TWN,1944,0
Taiwan,TWN,1945,0
Taiwan,TWN,1946,0
Taiwan,TWN,1947,0
Taiwan,TWN,1948,0
Taiwan,TWN,1949,0
Taiwan,TWN,1950,0
Taiwan,TWN,1951,0
Taiwan,TWN,1952,0
Taiwan,TWN,1953,0
Taiwan,TWN,1954,0
Taiwan,TWN,1955,0
Taiwan,TWN,1956,0
Taiwan,TWN,1957,0
Taiwan,TWN,1958,0
Taiwan,TWN,1959,0
Taiwan,TWN,1960,0
Taiwan,TWN,1961,0
Taiwan,TWN,1962,0
Taiwan,TWN,1963,0
Taiwan,TWN,1964,0
Taiwan,TWN,1965,0
Taiwan,TWN,1966,0
Taiwan,TWN,1967,0
Taiwan,TWN,1968,0
Taiwan,TWN,1969,0
Taiwan,TWN,1970,0
Taiwan,TWN,1971,0
Taiwan,TWN,1972,0
Taiwan,TWN,1973,0
Taiwan,TWN,1974,0
Taiwan,TWN,1975,0
Taiwan,TWN,1976,0
Taiwan,TWN,1977,0
Taiwan,TWN,1978,0
Taiwan,TWN,1979,0
Taiwan,TWN,1980,0
Taiwan,TWN,1981,0
Taiwan,TWN,1982,0
Taiwan,TWN,1983,0
Taiwan,TWN,1984,0
Taiwan,TWN,1985,0
Taiwan,TWN,1986,0
Taiwan,TWN,1987,0
Taiwan,TWN,1988,0
Taiwan,TWN,1989,0
Taiwan,TWN,1990,0
Taiwan,TWN,1991,0
Taiwan,TWN,1992,0
Taiwan,TWN,1993,0
Taiwan,TWN,1994,0
Taiwan,TWN,1995,0
Taiwan,TWN,1996,0
Taiwan,TWN,1997,0
Taiwan,TWN,1998,0
Taiwan,TWN,1999,0
Taiwan,TWN,2000,0
Taiwan,TWN,2001,0
Taiwan,TWN,2002,0
Taiwan,TWN,2003,0
Taiwan,TWN,2004,0
Taiwan,TWN,2005,0
Taiwan,TWN,2006,0
Taiwan,TWN,2007,0
Taiwan,TWN,2008,0
Taiwan,TWN,2009,0
Taiwan,TWN,2010,0
Taiwan,TWN,2011,0
Taiwan,TWN,2012,0
Taiwan,TWN,2013,0
Taiwan,TWN,2014,0
Taiwan,TWN,2015,0
Taiwan,TWN,2016,0
Taiwan,TWN,2017,0
Taiwan,TWN,2018,0
Taiwan,TWN,2019,0
Taiwan,TWN,2020,0
Taiwan,TWN,2021,0
Taiwan,TWN,2022,0
Taiwan,TWN,2023,0
Taiwan,TWN,2024,0
Tajikistan,TJK,1830,0
Tajikistan,TJK,1831,0
Tajikistan,TJK,1832,0
Tajikistan,TJK,1833,0
Tajikistan,TJK,1850,0
Tajikistan,TJK,1855,0
Tajikistan,TJK,1858,0
Tajikistan,TJK,1859,0
Tajikistan,TJK,1860,0
Tajikistan,TJK,1861,0
Tajikistan,TJK,1862,0
Tajikistan,TJK,1863,0
Tajikistan,TJK,1864,0
Tajikistan,TJK,1865,0
Tajikistan,TJK,1866,0
Tajikistan,TJK,1867,0
Tajikistan,TJK,1868,0
Tajikistan,TJK,1869,0
Tajikistan,TJK,1870,0
Tajikistan,TJK,1871,0
Tajikistan,TJK,1872,0
Tajikistan,TJK,1873,0
Tajikistan,TJK,1874,0
Tajikistan,TJK,1875,0
Tajikistan,TJK,1876,0
Tajikistan,TJK,1877,0
Tajikistan,TJK,1878,0
Tajikistan,TJK,1879,0
Tajikistan,TJK,1880,0
Tajikistan,TJK,1881,0
Tajikistan,TJK,1882,0
Tajikistan,TJK,1883,0
Tajikistan,TJK,1884,0
Tajikistan,TJK,1885,0
Tajikistan,TJK,1886,0
Tajikistan,TJK,1887,0
Tajikistan,TJK,1888,0
Tajikistan,TJK,1889,0
Tajikistan,TJK,1890,0
Tajikistan,TJK,1891,0
Tajikistan,TJK,1892,0
Tajikistan,TJK,1893,0
Tajikistan,TJK,1894,0
Tajikistan,TJK,1895,0
Tajikistan,TJK,1896,0
Tajikistan,TJK,1897,0
Tajikistan,TJK,1898,0
Tajikistan,TJK,1899,0
Tajikistan,TJK,1900,0
Tajikistan,TJK,1901,0
Tajikistan,TJK,1902,0
Tajikistan,TJK,1903,0
Tajikistan,TJK,1904,0
Tajikistan,TJK,1905,0
Tajikistan,TJK,1906,0
Tajikistan,TJK,1907,0
Tajikistan,TJK,1908,0
Tajikistan,TJK,1909,0
Tajikistan,TJK,1910,0
Tajikistan,TJK,1911,0
Tajikistan,TJK,1912,0
Tajikistan,TJK,1913,0
Tajikistan,TJK,1914,0
Tajikistan,TJK,1915,0
Tajikistan,TJK,1916,0
Tajikistan,TJK,1917,0
Tajikistan,TJK,1918,0
Tajikistan,TJK,1919,0
Tajikistan,TJK,1920,0
Tajikistan,TJK,1921,0
Tajikistan,TJK,1922,0
Tajikistan,TJK,1923,0
Tajikistan,TJK,1924,0
Tajikistan,TJK,1925,0
Tajikistan,TJK,1926,0
Tajikistan,TJK,1927,0
Tajikistan,TJK,1928,0
Tajikistan,TJK,1929,0
Tajikistan,TJK,1930,0
Tajikistan,TJK,1931,0
Tajikistan,TJK,1932,0
Tajikistan,TJK,1933,0
Tajikistan,TJK,1934,0
Tajikistan,TJK,1935,0
Tajikistan,TJK,1936,0
Tajikistan,TJK,1937,0
Tajikistan,TJK,1938,0
Tajikistan,TJK,1939,0
Tajikistan,TJK,1940,0
Tajikistan,TJK,1941,0
Tajikistan,TJK,1942,0
Tajikistan,TJK,1943,0
Tajikistan,TJK,1944,0
Tajikistan,TJK,1945,0
Tajikistan,TJK,1946,0
Tajikistan,TJK,1947,0
Tajikistan,TJK,1948,0
Tajikistan,TJK,1949,0
Tajikistan,TJK,1950,0
Tajikistan,TJK,1951,0
Tajikistan,TJK,1952,0
Tajikistan,TJK,1953,0
Tajikistan,TJK,1954,0
Tajikistan,TJK,1955,0
Tajikistan,TJK,1956,0
Tajikistan,TJK,1957,0
Tajikistan,TJK,1958,0
Tajikistan,TJK,1959,0
Tajikistan,TJK,1960,0
Tajikistan,TJK,1961,0
Tajikistan,TJK,1962,0
Tajikistan,TJK,1963,0
Tajikistan,TJK,1964,0
Tajikistan,TJK,1965,0
Tajikistan,TJK,1966,0
Tajikistan,TJK,1967,0
Tajikistan,TJK,1968,0
Tajikistan,TJK,1969,0
Tajikistan,TJK,1970,0
Tajikistan,TJK,1971,88181
Tajikistan,TJK,1972,83266
Tajikistan,TJK,1973,97566
Tajikistan,TJK,1974,105431
Tajikistan,TJK,1975,116524
Tajikistan,TJK,1976,129740
Tajikistan,TJK,1977,139666
Tajikistan,TJK,1978,147613
Tajikistan,TJK,1979,80257
Tajikistan,TJK,1980,81076
Tajikistan,TJK,1981,78995
Tajikistan,TJK,1982,78963
Tajikistan,TJK,1983,77869
Tajikistan,TJK,1984,77399
Tajikistan,TJK,1985,84806
Tajikistan,TJK,1986,74209
Tajikistan,TJK,1987,68062
Tajikistan,TJK,1988,149687
Tajikistan,TJK,1989,145965
Tajikistan,TJK,1990,96559
Tajikistan,TJK,1991,89827
Tajikistan,TJK,1994,0
Tajikistan,TJK,1995,0
Tajikistan,TJK,1996,0
Tajikistan,TJK,1997,0
Tajikistan,TJK,1998,0
Tajikistan,TJK,1999,0
Tajikistan,TJK,2000,0
Tajikistan,TJK,2001,0
Tajikistan,TJK,2002,0
Tajikistan,TJK,2003,0
Tajikistan,TJK,2004,0
Tajikistan,TJK,2005,0
Tajikistan,TJK,2006,0
Tajikistan,TJK,2007,0
Tajikistan,TJK,2008,0
Tajikistan,TJK,2009,0
Tajikistan,TJK,2010,0
Tajikistan,TJK,2011,0
Tajikistan,TJK,2012,0
Tajikistan,TJK,2013,0
Tajikistan,TJK,2014,0
Tajikistan,TJK,2015,0
Tajikistan,TJK,2016,0
Tajikistan,TJK,2017,0
Tajikistan,TJK,2018,0
Tajikistan,TJK,2019,0
Tajikistan,TJK,2020,0
Tajikistan,TJK,2021,0
Tajikistan,TJK,2022,0
Tajikistan,TJK,2023,0
Tajikistan,TJK,2024,0
Tanzania,TZA,1994,0
Tanzania,TZA,1995,0
Tanzania,TZA,1996,0
Tanzania,TZA,1997,0
Tanzania,TZA,1998,0
Tanzania,TZA,1999,0
Tanzania,TZA,2000,0
Tanzania,TZA,2001,0
Tanzania,TZA,2002,0
Tanzania,TZA,2003,0
Tanzania,TZA,2004,0
Tanzania,TZA,2005,0
Tanzania,TZA,2006,0
Tanzania,TZA,2007,0
Tanzania,TZA,2008,0
Tanzania,TZA,2009,0
Tanzania,TZA,2010,0
Tanzania,TZA,2011,0
Tanzania,TZA,2012,1554
Tanzania,TZA,2013,5522
Tanzania,TZA,2014,1510
Tanzania,TZA,2015,265
Tanzania,TZA,2016,0
Tanzania,TZA,2017,0
Tanzania,TZA,2018,0
Tanzania,TZA,2019,0
Tanzania,TZA,2020,0
Tanzania,TZA,2021,0
Tanzania,TZA,2022,0
Tanzania,TZA,2023,0
Tanzania,TZA,2024,188
Thailand,THA,1994,178128
Thailand,THA,1995,241289
Thailand,THA,1996,248190
Thailand,THA,1997,250790
Thailand,THA,1998,227336
Thailand,THA,1999,274644
Thailand,THA,2000,286571
Thailand,THA,2001,287946
Thailand,THA,2002,276369
Thailand,THA,2003,364133
Thailand,THA,2004,452622
Thailand,THA,2005,455998
Thailand,THA,2006,398439
Thailand,THA,2007,383736
Thailand,THA,2008,372760
Thailand,THA,2009,417967
Thailand,THA,2010,394513
Thailand,THA,2011,696832
Thailand,THA,2012,999151
Thailand,THA,2013,805764
Thailand,THA,2014,742076
Thailand,THA,2015,803021
Thailand,THA,2016,708861
Thailand,THA,2017,700052
Thailand,THA,2018,613276
Thailand,THA,2019,591380
Thailand,THA,2020,606376
Thailand,THA,2021,500136.03
Thailand,THA,2022,408718
Thailand,THA,2023,395065
Thailand,THA,2024,395138
Togo,TGO,1994,0
Togo,TGO,1995,0
Togo,TGO,1996,0
Togo,TGO,1997,0
Togo,TGO,1998,0
Togo,TGO,1999,0
Togo,TGO,2000,0
Togo,TGO,2001,0
Togo,TGO,2002,0
Togo,TGO,2003,0
Togo,TGO,2004,0
Togo,TGO,2005,0
Togo,TGO,2006,0
Togo,TGO,2007,0
Togo,TGO,2008,0
Togo,TGO,2009,0
Togo,TGO,2010,0
Togo,TGO,2011,0
Togo,TGO,2012,0
Togo,TGO,2013,0
Togo,TGO,2014,0
Togo,TGO,2015,0
Togo,TGO,2016,0
Togo,TGO,2017,0
Togo,TGO,2018,0
Togo,TGO,2019,0
Togo,TGO,2020,0
Togo,TGO,2021,0
Togo,TGO,2022,0
Togo,TGO,2023,0
Togo,TGO,2024,0
Tonga,TON,1994,0
Tonga,TON,1995,0
Tonga,TON,1996,0
Tonga,TON,1997,0
Tonga,TON,1998,0
Tonga,TON,1999,0
Tonga,TON,2000,0
Tonga,TON,2001,0
Tonga,TON,2002,0
Tonga,TON,2003,0
Tonga,TON,2004,0
Tonga,TON,2005,0
Tonga,TON,2006,0
Tonga,TON,2007,0
Tonga,TON,2008,0
Tonga,TON,2009,0
Tonga,TON,2010,0
Tonga,TON,2011,0
Tonga,TON,2012,0
Tonga,TON,2013,0
Tonga,TON,2014,0
Tonga,TON,2015,0
Tonga,TON,2016,0
Tonga,TON,2017,0
Tonga,TON,2018,0
Tonga,TON,2019,0
Tonga,TON,2020,0
Tonga,TON,2021,0
Tonga,TON,2022,0
Tonga,TON,2023,0
Tonga,TON,2024,0
Trinidad and Tobago,TTO,1970,1920719
Trinidad and Tobago,TTO,1971,1784368
Trinidad and Tobago,TTO,1972,1524224
Trinidad and Tobago,TTO,1973,2308320
Trinidad and Tobago,TTO,1974,3466144
Trinidad and Tobago,TTO,1975,3854528
Trinidad and Tobago,TTO,1976,3872848
Trinidad and Tobago,TTO,1977,3828880
Trinidad and Tobago,TTO,1978,3231648
Trinidad and Tobago,TTO,1979,3184714
Trinidad and Tobago,TTO,1980,3879336
Trinidad and Tobago,TTO,1981,3943302
Trinidad and Tobago,TTO,1982,5914873
Trinidad and Tobago,TTO,1983,6408336
Trinidad and Tobago,TTO,1984,6664816
Trinidad and Tobago,TTO,1985,7738368
Trinidad and Tobago,TTO,1986,7007046
Trinidad and Tobago,TTO,1987,6833360
Trinidad and Tobago,TTO,1988,5592556
Trinidad and Tobago,TTO,1989,4205317
Trinidad and Tobago,TTO,1990,2487856
Trinidad and Tobago,TTO,1991,2715610
Trinidad and Tobago,TTO,1992,2931200
Trinidad and Tobago,TTO,1993,2557472
Trinidad and Tobago,TTO,1994,493779
Trinidad and Tobago,TTO,1995,221485
Trinidad and Tobago,TTO,1996,445621
Trinidad and Tobago,TTO,1997,308174
Trinidad and Tobago,TTO,1998,154550
Trinidad and Tobago,TTO,1999,129921.01
Trinidad and Tobago,TTO,2000,175028
Trinidad and Tobago,TTO,2001,187030
Trinidad and Tobago,TTO,2002,110618
Trinidad and Tobago,TTO,2003,140422
Trinidad and Tobago,TTO,2004,135572
Trinidad and Tobago,TTO,2005,282695
Trinidad and Tobago,TTO,2006,312675
Trinidad and Tobago,TTO,2007,347506
Trinidad and Tobago,TTO,2008,368909
Trinidad and Tobago,TTO,2009,221785
Trinidad and Tobago,TTO,2010,154425
Trinidad and Tobago,TTO,2011,387252
Trinidad and Tobago,TTO,2012,620079
Trinidad and Tobago,TTO,2013,587702
Trinidad and Tobago,TTO,2014,507091
Trinidad and Tobago,TTO,2015,437962
Trinidad and Tobago,TTO,2016,353822
Trinidad and Tobago,TTO,2017,369672
Trinidad and Tobago,TTO,2018,364080
Trinidad and Tobago,TTO,2019,347908
Trinidad and Tobago,TTO,2020,376022
Trinidad and Tobago,TTO,2021,278660
Trinidad and Tobago,TTO,2022,298559
Trinidad and Tobago,TTO,2023,271296
Trinidad and Tobago,TTO,2024,178431
Tunisia,TUN,1972,40335
Tunisia,TUN,1973,32976
Tunisia,TUN,1974,14656
Tunisia,TUN,1975,14656
Tunisia,TUN,1976,14665
Tunisia,TUN,1977,40304
Tunisia,TUN,1978,25648
Tunisia,TUN,1979,32976
Tunisia,TUN,1980,43968
Tunisia,TUN,1981,58624
Tunisia,TUN,1982,65977
Tunisia,TUN,1983,47632
Tunisia,TUN,1984,58624
Tunisia,TUN,1985,80608
Tunisia,TUN,1986,113619
Tunisia,TUN,1987,109920
Tunisia,TUN,1988,25648
Tunisia,TUN,1989,32967
Tunisia,TUN,1990,73300
Tunisia,TUN,1991,84272
Tunisia,TUN,1992,87936
Tunisia,TUN,1993,54948
Tunisia,TUN,1994,425818
Tunisia,TUN,1995,404065
Tunisia,TUN,1996,383011
Tunisia,TUN,1997,362908
Tunisia,TUN,1998,403014
Tunisia,TUN,1999,480327
Tunisia,TUN,2000,423093
Tunisia,TUN,2001,416617
Tunisia,TUN,2002,412416
Tunisia,TUN,2003,399414
Tunisia,TUN,2004,416542
Tunisia,TUN,2005,479652
Tunisia,TUN,2006,576042
Tunisia,TUN,2007,585144
Tunisia,TUN,2008,798028
Tunisia,TUN,2009,761122
Tunisia,TUN,2010,657455
Tunisia,TUN,2011,939801
Tunisia,TUN,2012,1222146
Tunisia,TUN,2013,1108335
Tunisia,TUN,2014,1126336
Tunisia,TUN,2015,909887
Tunisia,TUN,2016,674426
Tunisia,TUN,2017,528665
Tunisia,TUN,2018,549478
Tunisia,TUN,2019,463529
Tunisia,TUN,2020,438973
Tunisia,TUN,2021,511966
Tunisia,TUN,2022,524769
Tunisia,TUN,2023,348092
Tunisia,TUN,2024,320145
Turkey,TUR,1990,220204
Turkey,TUR,1991,263369
Turkey,TUR,1992,253511.02
Turkey,TUR,1993,230920
Turkey,TUR,1994,218891
Turkey,TUR,1995,209114
Turkey,TUR,1996,208410
Turkey,TUR,1997,206479
Turkey,TUR,1998,194117
Turkey,TUR,1999,178279
Turkey,TUR,2000,167848
Turkey,TUR,2001,154674
Turkey,TUR,2002,148241
Turkey,TUR,2003,145183
Turkey,TUR,2004,140202
Turkey,TUR,2005,141602
Turkey,TUR,2006,135104
Turkey,TUR,2007,132900
Turkey,TUR,2008,134862
Turkey,TUR,2009,138216
Turkey,TUR,2010,156157
Turkey,TUR,2011,150521
Turkey,TUR,2012,143695
Turkey,TUR,2013,145537
Turkey,TUR,2014,145487
Turkey,TUR,2015,154593
Turkey,TUR,2016,157941
Turkey,TUR,2017,157038
Turkey,TUR,2018,174472
Turkey,TUR,2019,182841
Turkey,TUR,2020,195236
Turkey,TUR,2021,209817
Turkey,TUR,2022,217637
Turkey,TUR,2023,213937
Turkey,TUR,2024,213937
Turkmenistan,TKM,1830,0
Turkmenistan,TKM,1831,0
Turkmenistan,TKM,1832,0
Turkmenistan,TKM,1833,0
Turkmenistan,TKM,1850,0
Turkmenistan,TKM,1855,0
Turkmenistan,TKM,1858,0
Turkmenistan,TKM,1859,0
Turkmenistan,TKM,1860,0
Turkmenistan,TKM,1861,0
Turkmenistan,TKM,1862,0
Turkmenistan,TKM,1863,0
Turkmenistan,TKM,1864,0
Turkmenistan,TKM,1865,0
Turkmenistan,TKM,1866,0
Turkmenistan,TKM,1867,0
Turkmenistan,TKM,1868,0
Turkmenistan,TKM,1869,0
Turkmenistan,TKM,1870,0
Turkmenistan,TKM,1871,0
Turkmenistan,TKM,1872,0
Turkmenistan,TKM,1873,0
Turkmenistan,TKM,1874,0
Turkmenistan,TKM,1875,0
Turkmenistan,TKM,1876,0
Turkmenistan,TKM,1877,0
Turkmenistan,TKM,1878,0
Turkmenistan,TKM,1879,0
Turkmenistan,TKM,1880,0
Turkmenistan,TKM,1881,0
Turkmenistan,TKM,1882,0
Turkmenistan,TKM,1883,0
Turkmenistan,TKM,1884,0
Turkmenistan,TKM,1885,0
Turkmenistan,TKM,1886,0
Turkmenistan,TKM,1887,0
Turkmenistan,TKM,1888,0
Turkmenistan,TKM,1889,0
Turkmenistan,TKM,1890,0
Turkmenistan,TKM,1891,0
Turkmenistan,TKM,1892,0
Turkmenistan,TKM,1893,0
Turkmenistan,TKM,1894,0
Turkmenistan,TKM,1895,0
Turkmenistan,TKM,1896,0
Turkmenistan,TKM,1897,0
Turkmenistan,TKM,1898,0
Turkmenistan,TKM,1899,0
Turkmenistan,TKM,1900,0
Turkmenistan,TKM,1901,0
Turkmenistan,TKM,1902,0
Turkmenistan,TKM,1903,0
Turkmenistan,TKM,1904,0
Turkmenistan,TKM,1905,0
Turkmenistan,TKM,1906,0
Turkmenistan,TKM,1907,0
Turkmenistan,TKM,1908,0
Turkmenistan,TKM,1909,0
Turkmenistan,TKM,1910,0
Turkmenistan,TKM,1911,0
Turkmenistan,TKM,1912,0
Turkmenistan,TKM,1913,0
Turkmenistan,TKM,1914,0
Turkmenistan,TKM,1915,0
Turkmenistan,TKM,1916,0
Turkmenistan,TKM,1917,0
Turkmenistan,TKM,1918,0
Turkmenistan,TKM,1919,0
Turkmenistan,TKM,1920,0
Turkmenistan,TKM,1921,0
Turkmenistan,TKM,1922,0
Turkmenistan,TKM,1923,0
Turkmenistan,TKM,1924,0
Turkmenistan,TKM,1925,0
Turkmenistan,TKM,1926,0
Turkmenistan,TKM,1927,0
Turkmenistan,TKM,1928,0
Turkmenistan,TKM,1929,0
Turkmenistan,TKM,1930,0
Turkmenistan,TKM,1931,0
Turkmenistan,TKM,1932,0
Turkmenistan,TKM,1933,0
Turkmenistan,TKM,1934,0
Turkmenistan,TKM,1935,0
Turkmenistan,TKM,1936,0
Turkmenistan,TKM,1937,0
Turkmenistan,TKM,1938,0
Turkmenistan,TKM,1939,0
Turkmenistan,TKM,1940,0
Turkmenistan,TKM,1941,0
Turkmenistan,TKM,1942,0
Turkmenistan,TKM,1943,0
Turkmenistan,TKM,1944,0
Turkmenistan,TKM,1945,0
Turkmenistan,TKM,1946,0
Turkmenistan,TKM,1947,0
Turkmenistan,TKM,1948,0
Turkmenistan,TKM,1949,0
Turkmenistan,TKM,1950,0
Turkmenistan,TKM,1951,0
Turkmenistan,TKM,1952,0
Turkmenistan,TKM,1953,0
Turkmenistan,TKM,1954,0
Turkmenistan,TKM,1955,0
Turkmenistan,TKM,1956,0
Turkmenistan,TKM,1957,0
Turkmenistan,TKM,1958,0
Turkmenistan,TKM,1959,0
Turkmenistan,TKM,1960,0
Turkmenistan,TKM,1961,0
Turkmenistan,TKM,1962,0
Turkmenistan,TKM,1963,0
Turkmenistan,TKM,1964,0
Turkmenistan,TKM,1965,0
Turkmenistan,TKM,1966,0
Turkmenistan,TKM,1967,0
Turkmenistan,TKM,1968,0
Turkmenistan,TKM,1969,0
Turkmenistan,TKM,1970,0
Turkmenistan,TKM,1971,277314
Turkmenistan,TKM,1972,261227.02
Turkmenistan,TKM,1973,303906
Turkmenistan,TKM,1974,325638
Turkmenistan,TKM,1975,356376
Turkmenistan,TKM,1976,391623
Turkmenistan,TKM,1977,417562
Turkmenistan,TKM,1978,438554
Turkmenistan,TKM,1979,235892
Turkmenistan,TKM,1980,238350
Turkmenistan,TKM,1981,226087
Turkmenistan,TKM,1982,223826
Turkmenistan,TKM,1983,217170
Turkmenistan,TKM,1984,211462
Turkmenistan,TKM,1985,230961
Turkmenistan,TKM,1986,202101
Turkmenistan,TKM,1987,185359
Turkmenistan,TKM,1988,407659
Turkmenistan,TKM,1989,397521
Turkmenistan,TKM,1990,262968
Turkmenistan,TKM,1991,244634
Turkmenistan,TKM,1994,773024
Turkmenistan,TKM,1995,635652
Turkmenistan,TKM,1996,1049468
Turkmenistan,TKM,1997,639602
Turkmenistan,TKM,1998,1419952
Turkmenistan,TKM,1999,2191301
Turkmenistan,TKM,2000,1895303
Turkmenistan,TKM,2001,1870574
Turkmenistan,TKM,2002,2306144
Turkmenistan,TKM,2003,3001105
Turkmenistan,TKM,2004,2908590
Turkmenistan,TKM,2005,2491574
Turkmenistan,TKM,2006,2625695
Turkmenistan,TKM,2007,2423563
Turkmenistan,TKM,2008,2771543
Turkmenistan,TKM,2009,2292717
Turkmenistan,TKM,2010,2074032.1
Turkmenistan,TKM,2011,3338617
Turkmenistan,TKM,2012,4603202
Turkmenistan,TKM,2013,4233450
Turkmenistan,TKM,2014,3742842
Turkmenistan,TKM,2015,3464834
Turkmenistan,TKM,2016,3299808
Turkmenistan,TKM,2017,3130978
Turkmenistan,TKM,2018,2801466
Turkmenistan,TKM,2019,2527481
Turkmenistan,TKM,2020,3134544
Turkmenistan,TKM,2021,2199326
Turkmenistan,TKM,2022,2011419
Turkmenistan,TKM,2023,2211475
Turkmenistan,TKM,2024,2528243
Turks and Caicos Islands,TCA,1994,0
Turks and Caicos Islands,TCA,1995,0
Turks and Caicos Islands,TCA,1996,0
Turks and Caicos Islands,TCA,1997,0
Turks and Caicos Islands,TCA,1998,0
Turks and Caicos Islands,TCA,1999,0
Turks and Caicos Islands,TCA,2000,0
Turks and Caicos Islands,TCA,2001,0
Turks and Caicos Islands,TCA,2002,0
Turks and Caicos Islands,TCA,2003,0
Turks and Caicos Islands,TCA,2004,0
Turks and Caicos Islands,TCA,2005,0
Turks and Caicos Islands,TCA,2006,0
Turks and Caicos Islands,TCA,2007,0
Turks and Caicos Islands,TCA,2008,0
Turks and Caicos Islands,TCA,2009,0
Turks and Caicos Islands,TCA,2010,0
Turks and Caicos Islands,TCA,2011,0
Turks and Caicos Islands,TCA,2012,0
Turks and Caicos Islands,TCA,2013,0
Turks and Caicos Islands,TCA,2014,0
Turks and Caicos Islands,TCA,2015,0
Turks and Caicos Islands,TCA,2016,0
Turks and Caicos Islands,TCA,2017,0
Turks and Caicos Islands,TCA,2018,0
Turks and Caicos Islands,TCA,2019,0
Turks and Caicos Islands,TCA,2020,0
Turks and Caicos Islands,TCA,2021,0
Turks and Caicos Islands,TCA,2022,0
Turks and Caicos Islands,TCA,2023,0
Turks and Caicos Islands,TCA,2024,0
Tuvalu,TUV,1994,0
Tuvalu,TUV,1995,0
Tuvalu,TUV,1996,0
Tuvalu,TUV,1997,0
Tuvalu,TUV,1998,0
Tuvalu,TUV,1999,0
Tuvalu,TUV,2000,0
Tuvalu,TUV,2001,0
Tuvalu,TUV,2002,0
Tuvalu,TUV,2003,0
Tuvalu,TUV,2004,0
Tuvalu,TUV,2005,0
Tuvalu,TUV,2006,0
Tuvalu,TUV,2007,0
Tuvalu,TUV,2008,0
Tuvalu,TUV,2009,0
Tuvalu,TUV,2010,0
Tuvalu,TUV,2011,0
Tuvalu,TUV,2012,0
Tuvalu,TUV,2013,0
Tuvalu,TUV,2014,0
Tuvalu,TUV,2015,0
Tuvalu,TUV,2016,0
Tuvalu,TUV,2017,0
Tuvalu,TUV,2018,0
Tuvalu,TUV,2019,0
Tuvalu,TUV,2020,0
Tuvalu,TUV,2021,0
Tuvalu,TUV,2022,0
Tuvalu,TUV,2023,0
Tuvalu,TUV,2024,0
Uganda,UGA,1994,0
Uganda,UGA,1995,0
Uganda,UGA,1996,0
Uganda,UGA,1997,0
Uganda,UGA,1998,0
Uganda,UGA,1999,0
Uganda,UGA,2000,0
Uganda,UGA,2001,0
Uganda,UGA,2002,0
Uganda,UGA,2003,0
Uganda,UGA,2004,0
Uganda,UGA,2005,0
Uganda,UGA,2006,0
Uganda,UGA,2007,0
Uganda,UGA,2008,0
Uganda,UGA,2009,0
Uganda,UGA,2010,0
Uganda,UGA,2011,0
Uganda,UGA,2012,0
Uganda,UGA,2013,0
Uganda,UGA,2014,0
Uganda,UGA,2015,0
Uganda,UGA,2016,0
Uganda,UGA,2017,0
Uganda,UGA,2018,0
Uganda,UGA,2019,0
Uganda,UGA,2020,0
Uganda,UGA,2021,0
Uganda,UGA,2022,0
Uganda,UGA,2023,0
Uganda,UGA,2024,0
Ukraine,UKR,1830,0
Ukraine,UKR,1831,0
Ukraine,UKR,1832,0
Ukraine,UKR,1833,0
Ukraine,UKR,1850,0
Ukraine,UKR,1855,0
Ukraine,UKR,1858,0
Ukraine,UKR,1859,0
Ukraine,UKR,1860,0
Ukraine,UKR,1861,0
Ukraine,UKR,1862,0
Ukraine,UKR,1863,0
Ukraine,UKR,1864,0
Ukraine,UKR,1865,0
Ukraine,UKR,1866,0
Ukraine,UKR,1867,0
Ukraine,UKR,1868,0
Ukraine,UKR,1869,0
Ukraine,UKR,1870,0
Ukraine,UKR,1871,0
Ukraine,UKR,1872,0
Ukraine,UKR,1873,0
Ukraine,UKR,1874,0
Ukraine,UKR,1875,0
Ukraine,UKR,1876,0
Ukraine,UKR,1877,0
Ukraine,UKR,1878,0
Ukraine,UKR,1879,0
Ukraine,UKR,1880,0
Ukraine,UKR,1881,0
Ukraine,UKR,1882,0
Ukraine,UKR,1883,0
Ukraine,UKR,1884,0
Ukraine,UKR,1885,0
Ukraine,UKR,1886,0
Ukraine,UKR,1887,0
Ukraine,UKR,1888,0
Ukraine,UKR,1889,0
Ukraine,UKR,1890,0
Ukraine,UKR,1891,0
Ukraine,UKR,1892,0
Ukraine,UKR,1893,0
Ukraine,UKR,1894,0
Ukraine,UKR,1895,0
Ukraine,UKR,1896,0
Ukraine,UKR,1897,0
Ukraine,UKR,1898,0
Ukraine,UKR,1899,0
Ukraine,UKR,1900,0
Ukraine,UKR,1901,0
Ukraine,UKR,1902,0
Ukraine,UKR,1903,0
Ukraine,UKR,1904,0
Ukraine,UKR,1905,0
Ukraine,UKR,1906,0
Ukraine,UKR,1907,0
Ukraine,UKR,1908,0
Ukraine,UKR,1909,0
Ukraine,UKR,1910,0
Ukraine,UKR,1911,0
Ukraine,UKR,1912,0
Ukraine,UKR,1913,0
Ukraine,UKR,1914,0
Ukraine,UKR,1915,0
Ukraine,UKR,1916,0
Ukraine,UKR,1917,0
Ukraine,UKR,1918,0
Ukraine,UKR,1919,0
Ukraine,UKR,1920,0
Ukraine,UKR,1921,0
Ukraine,UKR,1922,0
Ukraine,UKR,1923,0
Ukraine,UKR,1924,0
Ukraine,UKR,1925,0
Ukraine,UKR,1926,0
Ukraine,UKR,1927,0
Ukraine,UKR,1928,0
Ukraine,UKR,1929,0
Ukraine,UKR,1930,0
Ukraine,UKR,1931,0
Ukraine,UKR,1932,0
Ukraine,UKR,1933,0
Ukraine,UKR,1934,0
Ukraine,UKR,1935,0
Ukraine,UKR,1936,0
Ukraine,UKR,1937,0
Ukraine,UKR,1938,0
Ukraine,UKR,1939,0
Ukraine,UKR,1940,0
Ukraine,UKR,1941,0
Ukraine,UKR,1942,0
Ukraine,UKR,1943,0
Ukraine,UKR,1944,0
Ukraine,UKR,1945,0
Ukraine,UKR,1946,0
Ukraine,UKR,1947,0
Ukraine,UKR,1948,0
Ukraine,UKR,1949,0
Ukraine,UKR,1950,0
Ukraine,UKR,1951,0
Ukraine,UKR,1952,0
Ukraine,UKR,1953,0
Ukraine,UKR,1954,0
Ukraine,UKR,1955,0
Ukraine,UKR,1956,0
Ukraine,UKR,1957,0
Ukraine,UKR,1958,0
Ukraine,UKR,1959,0
Ukraine,UKR,1960,0
Ukraine,UKR,1961,0
Ukraine,UKR,1962,0
Ukraine,UKR,1963,0
Ukraine,UKR,1964,0
Ukraine,UKR,1965,0
Ukraine,UKR,1966,0
Ukraine,UKR,1967,0
Ukraine,UKR,1968,0
Ukraine,UKR,1969,0
Ukraine,UKR,1970,0
Ukraine,UKR,1971,3929603
Ukraine,UKR,1972,3776566
Ukraine,UKR,1973,4522110
Ukraine,UKR,1974,5001397
Ukraine,UKR,1975,5579241
Ukraine,UKR,1976,6211034
Ukraine,UKR,1977,6731316
Ukraine,UKR,1978,7293947
Ukraine,UKR,1979,3966351
Ukraine,UKR,1980,3968768
Ukraine,UKR,1981,4007196
Ukraine,UKR,1982,3993730
Ukraine,UKR,1983,3947254
Ukraine,UKR,1984,3903577
Ukraine,UKR,1985,4121214.8
Ukraine,UKR,1986,3606237
Ukraine,UKR,1987,3307507
Ukraine,UKR,1988,7274160
Ukraine,UKR,1989,7093259
Ukraine,UKR,1990,3482547
Ukraine,UKR,1991,3064950
Ukraine,UKR,1992,2708820
Ukraine,UKR,1993,2437464
Ukraine,UKR,1994,2277195
Ukraine,UKR,1995,2226079
Ukraine,UKR,1996,2230974
Ukraine,UKR,1997,2212018
Ukraine,UKR,1998,2191255
Ukraine,UKR,1999,2144612
Ukraine,UKR,2000,2146593
Ukraine,UKR,2001,2191337
Ukraine,UKR,2002,2178162
Ukraine,UKR,2003,2378680
Ukraine,UKR,2004,2572759
Ukraine,UKR,2005,2471856
Ukraine,UKR,2006,2489549
Ukraine,UKR,2007,2618059
Ukraine,UKR,2008,2696205
Ukraine,UKR,2009,2646577
Ukraine,UKR,2010,2617715
Ukraine,UKR,2011,2678687
Ukraine,UKR,2012,2548714
Ukraine,UKR,2013,2529373
Ukraine,UKR,2014,2493745
Ukraine,UKR,2015,2382325
Ukraine,UKR,2016,2372986
Ukraine,UKR,2017,2303937
Ukraine,UKR,2018,2399314
Ukraine,UKR,2019,2355091
Ukraine,UKR,2020,2303971
Ukraine,UKR,2021,2253178
Ukraine,UKR,2022,2048899.9
Ukraine,UKR,2023,2077603.1
Ukraine,UKR,2024,2077603.1
United Arab Emirates,ARE,1962,0
United Arab Emirates,ARE,1963,0
United Arab Emirates,ARE,1964,0
United Arab Emirates,ARE,1965,0
United Arab Emirates,ARE,1966,0
United Arab Emirates,ARE,1967,0
United Arab Emirates,ARE,1968,0
United Arab Emirates,ARE,1969,19236000
United Arab Emirates,ARE,1970,14256624
United Arab Emirates,ARE,1971,19470202
United Arab Emirates,ARE,1972,21317484
United Arab Emirates,ARE,1973,27795104
United Arab Emirates,ARE,1974,27791852
United Arab Emirates,ARE,1975,27022000
United Arab Emirates,ARE,1976,33496852
United Arab Emirates,ARE,1977,30000004
United Arab Emirates,ARE,1978,34445264
United Arab Emirates,ARE,1979,19505426
United Arab Emirates,ARE,1980,18230254
United Arab Emirates,ARE,1981,11723634
United Arab Emirates,ARE,1982,9867152
United Arab Emirates,ARE,1983,9522736
United Arab Emirates,ARE,1984,13465200
United Arab Emirates,ARE,1985,11676310
United Arab Emirates,ARE,1986,7059980
United Arab Emirates,ARE,1987,4770528
United Arab Emirates,ARE,1988,2828608
United Arab Emirates,ARE,1989,2172752
United Arab Emirates,ARE,1990,2018863.9
United Arab Emirates,ARE,1991,1000272.06
United Arab Emirates,ARE,1992,1615926
United Arab Emirates,ARE,1993,846337
United Arab Emirates,ARE,1994,3156805
United Arab Emirates,ARE,1995,3143753
United Arab Emirates,ARE,1996,3388342
United Arab Emirates,ARE,1997,2742539
United Arab Emirates,ARE,1998,2307344
United Arab Emirates,ARE,1999,2271363
United Arab Emirates,ARE,2000,2506576
United Arab Emirates,ARE,2001,2153369
United Arab Emirates,ARE,2002,1855822
United Arab Emirates,ARE,2003,1996819
United Arab Emirates,ARE,2004,1670442
United Arab Emirates,ARE,2005,1709774
United Arab Emirates,ARE,2006,1795937
United Arab Emirates,ARE,2007,1725476
United Arab Emirates,ARE,2008,1597156
United Arab Emirates,ARE,2009,1590404
United Arab Emirates,ARE,2010,1656015
United Arab Emirates,ARE,2011,1720310
United Arab Emirates,ARE,2012,1784605
United Arab Emirates,ARE,2013,2331478
United Arab Emirates,ARE,2014,1742860
United Arab Emirates,ARE,2015,1801703
United Arab Emirates,ARE,2016,1466635
United Arab Emirates,ARE,2017,1835380
United Arab Emirates,ARE,2018,2276894
United Arab Emirates,ARE,2019,1692512
United Arab Emirates,ARE,2020,1796198
United Arab Emirates,ARE,2021,1633968
United Arab Emirates,ARE,2022,1743296
United Arab Emirates,ARE,2023,1705207
United Arab Emirates,ARE,2024,1520412
United Kingdom,GBR,1950,0
United Kingdom,GBR,1951,0
United Kingdom,GBR,1952,0
United Kingdom,GBR,1953,0
United Kingdom,GBR,1954,0
United Kingdom,GBR,1955,0
United Kingdom,GBR,1956,0
United Kingdom,GBR,1957,0
United Kingdom,GBR,1958,0
United Kingdom,GBR,1959,0
United Kingdom,GBR,1960,0
United Kingdom,GBR,1961,0
United Kingdom,GBR,1962,0
United Kingdom,GBR,1963,0
United Kingdom,GBR,1964,0
United Kingdom,GBR,1965,0
United Kingdom,GBR,1966,0
United Kingdom,GBR,1967,0
United Kingdom,GBR,1968,245489
United Kingdom,GBR,1969,1480247
United Kingdom,GBR,1970,2956848
United Kingdom,GBR,1971,3451488
United Kingdom,GBR,1972,3942486
United Kingdom,GBR,1973,4928080
United Kingdom,GBR,1974,5422720
United Kingdom,GBR,1975,5913696
United Kingdom,GBR,1976,5913696
United Kingdom,GBR,1977,6371696
United Kingdom,GBR,1978,8595744
United Kingdom,GBR,1979,12490576
United Kingdom,GBR,1980,8027824.5
United Kingdom,GBR,1981,7976528
United Kingdom,GBR,1982,7507486
United Kingdom,GBR,1983,7159456
United Kingdom,GBR,1984,6455923
United Kingdom,GBR,1985,5034303
United Kingdom,GBR,1986,3836159
United Kingdom,GBR,1987,4037727.8
United Kingdom,GBR,1988,0
United Kingdom,GBR,1989,0
United Kingdom,GBR,1990,6787080
United Kingdom,GBR,1991,6260327
United Kingdom,GBR,1992,6444191
United Kingdom,GBR,1993,6635621
United Kingdom,GBR,1994,7425508
United Kingdom,GBR,1995,8341181
United Kingdom,GBR,1996,8706841
United Kingdom,GBR,1997,7210749
United Kingdom,GBR,1998,7448362
United Kingdom,GBR,1999,6170552
United Kingdom,GBR,2000,6446023
United Kingdom,GBR,2001,6493080
United Kingdom,GBR,2002,6178655
United Kingdom,GBR,2003,5563120
United Kingdom,GBR,2004,5618775
United Kingdom,GBR,2005,5991193
United Kingdom,GBR,2006,5271742
United Kingdom,GBR,2007,5417125
United Kingdom,GBR,2008,4749941
United Kingdom,GBR,2009,4880534
United Kingdom,GBR,2010,4737995
United Kingdom,GBR,2011,4453032
United Kingdom,GBR,2012,3645807
United Kingdom,GBR,2013,4215954
United Kingdom,GBR,2014,4436023
United Kingdom,GBR,2015,4641191
United Kingdom,GBR,2016,4558600
United Kingdom,GBR,2017,4301261
United Kingdom,GBR,2018,4476409
United Kingdom,GBR,2019,4283190
United Kingdom,GBR,2020,3442599
United Kingdom,GBR,2021,3503839
United Kingdom,GBR,2022,3195875
United Kingdom,GBR,2023,3327277
United Kingdom,GBR,2024,3420373
United States,USA,1950,43121616
United States,USA,1951,42700316
United States,USA,1952,45682684
United States,USA,1953,43619856
United States,USA,1954,38951930
United States,USA,1955,41645024
United States,USA,1956,46529136
United States,USA,1957,43557690
United States,USA,1958,34097184
United States,USA,1959,30755616
United States,USA,1960,30315936
United States,USA,1961,28198144
United States,USA,1962,22921984
United States,USA,1963,20650304
United States,USA,1964,18411600
United States,USA,1965,17187824
United States,USA,1966,20232608
United States,USA,1967,26384438
United States,USA,1968,27817088
United States,USA,1969,28315392
United States,USA,1970,26248896
United States,USA,1971,15260547
United States,USA,1972,13307637
United States,USA,1973,13186746
United States,USA,1974,8899856
United States,USA,1975,7111824
United States,USA,1976,7338992
United States,USA,1977,7262048
United States,USA,1978,8123088
United States,USA,1979,8866873
United States,USA,1980,6690464
United States,USA,1981,5232192
United States,USA,1982,4990368
United States,USA,1983,5089300
United States,USA,1984,5789115
United States,USA,1985,5100288
United States,USA,1986,5243180
United States,USA,1987,6631840
United States,USA,1988,7643098
United States,USA,1989,7595472
United States,USA,1990,42667580
United States,USA,1991,41847864
United States,USA,1992,41455564
United States,USA,1993,41099020
United States,USA,1994,41050100
United States,USA,1995,39276276
United States,USA,1996,37885628
United States,USA,1997,37910820
United States,USA,1998,35580260
United States,USA,1999,35494292
United States,USA,2000,35983784
United States,USA,2001,35707132
United States,USA,2002,36090860
United States,USA,2003,36137640
United States,USA,2004,36823840
United States,USA,2005,37015476
United States,USA,2006,38003236
United States,USA,2007,38480836
United States,USA,2008,40051550
United States,USA,2009,38602010
United States,USA,2010,40895596
United States,USA,2011,43764344
United States,USA,2012,47492270
United States,USA,2013,53022504
United States,USA,2014,58748228
United States,USA,2015,60574200
United States,USA,2016,51654804
United States,USA,2017,55271772
United States,USA,2018,67921700
United States,USA,2019,84519540
United States,USA,2020,66084984
United States,USA,2021,60220588
United States,USA,2022,58882028
United States,USA,2023,61328160
United States,USA,2024,61328160
Upper-middle-income countries,OWID_UMC,1830,0
Upper-middle-income countries,OWID_UMC,1831,0
Upper-middle-income countries,OWID_UMC,1832,0
Upper-middle-income countries,OWID_UMC,1833,0
Upper-middle-income countries,OWID_UMC,1850,0
Upper-middle-income countries,OWID_UMC,1855,0
Upper-middle-income countries,OWID_UMC,1858,0
Upper-middle-income countries,OWID_UMC,1859,0
Upper-middle-income countries,OWID_UMC,1860,0
Upper-middle-income countries,OWID_UMC,1861,0
Upper-middle-income countries,OWID_UMC,1862,0
Upper-middle-income countries,OWID_UMC,1863,0
Upper-middle-income countries,OWID_UMC,1864,0
Upper-middle-income countries,OWID_UMC,1865,0
Upper-middle-income countries,OWID_UMC,1866,0
Upper-middle-income countries,OWID_UMC,1867,0
Upper-middle-income countries,OWID_UMC,1868,0
Upper-middle-income countries,OWID_UMC,1869,0
Upper-middle-income countries,OWID_UMC,1870,0
Upper-middle-income countries,OWID_UMC,1871,0
Upper-middle-income countries,OWID_UMC,1872,0
Upper-middle-income countries,OWID_UMC,1873,0
Upper-middle-income countries,OWID_UMC,1874,0
Upper-middle-income countries,OWID_UMC,1875,0
Upper-middle-income countries,OWID_UMC,1876,0
Upper-middle-income countries,OWID_UMC,1877,0
Upper-middle-income countries,OWID_UMC,1878,0
Upper-middle-income countries,OWID_UMC,1879,0
Upper-middle-income countries,OWID_UMC,1880,0
Upper-middle-income countries,OWID_UMC,1881,0
Upper-middle-income countries,OWID_UMC,1882,0
Upper-middle-income countries,OWID_UMC,1883,0
Upper-middle-income countries,OWID_UMC,1884,0
Upper-middle-income countries,OWID_UMC,1885,0
Upper-middle-income countries,OWID_UMC,1886,0
Upper-middle-income countries,OWID_UMC,1887,0
Upper-middle-income countries,OWID_UMC,1888,0
Upper-middle-income countries,OWID_UMC,1889,0
Upper-middle-income countries,OWID_UMC,1890,0
Upper-middle-income countries,OWID_UMC,1891,0
Upper-middle-income countries,OWID_UMC,1892,0
Upper-middle-income countries,OWID_UMC,1893,0
Upper-middle-income countries,OWID_UMC,1894,0
Upper-middle-income countries,OWID_UMC,1895,0
Upper-middle-income countries,OWID_UMC,1896,0
Upper-middle-income countries,OWID_UMC,1897,0
Upper-middle-income countries,OWID_UMC,1898,0
Upper-middle-income countries,OWID_UMC,1899,0
Upper-middle-income countries,OWID_UMC,1900,0
Upper-middle-income countries,OWID_UMC,1901,0
Upper-middle-income countries,OWID_UMC,1902,0
Upper-middle-income countries,OWID_UMC,1903,0
Upper-middle-income countries,OWID_UMC,1904,0
Upper-middle-income countries,OWID_UMC,1905,0
Upper-middle-income countries,OWID_UMC,1906,0
Upper-middle-income countries,OWID_UMC,1907,0
Upper-middle-income countries,OWID_UMC,1908,0
Upper-middle-income countries,OWID_UMC,1909,0
Upper-middle-income countries,OWID_UMC,1910,0
Upper-middle-income countries,OWID_UMC,1911,0
Upper-middle-income countries,OWID_UMC,1912,0
Upper-middle-income countries,OWID_UMC,1913,0
Upper-middle-income countries,OWID_UMC,1914,0
Upper-middle-income countries,OWID_UMC,1915,0
Upper-middle-income countries,OWID_UMC,1916,0
Upper-middle-income countries,OWID_UMC,1917,0
Upper-middle-income countries,OWID_UMC,1918,0
Upper-middle-income countries,OWID_UMC,1919,0
Upper-middle-income countries,OWID_UMC,1920,0
Upper-middle-income countries,OWID_UMC,1921,0
Upper-middle-income countries,OWID_UMC,1922,0
Upper-middle-income countries,OWID_UMC,1923,0
Upper-middle-income countries,OWID_UMC,1924,0
Upper-middle-income countries,OWID_UMC,1925,0
Upper-middle-income countries,OWID_UMC,1926,0
Upper-middle-income countries,OWID_UMC,1927,0
Upper-middle-income countries,OWID_UMC,1928,0
Upper-middle-income countries,OWID_UMC,1929,0
Upper-middle-income countries,OWID_UMC,1930,0
Upper-middle-income countries,OWID_UMC,1931,0
Upper-middle-income countries,OWID_UMC,1932,0
Upper-middle-income countries,OWID_UMC,1933,0
Upper-middle-income countries,OWID_UMC,1934,0
Upper-middle-income countries,OWID_UMC,1935,0
Upper-middle-income countries,OWID_UMC,1936,0
Upper-middle-income countries,OWID_UMC,1937,0
Upper-middle-income countries,OWID_UMC,1938,0
Upper-middle-income countries,OWID_UMC,1939,0
Upper-middle-income countries,OWID_UMC,1940,0
Upper-middle-income countries,OWID_UMC,1941,0
Upper-middle-income countries,OWID_UMC,1942,0
Upper-middle-income countries,OWID_UMC,1943,0
Upper-middle-income countries,OWID_UMC,1944,0
Upper-middle-income countries,OWID_UMC,1945,0
Upper-middle-income countries,OWID_UMC,1946,0
Upper-middle-income countries,OWID_UMC,1947,0
Upper-middle-income countries,OWID_UMC,1948,0
Upper-middle-income countries,OWID_UMC,1949,0
Upper-middle-income countries,OWID_UMC,1950,30502800
Upper-middle-income countries,OWID_UMC,1951,37174944
Upper-middle-income countries,OWID_UMC,1952,39563870
Upper-middle-income countries,OWID_UMC,1953,36354200
Upper-middle-income countries,OWID_UMC,1954,38608350
Upper-middle-income countries,OWID_UMC,1955,52963108
Upper-middle-income countries,OWID_UMC,1956,58116076
Upper-middle-income countries,OWID_UMC,1957,58219990
Upper-middle-income countries,OWID_UMC,1958,56096910
Upper-middle-income countries,OWID_UMC,1959,56669310
Upper-middle-income countries,OWID_UMC,1960,54083060
Upper-middle-income countries,OWID_UMC,1961,51766476
Upper-middle-income countries,OWID_UMC,1962,55042640
Upper-middle-income countries,OWID_UMC,1963,54859100
Upper-middle-income countries,OWID_UMC,1964,60820220
Upper-middle-income countries,OWID_UMC,1965,75615290
Upper-middle-income countries,OWID_UMC,1966,86545600
Upper-middle-income countries,OWID_UMC,1967,108027260
Upper-middle-income countries,OWID_UMC,1968,121271090
Upper-middle-income countries,OWID_UMC,1969,128568080
Upper-middle-income countries,OWID_UMC,1970,140130030
Upper-middle-income countries,OWID_UMC,1971,142890480
Upper-middle-income countries,OWID_UMC,1972,144344880
Upper-middle-income countries,OWID_UMC,1973,163521090
Upper-middle-income countries,OWID_UMC,1974,149375460
Upper-middle-income countries,OWID_UMC,1975,130926220
Upper-middle-income countries,OWID_UMC,1976,159186130
Upper-middle-income countries,OWID_UMC,1977,158947090
Upper-middle-income countries,OWID_UMC,1978,166912240
Upper-middle-income countries,OWID_UMC,1979,144293380
Upper-middle-income countries,OWID_UMC,1980,117879784
Upper-middle-income countries,OWID_UMC,1981,91324690
Upper-middle-income countries,OWID_UMC,1982,105423030
Upper-middle-income countries,OWID_UMC,1983,93204344
Upper-middle-income countries,OWID_UMC,1984,82725390
Upper-middle-income countries,OWID_UMC,1985,80314390
Upper-middle-income countries,OWID_UMC,1986,81825944
Upper-middle-income countries,OWID_UMC,1987,73772136
Upper-middle-income countries,OWID_UMC,1988,79368170
Upper-middle-income countries,OWID_UMC,1989,73571830
Upper-middle-income countries,OWID_UMC,1990,97116420
Upper-middle-income countries,OWID_UMC,1991,90038060
Upper-middle-income countries,OWID_UMC,1992,93256660
Upper-middle-income countries,OWID_UMC,1993,92460744
Upper-middle-income countries,OWID_UMC,1994,103306790
Upper-middle-income countries,OWID_UMC,1995,107004290
Upper-middle-income countries,OWID_UMC,1996,114556700
Upper-middle-income countries,OWID_UMC,1997,117233360
Upper-middle-income countries,OWID_UMC,1998,111673490
Upper-middle-income countries,OWID_UMC,1999,109471016
Upper-middle-income countries,OWID_UMC,2000,117267320
Upper-middle-income countries,OWID_UMC,2001,112432616
Upper-middle-income countries,OWID_UMC,2002,104429930
Upper-middle-income countries,OWID_UMC,2003,117351480
Upper-middle-income countries,OWID_UMC,2004,115905050
Upper-middle-income countries,OWID_UMC,2005,119053380
Upper-middle-income countries,OWID_UMC,2006,120838800
Upper-middle-income countries,OWID_UMC,2007,113662220
Upper-middle-income countries,OWID_UMC,2008,120995690
Upper-middle-income countries,OWID_UMC,2009,123115560
Upper-middle-income countries,OWID_UMC,2010,121569760
Upper-middle-income countries,OWID_UMC,2011,137420530
Upper-middle-income countries,OWID_UMC,2012,154800340
Upper-middle-income countries,OWID_UMC,2013,158297180
Upper-middle-income countries,OWID_UMC,2014,164946900
Upper-middle-income countries,OWID_UMC,2015,167336700
Upper-middle-income countries,OWID_UMC,2016,168121150
Upper-middle-income countries,OWID_UMC,2017,167910720
Upper-middle-income countries,OWID_UMC,2018,168894800
Upper-middle-income countries,OWID_UMC,2019,165950820
Upper-middle-income countries,OWID_UMC,2020,161972910
Upper-middle-income countries,OWID_UMC,2021,174398820
Upper-middle-income countries,OWID_UMC,2022,171135200
Upper-middle-income countries,OWID_UMC,2023,178258200
Upper-middle-income countries,OWID_UMC,2024,182458300
Uruguay,URY,1994,0
Uruguay,URY,1995,0
Uruguay,URY,1996,0
Uruguay,URY,1997,0
Uruguay,URY,1998,0
Uruguay,URY,1999,0
Uruguay,URY,2000,0
Uruguay,URY,2001,0
Uruguay,URY,2002,0
Uruguay,URY,2003,0
Uruguay,URY,2004,0
Uruguay,URY,2005,0
Uruguay,URY,2006,0
Uruguay,URY,2007,0
Uruguay,URY,2008,0
Uruguay,URY,2009,0
Uruguay,URY,2010,0
Uruguay,URY,2011,0
Uruguay,URY,2012,0
Uruguay,URY,2013,0
Uruguay,URY,2014,0
Uruguay,URY,2015,0
Uruguay,URY,2016,0
Uruguay,URY,2017,0
Uruguay,URY,2018,0
Uruguay,URY,2019,0
Uruguay,URY,2020,0
Uruguay,URY,2021,0
Uruguay,URY,2022,0
Uruguay,URY,2023,0
Uruguay,URY,2024,0
Uzbekistan,UZB,1830,0
Uzbekistan,UZB,1831,0
Uzbekistan,UZB,1832,0
Uzbekistan,UZB,1833,0
Uzbekistan,UZB,1850,0
Uzbekistan,UZB,1855,0
Uzbekistan,UZB,1858,0
Uzbekistan,UZB,1859,0
Uzbekistan,UZB,1860,0
Uzbekistan,UZB,1861,0
Uzbekistan,UZB,1862,0
Uzbekistan,UZB,1863,0
Uzbekistan,UZB,1864,0
Uzbekistan,UZB,1865,0
Uzbekistan,UZB,1866,0
Uzbekistan,UZB,1867,0
Uzbekistan,UZB,1868,0
Uzbekistan,UZB,1869,0
Uzbekistan,UZB,1870,0
Uzbekistan,UZB,1871,0
Uzbekistan,UZB,1872,0
Uzbekistan,UZB,1873,0
Uzbekistan,UZB,1874,0
Uzbekistan,UZB,1875,0
Uzbekistan,UZB,1876,0
Uzbekistan,UZB,1877,0
Uzbekistan,UZB,1878,0
Uzbekistan,UZB,1879,0
Uzbekistan,UZB,1880,0
Uzbekistan,UZB,1881,0
Uzbekistan,UZB,1882,0
Uzbekistan,UZB,1883,0
Uzbekistan,UZB,1884,0
Uzbekistan,UZB,1885,0
Uzbekistan,UZB,1886,0
Uzbekistan,UZB,1887,0
Uzbekistan,UZB,1888,0
Uzbekistan,UZB,1889,0
Uzbekistan,UZB,1890,0
Uzbekistan,UZB,1891,0
Uzbekistan,UZB,1892,0
Uzbekistan,UZB,1893,0
Uzbekistan,UZB,1894,0
Uzbekistan,UZB,1895,0
Uzbekistan,UZB,1896,0
Uzbekistan,UZB,1897,0
Uzbekistan,UZB,1898,0
Uzbekistan,UZB,1899,0
Uzbekistan,UZB,1900,0
Uzbekistan,UZB,1901,0
Uzbekistan,UZB,1902,0
Uzbekistan,UZB,1903,0
Uzbekistan,UZB,1904,0
Uzbekistan,UZB,1905,0
Uzbekistan,UZB,1906,0
Uzbekistan,UZB,1907,0
Uzbekistan,UZB,1908,0
Uzbekistan,UZB,1909,0
Uzbekistan,UZB,1910,0
Uzbekistan,UZB,1911,0
Uzbekistan,UZB,1912,0
Uzbekistan,UZB,1913,0
Uzbekistan,UZB,1914,0
Uzbekistan,UZB,1915,0
Uzbekistan,UZB,1916,0
Uzbekistan,UZB,1917,0
Uzbekistan,UZB,1918,0
Uzbekistan,UZB,1919,0
Uzbekistan,UZB,1920,0
Uzbekistan,UZB,1921,0
Uzbekistan,UZB,1922,0
Uzbekistan,UZB,1923,0
Uzbekistan,UZB,1924,0
Uzbekistan,UZB,1925,0
Uzbekistan,UZB,1926,0
Uzbekistan,UZB,1927,0
Uzbekistan,UZB,1928,0
Uzbekistan,UZB,1929,0
Uzbekistan,UZB,1930,0
Uzbekistan,UZB,1931,0
Uzbekistan,UZB,1932,0
Uzbekistan,UZB,1933,0
Uzbekistan,UZB,1934,0
Uzbekistan,UZB,1935,0
Uzbekistan,UZB,1936,0
Uzbekistan,UZB,1937,0
Uzbekistan,UZB,1938,0
Uzbekistan,UZB,1939,0
Uzbekistan,UZB,1940,0
Uzbekistan,UZB,1941,0
Uzbekistan,UZB,1942,0
Uzbekistan,UZB,1943,0
Uzbekistan,UZB,1944,0
Uzbekistan,UZB,1945,0
Uzbekistan,UZB,1946,0
Uzbekistan,UZB,1947,0
Uzbekistan,UZB,1948,0
Uzbekistan,UZB,1949,0
Uzbekistan,UZB,1950,0
Uzbekistan,UZB,1951,0
Uzbekistan,UZB,1952,0
Uzbekistan,UZB,1953,0
Uzbekistan,UZB,1954,0
Uzbekistan,UZB,1955,0
Uzbekistan,UZB,1956,0
Uzbekistan,UZB,1957,0
Uzbekistan,UZB,1958,0
Uzbekistan,UZB,1959,0
Uzbekistan,UZB,1960,0
Uzbekistan,UZB,1961,0
Uzbekistan,UZB,1962,0
Uzbekistan,UZB,1963,0
Uzbekistan,UZB,1964,0
Uzbekistan,UZB,1965,0
Uzbekistan,UZB,1966,0
Uzbekistan,UZB,1967,0
Uzbekistan,UZB,1968,0
Uzbekistan,UZB,1969,0
Uzbekistan,UZB,1970,0
Uzbekistan,UZB,1971,1548811
Uzbekistan,UZB,1972,1469587
Uzbekistan,UZB,1973,1715231
Uzbekistan,UZB,1974,1844257
Uzbekistan,UZB,1975,2012589.9
Uzbekistan,UZB,1976,2194462
Uzbekistan,UZB,1977,2332533
Uzbekistan,UZB,1978,2464169
Uzbekistan,UZB,1979,1326529
Uzbekistan,UZB,1980,1336927
Uzbekistan,UZB,1981,1263741
Uzbekistan,UZB,1982,1244559
Uzbekistan,UZB,1983,1197678
Uzbekistan,UZB,1984,1151913
Uzbekistan,UZB,1985,1243221
Uzbekistan,UZB,1986,1087871
Uzbekistan,UZB,1987,997755
Uzbekistan,UZB,1988,2194350
Uzbekistan,UZB,1989,2139779
Uzbekistan,UZB,1990,1415508
Uzbekistan,UZB,1991,1316819
Uzbekistan,UZB,1994,1804989
Uzbekistan,UZB,1995,2139242
Uzbekistan,UZB,1996,2638172
Uzbekistan,UZB,1997,2398259
Uzbekistan,UZB,1998,2475846
Uzbekistan,UZB,1999,1847371
Uzbekistan,UZB,2000,2483297
Uzbekistan,UZB,2001,3634856
Uzbekistan,UZB,2002,5056909
Uzbekistan,UZB,2003,4358447
Uzbekistan,UZB,2004,3979337
Uzbekistan,UZB,2005,5023679
Uzbekistan,UZB,2006,5385387
Uzbekistan,UZB,2007,3919852
Uzbekistan,UZB,2008,4983047
Uzbekistan,UZB,2009,3239518
Uzbekistan,UZB,2010,3509111
Uzbekistan,UZB,2011,3472547
Uzbekistan,UZB,2012,3435983
Uzbekistan,UZB,2013,2808784
Uzbekistan,UZB,2014,2446442
Uzbekistan,UZB,2015,2095484
Uzbekistan,UZB,2016,1857666
Uzbekistan,UZB,2017,1596402
Uzbekistan,UZB,2018,1485622
Uzbekistan,UZB,2019,1172228
Uzbekistan,UZB,2020,1035599.94
Uzbekistan,UZB,2021,881457
Uzbekistan,UZB,2022,823417
Uzbekistan,UZB,2023,743482
Uzbekistan,UZB,2024,829550
Vanuatu,VUT,1994,0
Vanuatu,VUT,1995,0
Vanuatu,VUT,1996,0
Vanuatu,VUT,1997,0
Vanuatu,VUT,1998,0
Vanuatu,VUT,1999,0
Vanuatu,VUT,2000,0
Vanuatu,VUT,2001,0
Vanuatu,VUT,2002,0
Vanuatu,VUT,2003,0
Vanuatu,VUT,2004,0
Vanuatu,VUT,2005,0
Vanuatu,VUT,2006,0
Vanuatu,VUT,2007,0
Vanuatu,VUT,2008,0
Vanuatu,VUT,2009,0
Vanuatu,VUT,2010,0
Vanuatu,VUT,2011,0
Vanuatu,VUT,2012,0
Vanuatu,VUT,2013,0
Vanuatu,VUT,2014,0
Vanuatu,VUT,2015,0
Vanuatu,VUT,2016,0
Vanuatu,VUT,2017,0
Vanuatu,VUT,2018,0
Vanuatu,VUT,2019,0
Vanuatu,VUT,2020,0
Vanuatu,VUT,2021,0
Vanuatu,VUT,2022,0
Vanuatu,VUT,2023,0
Vanuatu,VUT,2024,0
Venezuela,VEN,1950,27817088
Venezuela,VEN,1951,33481632
Venezuela,VEN,1952,35764304
Venezuela,VEN,1953,32638912
Venezuela,VEN,1954,34732236
Venezuela,VEN,1955,36394510
Venezuela,VEN,1956,40660780
Venezuela,VEN,1957,43323136
Venezuela,VEN,1958,38535360
Venezuela,VEN,1959,35682036
Venezuela,VEN,1960,31803520
Venezuela,VEN,1961,29363296
Venezuela,VEN,1962,34183772
Venezuela,VEN,1963,30246320
Venezuela,VEN,1964,31168004
Venezuela,VEN,1965,32083920
Venezuela,VEN,1966,30521120
Venezuela,VEN,1967,35308268
Venezuela,VEN,1968,33696024
Venezuela,VEN,1969,34337184
Venezuela,VEN,1970,36313904
Venezuela,VEN,1971,30398426
Venezuela,VEN,1972,26760288
Venezuela,VEN,1973,26774324
Venezuela,VEN,1974,17199656
Venezuela,VEN,1975,5573264
Venezuela,VEN,1976,6378616
Venezuela,VEN,1977,5921365
Venezuela,VEN,1978,4799840
Venezuela,VEN,1979,5089540
Venezuela,VEN,1980,4887776
Venezuela,VEN,1981,4199111
Venezuela,VEN,1982,3912998
Venezuela,VEN,1983,3796054
Venezuela,VEN,1984,3839872
Venezuela,VEN,1985,3535888
Venezuela,VEN,1986,6071248
Venezuela,VEN,1987,8071791.5
Venezuela,VEN,1988,8152400
Venezuela,VEN,1989,5715840
Venezuela,VEN,1990,7544176
Venezuela,VEN,1991,7544176
Venezuela,VEN,1992,8262319.5
Venezuela,VEN,1993,10790803
Venezuela,VEN,1994,2395333
Venezuela,VEN,1995,4125360
Venezuela,VEN,1996,3990538
Venezuela,VEN,1997,4706978
Venezuela,VEN,1998,5442871
Venezuela,VEN,1999,5189005
Venezuela,VEN,2000,5917772
Venezuela,VEN,2001,4970770
Venezuela,VEN,2002,3807034
Venezuela,VEN,2003,3746174
Venezuela,VEN,2004,4165240.8
Venezuela,VEN,2005,4108357
Venezuela,VEN,2006,3922528
Venezuela,VEN,2007,4224901
Venezuela,VEN,2008,5120319
Venezuela,VEN,2009,5245339
Venezuela,VEN,2010,5328202
Venezuela,VEN,2011,10326511
Venezuela,VEN,2012,15324819
Venezuela,VEN,2013,17401236
Venezuela,VEN,2014,18719568
Venezuela,VEN,2015,17544010
Venezuela,VEN,2016,17425108
Venezuela,VEN,2017,13154857
Venezuela,VEN,2018,15593760
Venezuela,VEN,2019,17937872
Venezuela,VEN,2020,16146835
Venezuela,VEN,2021,15394991
Venezuela,VEN,2022,16190449
Venezuela,VEN,2023,15617441
Venezuela,VEN,2024,15628158
Vietnam,VNM,1892,0
Vietnam,VNM,1893,0
Vietnam,VNM,1894,0
Vietnam,VNM,1895,0
Vietnam,VNM,1896,0
Vietnam,VNM,1897,0
Vietnam,VNM,1898,0
Vietnam,VNM,1899,0
Vietnam,VNM,1900,0
Vietnam,VNM,1901,0
Vietnam,VNM,1902,0
Vietnam,VNM,1903,0
Vietnam,VNM,1904,0
Vietnam,VNM,1905,0
Vietnam,VNM,1906,0
Vietnam,VNM,1907,0
Vietnam,VNM,1908,0
Vietnam,VNM,1909,0
Vietnam,VNM,1910,0
Vietnam,VNM,1911,0
Vietnam,VNM,1912,0
Vietnam,VNM,1913,0
Vietnam,VNM,1914,0
Vietnam,VNM,1915,0
Vietnam,VNM,1916,0
Vietnam,VNM,1917,0
Vietnam,VNM,1918,0
Vietnam,VNM,1919,0
Vietnam,VNM,1920,0
Vietnam,VNM,1921,0
Vietnam,VNM,1922,0
Vietnam,VNM,1923,0
Vietnam,VNM,1924,0
Vietnam,VNM,1925,0
Vietnam,VNM,1926,0
Vietnam,VNM,1927,0
Vietnam,VNM,1928,0
Vietnam,VNM,1929,0
Vietnam,VNM,1930,0
Vietnam,VNM,1931,0
Vietnam,VNM,1932,0
Vietnam,VNM,1933,0
Vietnam,VNM,1934,0
Vietnam,VNM,1935,0
Vietnam,VNM,1936,0
Vietnam,VNM,1937,0
Vietnam,VNM,1938,0
Vietnam,VNM,1939,0
Vietnam,VNM,1940,0
Vietnam,VNM,1941,0
Vietnam,VNM,1942,0
Vietnam,VNM,1943,0
Vietnam,VNM,1944,0
Vietnam,VNM,1945,0
Vietnam,VNM,1946,0
Vietnam,VNM,1947,0
Vietnam,VNM,1948,0
Vietnam,VNM,1949,0
Vietnam,VNM,1950,0
Vietnam,VNM,1951,0
Vietnam,VNM,1952,0
Vietnam,VNM,1953,0
Vietnam,VNM,1954,0
Vietnam,VNM,1955,0
Vietnam,VNM,1956,0
Vietnam,VNM,1957,0
Vietnam,VNM,1958,0
Vietnam,VNM,1959,0
Vietnam,VNM,1960,0
Vietnam,VNM,1961,0
Vietnam,VNM,1962,0
Vietnam,VNM,1963,0
Vietnam,VNM,1964,0
Vietnam,VNM,1965,0
Vietnam,VNM,1966,0
Vietnam,VNM,1967,0
Vietnam,VNM,1968,0
Vietnam,VNM,1969,0
Vietnam,VNM,1970,0
Vietnam,VNM,1971,0
Vietnam,VNM,1972,0
Vietnam,VNM,1973,0
Vietnam,VNM,1974,0
Vietnam,VNM,1975,0
Vietnam,VNM,1976,0
Vietnam,VNM,1977,0
Vietnam,VNM,1978,0
Vietnam,VNM,1979,0
Vietnam,VNM,1980,0
Vietnam,VNM,1981,0
Vietnam,VNM,1982,0
Vietnam,VNM,1983,0
Vietnam,VNM,1984,0
Vietnam,VNM,1985,0
Vietnam,VNM,1986,0
Vietnam,VNM,1987,0
Vietnam,VNM,1988,223539
Vietnam,VNM,1989,571584
Vietnam,VNM,1990,0
Vietnam,VNM,1991,0
Vietnam,VNM,1992,0
Vietnam,VNM,1993,0
Vietnam,VNM,1994,1193291
Vietnam,VNM,1995,1392123
Vietnam,VNM,1996,1275054
Vietnam,VNM,1997,985208
Vietnam,VNM,1998,1074897
Vietnam,VNM,1999,1658490
Vietnam,VNM,2000,1334513
Vietnam,VNM,2001,1329788
Vietnam,VNM,2002,1028340
Vietnam,VNM,2003,1213869
Vietnam,VNM,2004,1195741
Vietnam,VNM,2005,1151834
Vietnam,VNM,2006,1026514.06
Vietnam,VNM,2007,1067521
Vietnam,VNM,2008,975806
Vietnam,VNM,2009,1050518
Vietnam,VNM,2010,978707
Vietnam,VNM,2011,1333301
Vietnam,VNM,2012,1687895
Vietnam,VNM,2013,1953489
Vietnam,VNM,2014,1907003
Vietnam,VNM,2015,1818475
Vietnam,VNM,2016,1565538
Vietnam,VNM,2017,1732835
Vietnam,VNM,2018,1373005
Vietnam,VNM,2019,1452613
Vietnam,VNM,2020,1256760
Vietnam,VNM,2021,994693
Vietnam,VNM,2022,1110279
Vietnam,VNM,2023,1259224
Vietnam,VNM,2024,1129147
Wallis and Futuna,WLF,1994,0
Wallis and Futuna,WLF,1995,0
Wallis and Futuna,WLF,1996,0
Wallis and Futuna,WLF,1997,0
Wallis and Futuna,WLF,1998,0
Wallis and Futuna,WLF,1999,0
Wallis and Futuna,WLF,2000,0
Wallis and Futuna,WLF,2001,0
Wallis and Futuna,WLF,2002,0
Wallis and Futuna,WLF,2003,0
Wallis and Futuna,WLF,2004,0
Wallis and Futuna,WLF,2005,0
Wallis and Futuna,WLF,2006,0
Wallis and Futuna,WLF,2007,0
Wallis and Futuna,WLF,2008,0
Wallis and Futuna,WLF,2009,0
Wallis and Futuna,WLF,2010,0
Wallis and Futuna,WLF,2011,0
Wallis and Futuna,WLF,2012,0
Wallis and Futuna,WLF,2013,0
Wallis and Futuna,WLF,2014,0
Wallis and Futuna,WLF,2015,0
Wallis and Futuna,WLF,2016,0
Wallis and Futuna,WLF,2017,0
Wallis and Futuna,WLF,2018,0
Wallis and Futuna,WLF,2019,0
Wallis and Futuna,WLF,2020,0
Wallis and Futuna,WLF,2021,0
Wallis and Futuna,WLF,2022,0
Wallis and Futuna,WLF,2023,0
Wallis and Futuna,WLF,2024,0
World,OWID_WRL,1950,73624420
World,OWID_WRL,1951,79875256
World,OWID_WRL,1952,85363810
World,OWID_WRL,1953,81348060
World,OWID_WRL,1954,77615240
World,OWID_WRL,1955,96835890
World,OWID_WRL,1956,108173704
World,OWID_WRL,1957,106383320
World,OWID_WRL,1958,95114850
World,OWID_WRL,1959,91693490
World,OWID_WRL,1960,89140150
World,OWID_WRL,1961,86219070
World,OWID_WRL,1962,85930820
World,OWID_WRL,1963,90506160
World,OWID_WRL,1964,112791864
World,OWID_WRL,1965,130442740
World,OWID_WRL,1966,144566080
World,OWID_WRL,1967,190782960
World,OWID_WRL,1968,203800270
World,OWID_WRL,1969,244034750
World,OWID_WRL,1970,277746720
World,OWID_WRL,1971,321473020
World,OWID_WRL,1972,346914460
World,OWID_WRL,1973,402186050
World,OWID_WRL,1974,391389300
World,OWID_WRL,1975,336727900
World,OWID_WRL,1976,395431170
World,OWID_WRL,1977,381487420
World,OWID_WRL,1978,390189020
World,OWID_WRL,1979,360159400
World,OWID_WRL,1980,316456000
World,OWID_WRL,1981,237177460
World,OWID_WRL,1982,235582640
World,OWID_WRL,1983,212848300
World,OWID_WRL,1984,186752770
World,OWID_WRL,1985,181448560
World,OWID_WRL,1986,169669860
World,OWID_WRL,1987,163009150
World,OWID_WRL,1988,185629280
World,OWID_WRL,1989,150972800
World,OWID_WRL,1990,256787700
World,OWID_WRL,1991,272160100
World,OWID_WRL,1992,239793840
World,OWID_WRL,1993,232440200
World,OWID_WRL,1994,312926880
World,OWID_WRL,1995,324364450
World,OWID_WRL,1996,348548260
World,OWID_WRL,1997,350779680
World,OWID_WRL,1998,334981700
World,OWID_WRL,1999,328418300
World,OWID_WRL,2000,345576350
World,OWID_WRL,2001,334075800
World,OWID_WRL,2002,323111260
World,OWID_WRL,2003,343438980
World,OWID_WRL,2004,341454000
World,OWID_WRL,2005,346551870
World,OWID_WRL,2006,346573100
World,OWID_WRL,2007,342250500
World,OWID_WRL,2008,333685950
World,OWID_WRL,2009,328635740
World,OWID_WRL,2010,339740800
World,OWID_WRL,2011,356250880
World,OWID_WRL,2012,374058800
World,OWID_WRL,2013,382017120
World,OWID_WRL,2014,383772220
World,OWID_WRL,2015,381193660
World,OWID_WRL,2016,371508200
World,OWID_WRL,2017,384212260
World,OWID_WRL,2018,404040860
World,OWID_WRL,2019,432391870
World,OWID_WRL,2020,400001280
World,OWID_WRL,2021,402216200
World,OWID_WRL,2022,398871140
World,OWID_WRL,2023,411342720
World,OWID_WRL,2024,415707650
Yemen,YEM,1994,928048
Yemen,YEM,1995,710364
Yemen,YEM,1996,776274
Yemen,YEM,1997,855512
Yemen,YEM,1998,778325
Yemen,YEM,1999,963729
Yemen,YEM,2000,1231622
Yemen,YEM,2001,1060470
Yemen,YEM,2002,1027063.94
Yemen,YEM,2003,1400174
Yemen,YEM,2004,1330138
Yemen,YEM,2005,1867199
Yemen,YEM,2006,2706083
Yemen,YEM,2007,2851581
Yemen,YEM,2008,2381831
Yemen,YEM,2009,2525304
Yemen,YEM,2010,2562810
Yemen,YEM,2011,2325136
Yemen,YEM,2012,2087461
Yemen,YEM,2013,2184102
Yemen,YEM,2014,2260902
Yemen,YEM,2015,1251605
Yemen,YEM,2016,633359
Yemen,YEM,2017,765367
Yemen,YEM,2018,928708
Yemen,YEM,2019,1343085
Yemen,YEM,2020,1639538
Yemen,YEM,2021,1767968
Yemen,YEM,2022,1367732
Yemen,YEM,2023,840555
Yemen,YEM,2024,703552
Zambia,ZMB,1950,0
Zambia,ZMB,1951,0
Zambia,ZMB,1952,0
Zambia,ZMB,1953,0
Zambia,ZMB,1954,0
Zambia,ZMB,1955,0
Zambia,ZMB,1956,0
Zambia,ZMB,1957,0
Zambia,ZMB,1958,0
Zambia,ZMB,1959,0
Zambia,ZMB,1960,0
Zambia,ZMB,1961,0
Zambia,ZMB,1962,0
Zambia,ZMB,1963,0
Zambia,ZMB,1994,0
Zambia,ZMB,1995,0
Zambia,ZMB,1996,0
Zambia,ZMB,1997,0
Zambia,ZMB,1998,0
Zambia,ZMB,1999,0
Zambia,ZMB,2000,0
Zambia,ZMB,2001,0
Zambia,ZMB,2002,0
Zambia,ZMB,2003,0
Zambia,ZMB,2004,0
Zambia,ZMB,2005,0
Zambia,ZMB,2006,0
Zambia,ZMB,2007,0
Zambia,ZMB,2008,0
Zambia,ZMB,2009,0
Zambia,ZMB,2010,0
Zambia,ZMB,2011,0
Zambia,ZMB,2012,0
Zambia,ZMB,2013,0
Zambia,ZMB,2014,0
Zambia,ZMB,2015,0
Zambia,ZMB,2016,0
Zambia,ZMB,2017,0
Zambia,ZMB,2018,0
Zambia,ZMB,2019,0
Zambia,ZMB,2020,0
Zambia,ZMB,2021,0
Zambia,ZMB,2022,0
Zambia,ZMB,2023,0
Zambia,ZMB,2024,0
Zimbabwe,ZWE,1950,0
Zimbabwe,ZWE,1951,0
Zimbabwe,ZWE,1952,0
Zimbabwe,ZWE,1953,0
Zimbabwe,ZWE,1954,0
Zimbabwe,ZWE,1955,0
Zimbabwe,ZWE,1956,0
Zimbabwe,ZWE,1957,0
Zimbabwe,ZWE,1958,0
Zimbabwe,ZWE,1959,0
Zimbabwe,ZWE,1960,0
Zimbabwe,ZWE,1961,0
Zimbabwe,ZWE,1962,0
Zimbabwe,ZWE,1963,0
Zimbabwe,ZWE,1994,0
Zimbabwe,ZWE,1995,0
Zimbabwe,ZWE,1996,0
Zimbabwe,ZWE,1997,0
Zimbabwe,ZWE,1998,0
Zimbabwe,ZWE,1999,0
Zimbabwe,ZWE,2000,0
Zimbabwe,ZWE,2001,0
Zimbabwe,ZWE,2002,0
Zimbabwe,ZWE,2003,0
Zimbabwe,ZWE,2004,0
Zimbabwe,ZWE,2005,0
Zimbabwe,ZWE,2006,0
Zimbabwe,ZWE,2007,0
Zimbabwe,ZWE,2008,0
Zimbabwe,ZWE,2009,0
Zimbabwe,ZWE,2010,0
Zimbabwe,ZWE,2011,0
Zimbabwe,ZWE,2012,0
Zimbabwe,ZWE,2013,0
Zimbabwe,ZWE,2014,0
Zimbabwe,ZWE,2015,0
Zimbabwe,ZWE,2016,0
Zimbabwe,ZWE,2017,0
Zimbabwe,ZWE,2018,0
Zimbabwe,ZWE,2019,0
Zimbabwe,ZWE,2020,0
Zimbabwe,ZWE,2021,0
Zimbabwe,ZWE,2022,0
Zimbabwe,ZWE,2023,0
Zimbabwe,ZWE,2024,0